date,hs,partner_code,country,iso3,tonnes,fob_usd,qty_estimated,usd_per_t,qty_imputed
2018-01-01,7601,0,World,W00,212323.540,501949700.656,False,2364.079,False
2018-01-01,7601,842,USA,USA,169891.101,407066220.566,False,2396.042,False
2018-01-01,7601,380,Italy,ITA,10483.100,20965121.951,False,1999.897,False
2018-01-01,7601,484,Mexico,MEX,9612.547,23567229.150,False,2451.715,False
2018-01-01,7601,392,Japan,JPN,8785.067,20734398.827,False,2360.187,False
2018-01-01,7601,410,Rep. of Korea,KOR,6476.073,14235704.067,False,2198.200,False
2018-01-01,7601,528,Netherlands,NLD,6393.220,13425043.422,False,2099.888,False
2018-01-01,7601,826,United Kingdom,GBR,593.883,1699427.668,False,2861.553,False
2018-01-01,7601,699,India,IND,46.706,140766.573,False,3013.886,False
2018-01-01,7601,156,China,CHN,41.843,115788.432,False,2767.212,False
2018-02-01,7601,0,World,W00,212828.957,521024219.404,False,2448.089,False
2018-02-01,7601,842,USA,USA,168087.547,419311421.338,False,2494.601,False
2018-02-01,7601,528,Netherlands,NLD,18941.500,40127869.861,False,2118.516,False
2018-02-01,7601,392,Japan,JPN,11544.500,26566842.449,False,2301.255,False
2018-02-01,7601,484,Mexico,MEX,8960.994,23038548.619,False,2570.981,False
2018-02-01,7601,410,Rep. of Korea,KOR,4692.205,10247010.939,False,2183.837,False
2018-02-01,7601,826,United Kingdom,GBR,527.479,1514392.240,False,2871.000,False
2018-02-01,7601,76,Brazil,BRA,42.237,127712.782,False,3023.718,False
2018-02-01,7601,699,India,IND,23.223,71268.471,False,3068.874,False
2018-02-01,7601,344,"China, Hong Kong SAR",HKG,9.272,19152.706,False,2065.650,False
2018-03-01,7601,0,World,W00,224330.632,554423079.380,True,2471.455,False
2018-03-01,7601,842,USA,USA,183525.484,460077013.547,True,2506.884,False
2018-03-01,7601,528,Netherlands,NLD,13505.300,28627148.177,False,2119.697,False
2018-03-01,7601,484,Mexico,MEX,10879.275,28074667.651,False,2580.564,False
2018-03-01,7601,392,Japan,JPN,9210.876,21479672.708,False,2331.990,False
2018-03-01,7601,410,Rep. of Korea,KOR,6476.615,14153599.308,False,2185.339,False
2018-03-01,7601,826,United Kingdom,GBR,443.482,1350730.368,False,3045.739,False
2018-03-01,7601,251,France,FRA,197.837,383285.984,False,1937.383,False
2018-03-01,7601,699,India,IND,46.059,148781.869,False,3230.245,False
2018-03-01,7601,792,Türkiye,TUR,42.669,121842.801,False,2855.534,False
2018-03-01,7601,156,China,CHN,1.540,3180.854,False,2065.490,False
2018-03-01,7601,400,Jordan,JOR,1.487,3139.103,False,2111.031,False
2018-03-01,7601,32,Argentina,ARG,0.008,17.010,False,2126.250,False
2018-04-01,7601,0,World,W00,258751.318,637280551.253,False,2462.907,False
2018-04-01,7601,842,USA,USA,208732.064,519315379.964,False,2487.952,False
2018-04-01,7601,528,Netherlands,NLD,20915.100,43645764.294,False,2086.806,False
2018-04-01,7601,484,Mexico,MEX,12833.792,34239296.062,False,2667.902,False
2018-04-01,7601,392,Japan,JPN,9939.380,24836120.997,False,2498.760,False
2018-04-01,7601,410,Rep. of Korea,KOR,5114.880,12131678.683,False,2371.840,False
2018-04-01,7601,826,United Kingdom,GBR,585.079,1787356.259,False,3054.897,False
2018-04-01,7601,352,Iceland,ISL,508.516,965351.473,False,1898.370,False
2018-04-01,7601,156,China,CHN,96.124,287765.951,False,2993.695,False
2018-04-01,7601,699,India,IND,19.268,57300.801,False,2973.884,False
2018-04-01,7601,344,"China, Hong Kong SAR",HKG,7.115,14536.769,False,2043.116,False
2018-05-01,7601,0,World,W00,243055.223,616035354.667,True,2534.549,True
2018-05-01,7601,842,USA,USA,213265.297,549725416.625,True,2577.660,True
2018-05-01,7601,392,Japan,JPN,10452.050,26505393.383,False,2535.904,False
2018-05-01,7601,484,Mexico,MEX,9496.060,27056250.208,False,2849.208,False
2018-05-01,7601,410,Rep. of Korea,KOR,4003.835,9672677.565,False,2415.853,False
2018-05-01,7601,251,France,FRA,503.561,1090133.034,False,2164.848,False
2018-05-01,7601,826,United Kingdom,GBR,426.583,1367831.562,False,3206.484,False
2018-05-01,7601,528,Netherlands,NLD,123.590,217996.297,False,1763.867,False
2018-05-01,7601,458,Malaysia,MYS,46.923,94814.789,False,2020.646,False
2018-05-01,7601,699,India,IND,44.924,151785.265,False,3378.712,False
2018-05-01,7601,156,China,CHN,43.135,135766.229,False,3147.473,False
2018-05-01,7601,344,"China, Hong Kong SAR",HKG,8.556,17289.710,False,2020.770,False
2018-06-01,7601,0,World,W00,238902.642,623196283.942,True,2608.578,True
2018-06-01,7601,842,USA,USA,194446.343,519241362.499,True,2670.358,True
2018-06-01,7601,528,Netherlands,NLD,16530.600,38220455.742,False,2312.103,False
2018-06-01,7601,392,Japan,JPN,10711.310,26520502.873,False,2475.935,False
2018-06-01,7601,484,Mexico,MEX,8808.728,25270222.515,False,2868.771,False
2018-06-01,7601,410,Rep. of Korea,KOR,4623.510,11108485.919,False,2402.609,False
2018-06-01,7601,251,France,FRA,593.308,1298715.596,False,2188.940,False
2018-06-01,7601,826,United Kingdom,GBR,291.806,960539.676,False,3291.706,False
2018-06-01,7601,156,China,CHN,185.130,570702.243,False,3082.711,False
2018-06-01,7601,344,"China, Hong Kong SAR",HKG,1.820,3605.656,False,1981.130,False
2018-06-01,7601,276,Germany,DEU,0.813,1691.222,False,2080.224,False
2018-07-01,7601,0,World,W00,222816.296,597196675.530,False,2680.220,False
2018-07-01,7601,842,USA,USA,183477.147,506409021.495,False,2760.066,False
2018-07-01,7601,528,Netherlands,NLD,15887.300,31811576.012,False,2002.327,False
2018-07-01,7601,392,Japan,JPN,11456.050,26822899.326,False,2341.374,False
2018-07-01,7601,484,Mexico,MEX,8540.528,23565548.185,False,2759.261,False
2018-07-01,7601,410,Rep. of Korea,KOR,2486.555,5606102.955,False,2254.566,False
2018-07-01,7601,826,United Kingdom,GBR,443.237,1437294.647,False,3242.723,False
2018-07-01,7601,156,China,CHN,362.259,1138251.863,False,3142.094,False
2018-07-01,7601,380,Italy,ITA,114.893,227550.287,False,1980.541,False
2018-07-01,7601,699,India,IND,43.630,152480.157,False,3494.847,False
2018-07-01,7601,344,"China, Hong Kong SAR",HKG,3.241,6418.718,False,1980.475,False
2018-07-01,7601,12,Algeria,DZA,1.269,2514.322,False,1981.341,False
2018-07-01,7601,724,Spain,ESP,0.103,16842.374,False,163518.194,False
2018-07-01,7601,56,Belgium,BEL,0.084,175.188,False,2085.571,False
2018-08-01,7601,0,World,W00,216296.977,538941068.442,False,2491.672,False
2018-08-01,7601,842,USA,USA,152151.132,394076847.570,False,2590.036,False
2018-08-01,7601,528,Netherlands,NLD,38881.000,87826625.718,False,2258.857,False
2018-08-01,7601,380,Italy,ITA,10484.781,20967652.658,False,1999.818,False
2018-08-01,7601,484,Mexico,MEX,7237.157,18841665.040,False,2603.462,False
2018-08-01,7601,410,Rep. of Korea,KOR,4009.200,8671703.682,False,2162.951,False
2018-08-01,7601,392,Japan,JPN,3149.964,7396070.010,False,2347.986,False
2018-08-01,7601,826,United Kingdom,GBR,329.836,1012147.572,False,3068.639,False
2018-08-01,7601,699,India,IND,22.632,72992.621,False,3225.195,False
2018-08-01,7601,344,"China, Hong Kong SAR",HKG,17.686,35259.076,False,1993.615,False
2018-08-01,7601,156,China,CHN,13.534,39989.475,False,2954.742,False
2018-08-01,7601,757,Switzerland,CHE,0.055,115.020,False,2091.273,False
2018-09-01,7601,0,World,W00,210935.559,489629521.571,False,2321.228,False
2018-09-01,7601,842,USA,USA,160127.925,385667702.348,False,2408.497,False
2018-09-01,7601,528,Netherlands,NLD,20463.752,32731184.457,False,1599.471,False
2018-09-01,7601,392,Japan,JPN,16134.780,36317399.726,False,2250.877,False
2018-09-01,7601,484,Mexico,MEX,8293.508,21629824.658,False,2608.043,False
2018-09-01,7601,410,Rep. of Korea,KOR,5077.960,11093947.548,False,2184.725,False
2018-09-01,7601,826,United Kingdom,GBR,441.474,1343548.847,False,3043.325,False
2018-09-01,7601,352,Iceland,ISL,312.137,614651.462,False,1969.172,False
2018-09-01,7601,156,China,CHN,67.747,198432.460,False,2929.022,False
2018-09-01,7601,344,"China, Hong Kong SAR",HKG,11.589,23111.985,False,1994.304,False
2018-09-01,7601,643,Russian Federation,RUS,3.706,7762.037,False,2094.451,False
2018-09-01,7601,276,Germany,DEU,0.981,1956.043,False,1993.928,False
2018-10-01,7601,0,World,W00,213862.394,475352971.549,False,2222.705,False
2018-10-01,7601,842,USA,USA,152487.616,341494424.449,False,2239.490,False
2018-10-01,7601,528,Netherlands,NLD,35035.700,73256526.249,False,2090.911,False
2018-10-01,7601,392,Japan,JPN,13247.590,28016058.181,False,2114.804,False
2018-10-01,7601,484,Mexico,MEX,10450.600,26758400.201,False,2560.465,False
2018-10-01,7601,410,Rep. of Korea,KOR,2132.310,4401672.263,False,2064.274,False
2018-10-01,7601,826,United Kingdom,GBR,166.775,519481.964,False,3114.867,False
2018-10-01,7601,156,China,CHN,124.339,394095.252,False,3169.522,False
2018-10-01,7601,352,Iceland,ISL,105.351,189269.516,False,1796.561,False
2018-10-01,7601,699,India,IND,82.014,262757.070,False,3203.808,False
2018-10-01,7601,170,Colombia,COL,20.650,41182.976,False,1994.333,False
2018-10-01,7601,344,"China, Hong Kong SAR",HKG,7.251,14491.673,False,1998.576,False
2018-10-01,7601,660,Anguilla,AIA,2.198,4611.755,False,2098.160,False
2018-11-01,7601,0,World,W00,196572.898,453834903.877,False,2308.736,False
2018-11-01,7601,842,USA,USA,153686.703,359954897.260,False,2342.134,False
2018-11-01,7601,528,Netherlands,NLD,22845.500,47900932.074,False,2096.734,False
2018-11-01,7601,484,Mexico,MEX,10119.232,25881504.785,False,2557.655,False
2018-11-01,7601,392,Japan,JPN,7251.100,14344793.899,False,1978.292,False
2018-11-01,7601,410,Rep. of Korea,KOR,2205.525,4318652.566,False,1958.106,False
2018-11-01,7601,826,United Kingdom,GBR,319.447,956217.310,False,2993.352,False
2018-11-01,7601,376,Israel,ISR,91.944,320966.851,False,3490.895,False
2018-11-01,7601,699,India,IND,20.659,64339.748,False,3114.369,False
2018-11-01,7601,156,China,CHN,20.429,68249.987,False,3340.838,False
2018-11-01,7601,344,"China, Hong Kong SAR",HKG,8.361,16470.582,False,1969.930,False
2018-11-01,7601,56,Belgium,BEL,2.631,5182.335,False,1969.721,False
2018-11-01,7601,32,Argentina,ARG,1.302,2563.892,False,1969.195,False
2018-11-01,7601,276,Germany,DEU,0.055,113.648,False,2066.327,False
2018-11-01,7601,480,Mauritius,MUS,0.010,18.941,False,1894.100,False
2018-12-01,7601,0,World,W00,201824.872,442438276.450,False,2192.189,False
2018-12-01,7601,842,USA,USA,158552.870,360241737.150,False,2272.061,False
2018-12-01,7601,528,Netherlands,NLD,15772.000,22365194.443,False,1418.032,False
2018-12-01,7601,392,Japan,JPN,14061.690,28137132.776,False,2000.978,False
2018-12-01,7601,484,Mexico,MEX,10871.134,25948895.402,False,2386.954,False
2018-12-01,7601,410,Rep. of Korea,KOR,1806.070,3654509.189,False,2023.459,False
2018-12-01,7601,826,United Kingdom,GBR,485.290,1449902.520,False,2987.703,False
2018-12-01,7601,352,Iceland,ISL,201.722,420869.936,False,2086.386,False
2018-12-01,7601,156,China,CHN,41.015,128860.156,False,3141.781,False
2018-12-01,7601,699,India,IND,21.418,68542.366,False,3200.223,False
2018-12-01,7601,344,"China, Hong Kong SAR",HKG,11.663,22632.512,False,1940.539,False
2019-01-01,7601,0,World,W00,166170.213,348879410.258,False,2099.530,False
2019-01-01,7601,842,USA,USA,119742.849,273502441.025,False,2284.082,False
2019-01-01,7601,528,Netherlands,NLD,24499.580,43350003.271,False,1769.418,False
2019-01-01,7601,484,Mexico,MEX,15621.776,19287554.500,False,1234.658,False
2019-01-01,7601,392,Japan,JPN,4605.770,8934305.906,False,1939.807,False
2019-01-01,7601,410,Rep. of Korea,KOR,1179.650,2264635.124,False,1919.752,False
2019-01-01,7601,826,United Kingdom,GBR,387.648,1106838.169,False,2855.266,False
2019-01-01,7601,376,Israel,ISR,70.224,245054.990,False,3489.619,False
2019-01-01,7601,699,India,IND,62.631,188405.135,False,3008.177,False
2019-01-01,7601,724,Spain,ESP,0.085,172.138,False,2025.153,False
2019-02-01,7601,0,World,W00,184526.682,384832483.136,False,2085.511,False
2019-02-01,7601,842,USA,USA,151173.764,327297801.871,False,2165.044,False
2019-02-01,7601,528,Netherlands,NLD,16238.680,29823150.111,False,1836.550,False
2019-02-01,7601,484,Mexico,MEX,9602.322,12726163.394,False,1325.321,False
2019-02-01,7601,410,Rep. of Korea,KOR,5094.620,9503472.687,False,1865.394,False
2019-02-01,7601,392,Japan,JPN,1619.255,3245639.351,False,2004.403,False
2019-02-01,7601,826,United Kingdom,GBR,588.248,1661190.215,False,2823.962,False
2019-02-01,7601,376,Israel,ISR,64.867,220471.298,False,3398.821,False
2019-02-01,7601,380,Italy,ITA,51.282,106015.840,False,2067.311,False
2019-02-01,7601,699,India,IND,44.447,132013.196,False,2970.126,False
2019-02-01,7601,490,"Other Asia, nes",S19,24.311,47335.315,False,1947.074,False
2019-02-01,7601,554,New Zealand,NZL,20.366,60326.799,False,2962.133,False
2019-02-01,7601,344,"China, Hong Kong SAR",HKG,4.388,8639.534,False,1968.900,False
2019-02-01,7601,196,Cyprus,CYP,0.074,149.937,False,2026.176,False
2019-02-01,7601,796,Turks and Caicos Isds,TCA,0.058,113.588,False,1958.414,False
2019-03-01,7601,0,World,W00,204709.256,416958467.723,False,2036.833,False
2019-03-01,7601,842,USA,USA,137197.848,303174072.324,False,2209.758,False
2019-03-01,7601,528,Netherlands,NLD,48349.300,86992096.561,False,1799.242,False
2019-03-01,7601,484,Mexico,MEX,17110.416,22150802.747,False,1294.580,False
2019-03-01,7601,392,Japan,JPN,1468.875,2961024.325,False,2015.845,False
2019-03-01,7601,826,United Kingdom,GBR,488.180,1408923.572,False,2886.074,False
2019-03-01,7601,699,India,IND,67.797,199009.340,False,2935.371,False
2019-03-01,7601,156,China,CHN,24.450,67888.545,False,2776.628,False
2019-03-01,7601,344,"China, Hong Kong SAR",HKG,2.374,4618.884,False,1945.612,False
2019-03-01,7601,251,France,FRA,0.016,31.426,False,1964.125,False
2019-04-01,7601,0,World,W00,204387.817,429582700.635,False,2101.802,False
2019-04-01,7601,842,USA,USA,164789.618,359794876.444,False,2183.359,False
2019-04-01,7601,528,Netherlands,NLD,14269.500,28075738.471,False,1967.535,False
2019-04-01,7601,484,Mexico,MEX,14103.926,19577425.778,False,1388.083,False
2019-04-01,7601,410,Rep. of Korea,KOR,8997.180,17274823.043,False,1920.026,False
2019-04-01,7601,392,Japan,JPN,1646.305,3247284.827,False,1972.469,False
2019-04-01,7601,826,United Kingdom,GBR,409.793,1163610.882,False,2839.509,False
2019-04-01,7601,156,China,CHN,71.778,200924.933,False,2799.255,False
2019-04-01,7601,792,Türkiye,TUR,42.081,106587.502,False,2532.913,False
2019-04-01,7601,604,Peru,PER,23.623,55250.562,False,2338.846,False
2019-04-01,7601,699,India,IND,20.420,59739.936,False,2925.560,False
2019-04-01,7601,136,Cayman Isds,CYM,8.308,16164.440,False,1945.648,False
2019-04-01,7601,344,"China, Hong Kong SAR",HKG,5.285,10273.818,False,1943.958,False
2019-05-01,7601,0,World,W00,163297.332,339260535.695,False,2077.563,False
2019-05-01,7601,842,USA,USA,117805.624,262206590.870,False,2225.756,False
2019-05-01,7601,484,Mexico,MEX,17930.293,25435792.962,False,1418.593,False
2019-05-01,7601,528,Netherlands,NLD,17311.000,31914779.077,False,1843.613,False
2019-05-01,7601,410,Rep. of Korea,KOR,4708.280,8903893.933,False,1891.114,False
2019-05-01,7601,392,Japan,JPN,3255.690,6208651.870,False,1907.016,False
2019-05-01,7601,352,Iceland,ISL,1671.100,2865402.873,False,1714.681,False
2019-05-01,7601,826,United Kingdom,GBR,412.501,1203685.242,False,2918.018,False
2019-05-01,7601,156,China,CHN,89.969,196426.322,False,2183.267,False
2019-05-01,7601,792,Türkiye,TUR,69.794,182305.071,False,2612.045,False
2019-05-01,7601,699,India,IND,39.832,113970.016,False,2861.268,False
2019-05-01,7601,344,"China, Hong Kong SAR",HKG,3.249,29037.458,False,8937.352,False
2019-06-01,7601,0,World,W00,214290.050,451075007.606,False,2104.974,False
2019-06-01,7601,842,USA,USA,175926.049,389163454.088,False,2212.085,False
2019-06-01,7601,484,Mexico,MEX,17615.012,23230005.834,False,1318.762,False
2019-06-01,7601,528,Netherlands,NLD,17387.400,32183853.367,False,1850.987,False
2019-06-01,7601,352,Iceland,ISL,2546.370,4327772.134,False,1699.585,False
2019-06-01,7601,826,United Kingdom,GBR,524.872,1443554.774,False,2750.299,False
2019-06-01,7601,156,China,CHN,125.426,337085.527,False,2687.525,False
2019-06-01,7601,376,Israel,ISR,73.478,155558.774,False,2117.080,False
2019-06-01,7601,792,Türkiye,TUR,64.049,160324.901,False,2503.160,False
2019-06-01,7601,699,India,IND,21.087,61238.675,False,2904.096,False
2019-06-01,7601,251,France,FRA,6.277,12124.913,False,1931.641,False
2019-06-01,7601,392,Japan,JPN,0.030,34.619,False,1153.967,False
2019-07-01,7601,0,World,W00,277332.975,576456766.002,False,2078.573,False
2019-07-01,7601,842,USA,USA,227120.258,496104966.526,False,2184.327,False
2019-07-01,7601,484,Mexico,MEX,24145.914,32583987.841,False,1349.462,False
2019-07-01,7601,528,Netherlands,NLD,20075.262,36407585.098,False,1813.555,False
2019-07-01,7601,410,Rep. of Korea,KOR,2390.265,4534326.133,False,1896.997,False
2019-07-01,7601,392,Japan,JPN,1983.000,3865956.408,False,1949.549,False
2019-07-01,7601,724,Spain,ESP,1109.840,1593712.396,False,1435.984,False
2019-07-01,7601,826,United Kingdom,GBR,412.943,1149046.999,False,2782.580,False
2019-07-01,7601,156,China,CHN,62.656,168755.938,False,2693.372,False
2019-07-01,7601,704,Viet Nam,VNM,23.234,29480.705,False,1268.861,False
2019-07-01,7601,344,"China, Hong Kong SAR",HKG,4.885,9691.074,False,1983.843,False
2019-07-01,7601,608,Philippines,PHL,3.746,7327.826,False,1956.174,False
2019-07-01,7601,458,Malaysia,MYS,0.972,1929.058,False,1984.628,False
2019-08-01,7601,0,World,W00,232691.272,485167000.809,False,2085.024,False
2019-08-01,7601,842,USA,USA,188685.979,415887630.629,False,2204.126,False
2019-08-01,7601,484,Mexico,MEX,22457.620,28543757.938,False,1271.005,False
2019-08-01,7601,528,Netherlands,NLD,16222.311,30722784.987,False,1893.860,False
2019-08-01,7601,392,Japan,JPN,2692.930,5078255.817,False,1885.773,False
2019-08-01,7601,410,Rep. of Korea,KOR,2529.785,4667591.935,False,1845.055,False
2019-08-01,7601,826,United Kingdom,GBR,87.962,236601.242,False,2689.812,False
2019-08-01,7601,344,"China, Hong Kong SAR",HKG,11.345,22217.285,False,1958.333,False
2019-08-01,7601,156,China,CHN,3.096,7669.132,False,2477.110,False
2019-08-01,7601,490,"Other Asia, nes",S19,0.172,341.955,False,1988.110,False
2019-08-01,7601,36,Australia,AUS,0.072,149.888,False,2081.778,False
2019-09-01,7601,0,World,W00,218932.286,477692433.598,False,2181.919,False
2019-09-01,7601,842,USA,USA,208633.597,454482285.552,False,2178.375,False
2019-09-01,7601,484,Mexico,MEX,9999.391,22436290.550,False,2243.766,False
2019-09-01,7601,156,China,CHN,162.838,424677.323,False,2607.974,False
2019-09-01,7601,826,United Kingdom,GBR,91.549,244038.371,False,2665.659,False
2019-09-01,7601,792,Türkiye,TUR,44.876,105073.828,False,2341.426,False
2019-09-01,7601,490,"Other Asia, nes",S19,0.035,67.973,False,1942.086,False
2019-10-01,7601,0,World,W00,244955.267,522013689.015,False,2131.057,False
2019-10-01,7601,842,USA,USA,205722.671,444241956.405,False,2159.421,False
2019-10-01,7601,528,Netherlands,NLD,24213.303,45467658.052,False,1877.797,False
2019-10-01,7601,484,Mexico,MEX,10483.000,23455953.307,False,2237.523,False
2019-10-01,7601,410,Rep. of Korea,KOR,2067.985,3745778.314,False,1811.318,False
2019-10-01,7601,392,Japan,JPN,1868.675,3533979.120,False,1891.168,False
2019-10-01,7601,156,China,CHN,295.899,783839.819,False,2649.011,False
2019-10-01,7601,826,United Kingdom,GBR,245.775,658157.481,False,2677.886,False
2019-10-01,7601,792,Türkiye,TUR,46.139,103040.767,False,2233.268,False
2019-10-01,7601,344,"China, Hong Kong SAR",HKG,11.663,23001.864,False,1972.208,False
2019-10-01,7601,398,Kazakhstan,KAZ,0.092,188.869,False,2052.924,False
2019-10-01,7601,276,Germany,DEU,0.065,135.015,False,2077.154,False
2019-11-01,7601,0,World,W00,170757.498,365738776.149,False,2141.861,False
2019-11-01,7601,842,USA,USA,162205.304,346510899.465,False,2136.249,False
2019-11-01,7601,484,Mexico,MEX,8170.070,18256683.395,False,2234.581,False
2019-11-01,7601,826,United Kingdom,GBR,233.831,618413.055,False,2644.701,False
2019-11-01,7601,156,China,CHN,101.960,270011.579,False,2648.211,False
2019-11-01,7601,344,"China, Hong Kong SAR",HKG,23.415,46008.702,False,1964.924,False
2019-11-01,7601,792,Türkiye,TUR,21.586,34123.933,False,1580.836,False
2019-11-01,7601,608,Philippines,PHL,1.222,2409.299,False,1971.603,False
2019-11-01,7601,246,Finland,FIN,0.055,113.361,False,2061.109,False
2019-11-01,7601,36,Australia,AUS,0.055,113.361,False,2061.109,False
2019-12-01,7601,0,World,W00,275034.542,555674091.190,False,2020.379,False
2019-12-01,7601,842,USA,USA,231308.617,489132469.528,False,2114.631,False
2019-12-01,7601,484,Mexico,MEX,21799.955,26814904.665,False,1230.044,False
2019-12-01,7601,528,Netherlands,NLD,16083.000,28265629.184,False,1757.485,False
2019-12-01,7601,392,Japan,JPN,2935.915,5599335.434,False,1907.186,False
2019-12-01,7601,410,Rep. of Korea,KOR,2168.615,4015595.911,False,1851.687,False
2019-12-01,7601,826,United Kingdom,GBR,315.914,824414.630,False,2609.617,False
2019-12-01,7601,156,China,CHN,311.751,803506.204,False,2577.397,False
2019-12-01,7601,276,Germany,DEU,77.695,136604.551,False,1758.215,False
2019-12-01,7601,554,New Zealand,NZL,20.415,53065.666,False,2599.347,False
2019-12-01,7601,752,Sweden,SWE,5.396,13858.290,False,2568.252,False
2019-12-01,7601,643,Russian Federation,RUS,3.745,7756.364,False,2071.125,False
2019-12-01,7601,344,"China, Hong Kong SAR",HKG,2.073,4088.685,False,1972.352,False
2019-12-01,7601,796,Turks and Caicos Isds,TCA,1.451,2862.079,False,1972.487,False
2020-01-01,7601,0,World,W00,226151.903,483257433.755,False,2136.871,False
2020-01-01,7601,842,USA,USA,212036.889,454557383.851,False,2143.766,False
2020-01-01,7601,484,Mexico,MEX,10127.722,21029939.072,False,2076.473,False
2020-01-01,7601,410,Rep. of Korea,KOR,2120.740,3973200.962,False,1873.497,False
2020-01-01,7601,724,Spain,ESP,739.541,1073355.886,False,1451.381,False
2020-01-01,7601,826,United Kingdom,GBR,569.288,1506345.305,False,2646.016,False
2020-01-01,7601,392,Japan,JPN,470.213,897046.964,False,1907.746,False
2020-01-01,7601,792,Türkiye,TUR,82.841,209846.422,False,2533.123,False
2020-01-01,7601,528,Netherlands,NLD,3.203,7418.057,False,2315.972,False
2020-01-01,7601,702,Singapore,SGP,1.346,2674.137,False,1986.729,False
2020-01-01,7601,304,Greenland,GRL,0.105,207.819,False,1979.229,False
2020-01-01,7601,442,Luxembourg,LUX,0.015,15.281,False,1018.733,False
2020-02-01,7601,0,World,W00,181013.018,370349432.463,False,2045.982,False
2020-02-01,7601,842,USA,USA,158366.500,329697422.941,False,2081.863,False
2020-02-01,7601,528,Netherlands,NLD,12152.603,21137644.393,False,1739.351,False
2020-02-01,7601,484,Mexico,MEX,9787.434,17748101.314,False,1813.356,False
2020-02-01,7601,156,China,CHN,304.460,787641.527,False,2587.012,False
2020-02-01,7601,826,United Kingdom,GBR,276.266,730869.810,False,2645.529,False
2020-02-01,7601,276,Germany,DEU,77.695,147381.714,False,1896.927,False
2020-02-01,7601,344,"China, Hong Kong SAR",HKG,27.537,53890.454,False,1957.020,False
2020-02-01,7601,792,Türkiye,TUR,20.523,46480.310,False,2264.791,False
2020-03-01,7601,0,World,W00,234343.787,475298060.133,False,2028.208,False
2020-03-01,7601,842,USA,USA,221652.862,450878274.162,False,2034.164,False
2020-03-01,7601,528,Netherlands,NLD,5930.831,10995114.330,False,1853.891,False
2020-03-01,7601,484,Mexico,MEX,5779.796,11367715.638,False,1966.802,False
2020-03-01,7601,724,Spain,ESP,418.859,661383.950,False,1579.013,False
2020-03-01,7601,156,China,CHN,294.419,741014.837,False,2516.872,False
2020-03-01,7601,826,United Kingdom,GBR,153.387,379721.896,False,2475.581,False
2020-03-01,7601,792,Türkiye,TUR,111.785,271367.842,False,2427.587,False
2020-03-01,7601,344,"China, Hong Kong SAR",HKG,1.538,2866.870,False,1864.025,False
2020-03-01,7601,702,Singapore,SGP,0.243,475.184,False,1955.490,False
2020-03-01,7601,796,Turks and Caicos Isds,TCA,0.067,125.426,False,1872.030,False
2020-04-01,7601,0,World,W00,244028.261,464639684.538,False,1904.040,False
2020-04-01,7601,842,USA,USA,219775.728,423053805.253,False,1924.934,False
2020-04-01,7601,528,Netherlands,NLD,18839.789,31929906.510,False,1694.812,False
2020-04-01,7601,410,Rep. of Korea,KOR,1496.660,2343492.082,False,1565.815,False
2020-04-01,7601,724,Spain,ESP,1357.080,2000079.226,False,1473.811,False
2020-04-01,7601,484,Mexico,MEX,1211.120,2304412.840,False,1902.712,False
2020-04-01,7601,826,United Kingdom,GBR,592.319,1481152.072,False,2500.599,False
2020-04-01,7601,392,Japan,JPN,395.780,636487.954,False,1608.186,False
2020-04-01,7601,156,China,CHN,318.854,795692.668,False,2495.477,False
2020-04-01,7601,792,Türkiye,TUR,20.502,42333.473,False,2064.846,False
2020-04-01,7601,554,New Zealand,NZL,19.821,51198.105,False,2583.023,False
2020-04-01,7601,702,Singapore,SGP,0.608,1124.357,False,1849.271,False
2020-05-01,7601,0,World,W00,231089.506,405668907.442,False,1755.462,True
2020-05-01,7601,842,USA,USA,222617.487,397982156.535,False,1787.740,True
2020-05-01,7601,484,Mexico,MEX,2022.040,3403269.410,False,1683.087,False
2020-05-01,7601,528,Netherlands,NLD,1526.460,2476859.919,False,1622.617,False
2020-05-01,7601,156,China,CHN,494.515,1185942.968,False,2398.194,False
2020-05-01,7601,826,United Kingdom,GBR,239.131,549778.329,False,2299.068,False
2020-05-01,7601,554,New Zealand,NZL,20.395,49675.029,False,2435.647,False
2020-05-01,7601,724,Spain,ESP,8.988,19792.954,False,2202.153,False
2020-05-01,7601,702,Singapore,SGP,0.769,1432.300,False,1862.549,False
2020-06-01,7601,0,World,W00,300787.403,481840803.518,False,1601.931,False
2020-06-01,7601,842,USA,USA,220687.682,363245841.814,False,1645.972,False
2020-06-01,7601,528,Netherlands,NLD,68880.600,99339828.529,False,1442.203,False
2020-06-01,7601,484,Mexico,MEX,8146.770,13870989.772,False,1702.637,False
2020-06-01,7601,410,Rep. of Korea,KOR,2624.680,4401845.730,False,1677.098,False
2020-06-01,7601,156,China,CHN,196.751,435184.573,False,2211.854,False
2020-06-01,7601,826,United Kingdom,GBR,144.977,329538.533,False,2273.040,False
2020-06-01,7601,792,Türkiye,TUR,62.584,134810.983,False,2154.081,False
2020-06-01,7601,699,India,IND,34.413,66062.461,False,1919.695,False
2020-06-01,7601,344,"China, Hong Kong SAR",HKG,8.318,15486.562,False,1861.813,False
2020-06-01,7601,702,Singapore,SGP,0.398,764.176,False,1920.040,False
2020-06-01,7601,376,Israel,ISR,0.230,450.384,False,1958.191,False
2020-07-01,7601,0,World,W00,264186.523,450053122.096,False,1703.543,False
2020-07-01,7601,842,USA,USA,207962.105,362977969.557,False,1745.404,False
2020-07-01,7601,528,Netherlands,NLD,46650.100,69881165.283,False,1497.985,False
2020-07-01,7601,484,Mexico,MEX,8993.310,15948297.857,False,1773.351,False
2020-07-01,7601,156,China,CHN,454.201,962563.343,False,2119.245,False
2020-07-01,7601,826,United Kingdom,GBR,116.797,264396.303,False,2263.725,False
2020-07-01,7601,392,Japan,JPN,10.010,18729.752,False,1871.104,False
2020-08-01,7601,0,World,W00,249084.915,453791130.381,False,1821.833,False
2020-08-01,7601,842,USA,USA,205805.869,382062214.576,False,1856.420,False
2020-08-01,7601,528,Netherlands,NLD,30710.200,47454422.061,False,1545.233,False
2020-08-01,7601,484,Mexico,MEX,11228.635,21811265.884,False,1942.468,False
2020-08-01,7601,352,Iceland,ISL,729.934,1113854.624,False,1525.966,False
2020-08-01,7601,156,China,CHN,355.859,819429.321,False,2302.680,False
2020-08-01,7601,826,United Kingdom,GBR,208.399,483287.143,False,2319.047,False
2020-08-01,7601,458,Malaysia,MYS,40.484,36028.279,False,889.939,False
2020-08-01,7601,170,Colombia,COL,5.446,10448.503,False,1918.565,False
2020-08-01,7601,764,Thailand,THA,0.074,149.740,False,2023.514,False
2020-08-01,7601,251,France,FRA,0.015,30.250,False,2016.667,False
2020-09-01,7601,0,World,W00,210616.189,405582513.817,False,1925.695,False
2020-09-01,7601,842,USA,USA,151909.292,304264457.203,False,2002.935,False
2020-09-01,7601,528,Netherlands,NLD,36764.500,61718206.909,False,1678.745,False
2020-09-01,7601,380,Italy,ITA,10490.900,16773167.948,False,1598.830,False
2020-09-01,7601,484,Mexico,MEX,9574.050,19010735.007,False,1985.652,False
2020-09-01,7601,352,Iceland,ISL,912.231,1486081.464,False,1629.063,False
2020-09-01,7601,156,China,CHN,767.594,1848078.223,False,2407.625,False
2020-09-01,7601,792,Türkiye,TUR,102.650,244618.518,False,2383.035,False
2020-09-01,7601,826,United Kingdom,GBR,92.833,232966.132,False,2509.519,False
2020-09-01,7601,344,"China, Hong Kong SAR",HKG,2.139,4202.413,False,1964.662,False
2020-10-01,7601,0,World,W00,225480.706,443631879.895,False,1967.494,False
2020-10-01,7601,842,USA,USA,159692.242,328842426.339,False,2059.226,False
2020-10-01,7601,528,Netherlands,NLD,54561.400,91975433.679,False,1685.723,False
2020-10-01,7601,484,Mexico,MEX,10349.000,20782504.937,False,2008.166,False
2020-10-01,7601,156,China,CHN,667.391,1503885.684,False,2253.380,False
2020-10-01,7601,826,United Kingdom,GBR,146.355,395694.511,False,2703.662,False
2020-10-01,7601,490,"Other Asia, nes",S19,58.145,120002.592,False,2063.851,False
2020-10-01,7601,724,Spain,ESP,6.100,11782.320,False,1931.528,False
2020-10-01,7601,152,Chile,CHL,0.073,149.833,False,2052.507,False
2020-11-01,7601,0,World,W00,246308.902,501865364.548,False,2037.545,False
2020-11-01,7601,842,USA,USA,158026.398,340202777.271,False,2152.822,False
2020-11-01,7601,528,Netherlands,NLD,68875.500,122844554.006,False,1783.574,False
2020-11-01,7601,484,Mexico,MEX,10269.900,20956946.608,False,2040.618,False
2020-11-01,7601,300,Greece,GRC,7714.710,14551034.794,False,1886.142,False
2020-11-01,7601,156,China,CHN,765.193,1710656.779,False,2235.589,False
2020-11-01,7601,826,United Kingdom,GBR,455.992,1221310.462,False,2678.359,False
2020-11-01,7601,360,Indonesia,IDN,96.000,154908.134,False,1613.626,False
2020-11-01,7601,792,Türkiye,TUR,42.658,106677.630,False,2500.765,False
2020-11-01,7601,699,India,IND,21.840,24020.037,False,1099.819,False
2020-11-01,7601,344,"China, Hong Kong SAR",HKG,20.331,39976.293,False,1966.273,False
2020-11-01,7601,554,New Zealand,NZL,20.307,52352.638,False,2578.059,False
2020-11-01,7601,398,Kazakhstan,KAZ,0.073,149.896,False,2053.370,False
2020-12-01,7601,0,World,W00,241171.041,517423010.411,False,2145.461,True
2020-12-01,7601,842,USA,USA,164504.806,366602143.124,False,2228.519,True
2020-12-01,7601,528,Netherlands,NLD,70548.900,116742011.187,False,1654.767,False
2020-12-01,7601,484,Mexico,MEX,8869.244,19086131.610,False,2151.946,False
2020-12-01,7601,300,Greece,GRC,6902.170,12996142.136,False,1882.907,False
2020-12-01,7601,156,China,CHN,365.127,845839.438,False,2316.562,False
2020-12-01,7601,352,Iceland,ISL,340.944,576327.523,False,1690.388,False
2020-12-01,7601,826,United Kingdom,GBR,149.952,398909.226,False,2660.246,False
2020-12-01,7601,699,India,IND,43.533,120791.169,False,2774.704,False
2020-12-01,7601,276,Germany,DEU,21.247,54315.403,False,2556.380,False
2020-12-01,7601,380,Italy,ITA,0.306,399.596,False,1305.869,False
2021-01-01,7601,0,World,W00,245837.101,554847996.154,False,2256.974,True
2021-01-01,7601,842,USA,USA,171089.157,394658110.464,False,2306.739,True
2021-01-01,7601,528,Netherlands,NLD,27036.500,53207117.742,False,1967.974,False
2021-01-01,7601,616,Poland,POL,13827.900,26092515.558,False,1886.947,False
2021-01-01,7601,380,Italy,ITA,13675.900,31708415.858,False,2318.562,False
2021-01-01,7601,484,Mexico,MEX,12337.776,28294509.253,False,2293.323,False
2021-01-01,7601,170,Colombia,COL,10491.400,16788834.613,False,1600.247,False
2021-01-01,7601,352,Iceland,ISL,770.058,1410645.775,False,1831.870,False
2021-01-01,7601,156,China,CHN,751.268,1606748.562,False,2138.716,False
2021-01-01,7601,826,United Kingdom,GBR,233.389,639339.432,False,2739.373,False
2021-01-01,7601,792,Türkiye,TUR,92.985,245111.387,False,2636.031,False
2021-01-01,7601,360,Indonesia,IDN,41.141,80012.245,False,1944.830,False
2021-01-01,7601,699,India,IND,23.178,62082.748,False,2678.520,False
2021-01-01,7601,246,Finland,FIN,19.672,54150.852,False,2752.687,False
2021-01-01,7601,796,Turks and Caicos Isds,TCA,0.077,157.207,False,2041.649,False
2021-01-01,7601,276,Germany,DEU,0.070,150.133,False,2144.757,False
2021-01-01,7601,152,Chile,CHL,0.046,94.324,False,2050.522,False
2021-02-01,7601,0,World,W00,198490.459,470122198.237,False,2368.488,False
2021-02-01,7601,842,USA,USA,184798.373,440736651.910,False,2384.960,False
2021-02-01,7601,484,Mexico,MEX,9003.647,20311583.763,False,2255.928,False
2021-02-01,7601,528,Netherlands,NLD,2700.009,4460797.561,False,1652.142,False
2021-02-01,7601,380,Italy,ITA,686.866,1617918.043,False,2355.508,False
2021-02-01,7601,352,Iceland,ISL,598.530,1101863.449,False,1840.949,False
2021-02-01,7601,826,United Kingdom,GBR,376.028,1002948.444,False,2667.217,False
2021-02-01,7601,156,China,CHN,302.970,825602.616,False,2725.031,False
2021-02-01,7601,699,India,IND,23.347,63425.207,False,2716.632,False
2021-02-01,7601,702,Singapore,SGP,0.673,1378.107,False,2047.707,False
2021-02-01,7601,36,Australia,AUS,0.011,23.625,False,2147.727,False
2021-02-01,7601,442,Luxembourg,LUX,0.005,5.512,False,1102.400,False
2021-03-01,7601,0,World,W00,242756.530,587796173.475,False,2421.340,False
2021-03-01,7601,842,USA,USA,212845.901,522342135.394,False,2454.086,False
2021-03-01,7601,380,Italy,ITA,18178.700,37559783.430,False,2066.142,False
2021-03-01,7601,484,Mexico,MEX,9643.523,22611590.757,False,2344.744,False
2021-03-01,7601,528,Netherlands,NLD,790.479,1864286.915,False,2358.427,False
2021-03-01,7601,156,China,CHN,587.491,1555192.974,False,2647.178,False
2021-03-01,7601,826,United Kingdom,GBR,402.834,1065786.077,False,2645.720,False
2021-03-01,7601,699,India,IND,220.371,631228.632,False,2864.391,False
2021-03-01,7601,724,Spain,ESP,61.987,96609.612,False,1558.546,False
2021-03-01,7601,792,Türkiye,TUR,25.239,69554.114,False,2755.819,False
2021-03-01,7601,442,Luxembourg,LUX,0.005,5.570,False,1114.000,False
2021-04-01,7601,0,World,W00,256797.835,662049608.479,False,2578.097,False
2021-04-01,7601,842,USA,USA,245648.609,633298419.691,False,2578.066,False
2021-04-01,7601,484,Mexico,MEX,10558.621,27176520.372,False,2573.870,False
2021-04-01,7601,826,United Kingdom,GBR,253.781,701113.373,False,2762.671,False
2021-04-01,7601,156,China,CHN,194.021,549911.550,False,2834.289,False
2021-04-01,7601,699,India,IND,118.278,283420.176,False,2396.221,False
2021-04-01,7601,458,Malaysia,MYS,18.653,27984.952,False,1500.292,False
2021-04-01,7601,528,Netherlands,NLD,5.665,11788.530,False,2080.941,False
2021-04-01,7601,682,Saudi Arabia,SAU,0.207,449.834,False,2173.111,False
2021-05-01,7601,0,World,W00,239413.397,659138471.149,False,2753.139,False
2021-05-01,7601,842,USA,USA,198439.500,561423933.580,False,2829.194,False
2021-05-01,7601,724,Spain,ESP,17236.600,40356218.891,False,2341.310,False
2021-05-01,7601,300,Greece,GRC,11986.500,26056233.827,False,2173.798,False
2021-05-01,7601,484,Mexico,MEX,11164.087,29646942.872,False,2655.564,False
2021-05-01,7601,156,China,CHN,371.186,1055053.698,False,2842.385,False
2021-05-01,7601,826,United Kingdom,GBR,166.975,502876.446,False,3011.687,False
2021-05-01,7601,528,Netherlands,NLD,39.612,78024.205,False,1969.711,False
2021-05-01,7601,246,Finland,FIN,7.549,16159.434,False,2140.606,False
2021-05-01,7601,372,Ireland,IRL,1.373,2995.263,False,2181.546,False
2021-05-01,7601,276,Germany,DEU,0.015,32.933,False,2195.533,False
2021-06-01,7601,0,World,W00,267286.659,759857145.119,False,2842.855,False
2021-06-01,7601,842,USA,USA,218141.182,648204587.105,False,2971.491,False
2021-06-01,7601,528,Netherlands,NLD,33102.300,70611956.325,False,2133.144,False
2021-06-01,7601,484,Mexico,MEX,13134.700,35262213.801,False,2684.661,False
2021-06-01,7601,352,Iceland,ISL,1815.552,2968270.674,False,1634.914,False
2021-06-01,7601,156,China,CHN,631.242,1515463.924,False,2400.765,False
2021-06-01,7601,826,United Kingdom,GBR,432.203,1210025.430,False,2799.669,False
2021-06-01,7601,792,Türkiye,TUR,25.280,75352.130,False,2980.701,False
2021-06-01,7601,251,France,FRA,2.854,6419.836,False,2249.417,False
2021-06-01,7601,28,Antigua and Barbuda,ATG,1.341,2850.172,False,2125.408,False
2021-06-01,7601,442,Luxembourg,LUX,0.005,5.723,False,1144.600,False
2021-07-01,7601,0,World,W00,231355.279,705117116.587,False,3047.768,False
2021-07-01,7601,842,USA,USA,214267.592,656626613.980,False,3064.517,False
2021-07-01,7601,484,Mexico,MEX,13996.955,41392900.541,False,2957.279,False
2021-07-01,7601,528,Netherlands,NLD,797.696,1973002.195,False,2473.376,False
2021-07-01,7601,352,Iceland,ISL,752.040,1618610.582,False,2152.293,False
2021-07-01,7601,156,China,CHN,730.001,1825552.140,False,2500.753,False
2021-07-01,7601,826,United Kingdom,GBR,698.869,1448103.973,False,2072.068,False
2021-07-01,7601,699,India,IND,112.126,232333.175,False,2072.072,False
2021-08-01,7601,0,World,W00,232103.816,732708684.261,False,3156.814,False
2021-08-01,7601,842,USA,USA,220186.701,697932860.073,False,3169.732,False
2021-08-01,7601,484,Mexico,MEX,10187.671,30990963.909,False,3042.007,False
2021-08-01,7601,826,United Kingdom,GBR,679.471,1401643.421,False,2062.845,False
2021-08-01,7601,352,Iceland,ISL,537.697,1224745.667,False,2277.762,False
2021-08-01,7601,156,China,CHN,503.551,1140472.862,False,2264.861,False
2021-08-01,7601,458,Malaysia,MYS,8.725,17998.330,False,2062.846,False
2021-09-01,7601,0,World,W00,186498.303,619943202.604,False,3324.122,True
2021-09-01,7601,842,USA,USA,177903.060,594166803.001,False,3339.835,True
2021-09-01,7601,484,Mexico,MEX,7878.697,23584303.563,False,2993.427,False
2021-09-01,7601,826,United Kingdom,GBR,840.151,1721812.788,False,2049.409,False
2021-09-01,7601,156,China,CHN,164.023,433397.054,False,2642.294,False
2021-09-01,7601,251,France,FRA,15.488,31742.182,False,2049.469,False
2021-09-01,7601,276,Germany,DEU,2.295,4994.250,False,2176.144,False
2021-09-01,7601,792,Türkiye,TUR,0.069,149.764,False,2170.493,False
2021-10-01,7601,0,World,W00,247953.899,864375593.129,True,3486.033,False
2021-10-01,7601,842,USA,USA,235216.100,824303062.797,True,3504.450,False
2021-10-01,7601,484,Mexico,MEX,10848.300,35856634.838,False,3305.277,False
2021-10-01,7601,352,Iceland,ISL,1012.040,2379803.562,False,2351.492,False
2021-10-01,7601,826,United Kingdom,GBR,541.970,1133022.427,False,2090.563,False
2021-10-01,7601,699,India,IND,170.564,356575.016,False,2090.564,False
2021-10-01,7601,156,China,CHN,153.777,312294.511,False,2030.827,False
2021-10-01,7601,251,France,FRA,9.797,31380.132,False,3203.035,False
2021-10-01,7601,702,Singapore,SGP,1.346,2814.217,False,2090.800,False
2021-10-01,7601,442,Luxembourg,LUX,0.005,5.628,False,1125.600,False
2021-11-01,7601,0,World,W00,244124.502,877683136.518,False,3595.228,False
2021-11-01,7601,842,USA,USA,236376.864,851879495.276,False,3603.904,False
2021-11-01,7601,484,Mexico,MEX,6551.560,23318127.110,False,3559.172,False
2021-11-01,7601,826,United Kingdom,GBR,738.565,1530935.171,False,2072.851,False
2021-11-01,7601,156,China,CHN,354.050,733892.883,False,2072.851,False
2021-11-01,7601,699,India,IND,89.169,184835.323,False,2072.865,False
2021-11-01,7601,528,Netherlands,NLD,12.454,31810.290,False,2554.223,False
2021-11-01,7601,376,Israel,ISR,1.777,3909.716,False,2200.178,False
2021-11-01,7601,796,Turks and Caicos Isds,TCA,0.063,130.749,False,2075.381,False
2021-12-01,7601,0,World,W00,183876.175,623937081.567,False,3393.246,False
2021-12-01,7601,842,USA,USA,172578.677,589590803.466,False,3416.360,False
2021-12-01,7601,484,Mexico,MEX,10339.100,32397292.235,False,3133.473,False
2021-12-01,7601,826,United Kingdom,GBR,421.402,856687.495,False,2032.946,False
2021-12-01,7601,156,China,CHN,306.792,623691.303,False,2032.945,False
2021-12-01,7601,699,India,IND,224.911,457233.505,False,2032.953,False
2021-12-01,7601,380,Italy,ITA,2.051,4503.762,False,2195.886,False
2021-12-01,7601,376,Israel,ISR,1.750,3801.613,False,2172.350,False
2021-12-01,7601,796,Turks and Caicos Isds,TCA,1.211,2462.213,False,2033.206,False
2021-12-01,7601,724,Spain,ESP,0.207,450.376,False,2175.729,False
2021-12-01,7601,36,Australia,AUS,0.069,150.125,False,2175.725,False
2021-12-01,7601,442,Luxembourg,LUX,0.005,5.473,False,1094.600,False
2022-01-01,7601,0,World,W00,205115.614,689843208.914,False,3363.192,False
2022-01-01,7601,842,USA,USA,194724.357,659441915.846,False,3386.540,False
2022-01-01,7601,484,Mexico,MEX,9419.439,28317305.500,False,3006.262,False
2022-01-01,7601,826,United Kingdom,GBR,611.001,1258745.441,False,2060.136,False
2022-01-01,7601,156,China,CHN,190.498,389418.782,False,2044.215,False
2022-01-01,7601,352,Iceland,ISL,156.642,407082.863,False,2598.810,False
2022-01-01,7601,276,Germany,DEU,5.590,11922.641,False,2132.852,False
2022-01-01,7601,344,"China, Hong Kong SAR",HKG,3.346,6893.532,False,2060.231,False
2022-01-01,7601,36,Australia,AUS,1.845,3748.655,False,2031.791,False
2022-01-01,7601,376,Israel,ISR,1.805,3849.285,False,2132.568,False
2022-01-01,7601,246,Finland,FIN,0.677,1443.680,False,2132.467,False
2022-01-01,7601,528,Netherlands,NLD,0.395,843.071,False,2134.357,False
2022-01-01,7601,152,Chile,CHL,0.019,39.618,False,2085.158,False
2022-02-01,7601,0,World,W00,180023.274,657925058.684,False,3654.667,False
2022-02-01,7601,842,USA,USA,169753.762,624923870.921,False,3681.355,False
2022-02-01,7601,484,Mexico,MEX,8247.056,28757101.314,False,3486.954,False
2022-02-01,7601,826,United Kingdom,GBR,1099.050,2246852.461,False,2044.359,False
2022-02-01,7601,352,Iceland,ISL,449.292,1177257.492,False,2620.250,False
2022-02-01,7601,156,China,CHN,285.200,583068.468,False,2044.420,False
2022-02-01,7601,458,Malaysia,MYS,178.806,215971.378,False,1207.853,False
2022-02-01,7601,344,"China, Hong Kong SAR",HKG,7.330,14985.191,False,2044.364,False
2022-02-01,7601,682,Saudi Arabia,SAU,2.773,5945.955,False,2144.232,False
2022-02-01,7601,442,Luxembourg,LUX,0.005,5.504,False,1100.800,False
2022-03-01,7601,0,World,W00,193292.968,774947100.395,False,4009.184,False
2022-03-01,7601,842,USA,USA,183854.106,737289708.138,False,4010.189,False
2022-03-01,7601,484,Mexico,MEX,8470.900,35375430.841,False,4176.112,False
2022-03-01,7601,352,Iceland,ISL,473.706,1227890.673,False,2592.094,False
2022-03-01,7601,826,United Kingdom,GBR,315.688,648440.873,False,2054.056,False
2022-03-01,7601,156,China,CHN,132.153,305439.235,False,2311.255,False
2022-03-01,7601,528,Netherlands,NLD,44.146,95529.504,False,2163.945,False
2022-03-01,7601,616,Poland,POL,2.269,4661.132,False,2054.267,False
2022-04-01,7601,0,World,W00,232261.569,940516659.530,False,4049.386,False
2022-04-01,7601,842,USA,USA,216704.929,896379026.801,False,4136.404,False
2022-04-01,7601,484,Mexico,MEX,13894.100,40593458.302,False,2921.633,False
2022-04-01,7601,826,United Kingdom,GBR,856.192,1762540.539,False,2058.581,False
2022-04-01,7601,352,Iceland,ISL,347.541,866965.500,False,2494.570,False
2022-04-01,7601,528,Netherlands,NLD,227.968,469294.952,False,2058.600,False
2022-04-01,7601,156,China,CHN,122.503,215010.187,False,1755.142,False
2022-04-01,7601,490,"Other Asia, nes",S19,41.820,90393.922,False,2161.500,False
2022-04-01,7601,458,Malaysia,MYS,37.767,77717.015,False,2057.802,False
2022-04-01,7601,699,India,IND,25.982,56271.341,False,2165.782,False
2022-04-01,7601,148,Chad,TCD,2.767,5980.973,False,2161.537,False
2022-05-01,7601,0,World,W00,279768.945,1095725534.279,False,3916.537,True
2022-05-01,7601,842,USA,USA,268172.283,1063800331.711,False,3966.854,True
2022-05-01,7601,484,Mexico,MEX,9134.340,29831514.898,False,3265.864,False
2022-05-01,7601,826,United Kingdom,GBR,645.043,1303910.942,False,2021.433,False
2022-05-01,7601,458,Malaysia,MYS,267.685,513174.033,False,1917.082,False
2022-05-01,7601,699,India,IND,58.147,117540.071,False,2021.430,False
2022-05-01,7601,528,Netherlands,NLD,32.982,71246.161,False,2160.153,False
2022-05-01,7601,376,Israel,ISR,31.204,64195.249,False,2057.276,False
2022-05-01,7601,156,China,CHN,8.902,19184.948,False,2155.128,False
2022-05-01,7601,251,France,FRA,2.085,4425.382,False,2122.485,False
2022-05-01,7601,442,Luxembourg,LUX,0.010,10.885,False,1088.500,False
2022-06-01,7601,0,World,W00,285026.194,1077188342.695,False,3779.261,False
2022-06-01,7601,842,USA,USA,278815.120,1057170221.346,False,3791.653,False
2022-06-01,7601,484,Mexico,MEX,5294.270,18086452.567,False,3416.232,False
2022-06-01,7601,826,United Kingdom,GBR,302.183,613803.990,False,2031.233,False
2022-06-01,7601,458,Malaysia,MYS,260.773,541757.917,False,2077.508,False
2022-06-01,7601,352,Iceland,ISL,122.350,305725.870,False,2498.781,False
2022-06-01,7601,699,India,IND,119.371,242470.567,False,2031.235,False
2022-06-01,7601,251,France,FRA,105.950,215209.700,False,2031.238,False
2022-06-01,7601,702,Singapore,SGP,5.042,10241.141,False,2031.166,False
2022-06-01,7601,156,China,CHN,1.064,2309.154,False,2170.258,False
2022-06-01,7601,203,Czechia,CZE,0.071,150.444,False,2118.930,False
2022-07-01,7601,0,World,W00,202701.515,686652562.204,False,3387.506,False
2022-07-01,7601,842,USA,USA,191429.460,665982302.688,False,3478.996,False
2022-07-01,7601,484,Mexico,MEX,9463.554,16817135.405,False,1777.042,False
2022-07-01,7601,826,United Kingdom,GBR,789.503,1586377.355,False,2009.337,False
2022-07-01,7601,458,Malaysia,MYS,444.689,995557.170,False,2238.772,False
2022-07-01,7601,616,Poland,POL,212.815,427617.930,False,2009.341,False
2022-07-01,7601,352,Iceland,ISL,160.121,430452.641,False,2688.296,False
2022-07-01,7601,699,India,IND,112.609,226269.949,False,2009.342,False
2022-07-01,7601,380,Italy,ITA,43.369,87752.405,False,2023.390,False
2022-07-01,7601,764,Thailand,THA,26.082,60011.182,False,2300.866,False
2022-07-01,7601,170,Colombia,COL,14.214,28847.131,False,2029.487,False
2022-07-01,7601,724,Spain,ESP,5.013,10073.736,False,2009.522,False
2022-07-01,7601,276,Germany,DEU,0.071,149.927,False,2111.648,False
2022-07-01,7601,442,Luxembourg,LUX,0.015,14.684,False,978.933,False
2022-08-01,7601,0,World,W00,235984.465,746001306.369,False,3161.231,False
2022-08-01,7601,842,USA,USA,227276.052,725407900.602,False,3191.748,False
2022-08-01,7601,484,Mexico,MEX,7793.967,17725894.395,False,2274.310,False
2022-08-01,7601,352,Iceland,ISL,437.476,1225064.201,False,2800.300,False
2022-08-01,7601,826,United Kingdom,GBR,264.529,1053299.410,False,3981.792,False
2022-08-01,7601,458,Malaysia,MYS,107.497,269466.468,False,2506.735,False
2022-08-01,7601,554,New Zealand,NZL,73.680,204956.290,False,2781.709,False
2022-08-01,7601,276,Germany,DEU,30.284,111996.256,False,3698.199,False
2022-08-01,7601,156,China,CHN,0.695,1934.733,False,2783.788,False
2022-08-01,7601,710,South Africa,ZAF,0.285,794.014,False,2786.014,False
2022-09-01,7601,0,World,W00,210952.352,664630180.035,False,3150.618,False
2022-09-01,7601,842,USA,USA,201536.295,632173968.378,False,3136.775,False
2022-09-01,7601,484,Mexico,MEX,9078.156,31189041.252,False,3435.614,False
2022-09-01,7601,826,United Kingdom,GBR,183.737,702530.639,False,3823.567,False
2022-09-01,7601,458,Malaysia,MYS,81.296,250534.600,False,3081.758,False
2022-09-01,7601,699,India,IND,66.197,295521.521,False,4464.274,False
2022-09-01,7601,764,Thailand,THA,3.589,9999.012,False,2786.016,False
2022-09-01,7601,188,Costa Rica,CRI,1.651,4599.741,False,2786.033,False
2022-09-01,7601,52,Barbados,BRB,1.377,3834.744,False,2784.854,False
2022-09-01,7601,554,New Zealand,NZL,0.054,150.147,False,2780.500,False
2022-10-01,7601,0,World,W00,224640.219,662234467.780,False,2947.978,False
2022-10-01,7601,842,USA,USA,205951.530,613666119.426,False,2979.663,False
2022-10-01,7601,528,Netherlands,NLD,10016.331,21849961.818,False,2181.434,False
2022-10-01,7601,484,Mexico,MEX,6737.955,21330829.525,False,3165.772,False
2022-10-01,7601,352,Iceland,ISL,670.699,1490928.893,False,2222.948,False
2022-10-01,7601,251,France,FRA,543.882,1790559.730,False,3292.184,False
2022-10-01,7601,458,Malaysia,MYS,221.331,503264.691,False,2273.810,False
2022-10-01,7601,826,United Kingdom,GBR,171.944,635776.503,False,3697.579,False
2022-10-01,7601,554,New Zealand,NZL,161.987,425729.903,False,2628.173,False
2022-10-01,7601,156,China,CHN,76.672,201507.954,False,2628.182,False
2022-10-01,7601,699,India,IND,67.394,284387.426,False,4219.774,False
2022-10-01,7601,764,Thailand,THA,14.356,38809.372,False,2703.356,False
2022-10-01,7601,392,Japan,JPN,6.138,16592.540,False,2703.249,False
2022-11-01,7601,0,World,W00,239724.128,670350198.635,False,2796.340,False
2022-11-01,7601,842,USA,USA,232049.384,646974474.283,False,2788.090,False
2022-11-01,7601,484,Mexico,MEX,6902.817,21341780.320,False,3091.749,False
2022-11-01,7601,352,Iceland,ISL,340.444,664979.565,False,1953.272,False
2022-11-01,7601,826,United Kingdom,GBR,205.772,720478.988,False,3501.346,False
2022-11-01,7601,458,Malaysia,MYS,137.389,330550.438,False,2405.945,False
2022-11-01,7601,699,India,IND,63.316,264190.688,False,4172.574,False
2022-11-01,7601,764,Thailand,THA,20.259,35814.708,False,1767.842,False
2022-11-01,7601,554,New Zealand,NZL,3.987,15930.858,False,3995.701,False
2022-11-01,7601,528,Netherlands,NLD,0.760,1998.788,False,2629.984,False
2022-12-01,7601,0,World,W00,234340.707,652510546.913,False,2784.452,False
2022-12-01,7601,842,USA,USA,207915.301,587496373.186,False,2825.652,False
2022-12-01,7601,528,Netherlands,NLD,20566.200,47925296.234,False,2330.294,False
2022-12-01,7601,484,Mexico,MEX,5418.837,16183177.374,False,2986.467,False
2022-12-01,7601,458,Malaysia,MYS,303.237,569357.918,False,1877.600,False
2022-12-01,7601,48,Bahrain,BHR,42.668,112223.884,False,2630.165,False
2022-12-01,7601,826,United Kingdom,GBR,36.137,128528.064,False,3556.689,False
2022-12-01,7601,410,Rep. of Korea,KOR,22.226,34023.238,False,1530.785,False
2022-12-01,7601,392,Japan,JPN,19.000,31984.756,False,1683.408,False
2022-12-01,7601,156,China,CHN,17.101,29582.259,False,1729.856,False
2023-01-01,7601,0,World,W00,238630.893,703431316.988,False,2947.780,True
2023-01-01,7601,842,USA,USA,225005.173,672867441.934,False,2990.453,True
2023-01-01,7601,484,Mexico,MEX,5883.475,18393525.176,False,3126.303,False
2023-01-01,7601,528,Netherlands,NLD,4425.150,9292188.688,False,2099.858,False
2023-01-01,7601,458,Malaysia,MYS,552.598,1246953.336,False,2256.529,False
2023-01-01,7601,826,United Kingdom,GBR,412.620,1495028.640,False,3623.258,False
2023-01-01,7601,554,New Zealand,NZL,34.859,131765.117,False,3779.945,False
2023-01-01,7601,246,Finland,FIN,0.754,1999.568,False,2651.947,False
2023-01-01,7601,156,China,CHN,0.730,1934.753,False,2650.347,False
2023-01-01,7601,36,Australia,AUS,0.179,479.777,False,2680.318,False
2023-02-01,7601,0,World,W00,174213.370,541996454.234,False,3111.107,False
2023-02-01,7601,842,USA,USA,161334.368,509050909.559,False,3155.254,False
2023-02-01,7601,528,Netherlands,NLD,6997.220,13999169.829,False,2000.676,False
2023-02-01,7601,484,Mexico,MEX,5043.643,16508774.235,False,3273.185,False
2023-02-01,7601,458,Malaysia,MYS,439.851,884074.144,False,2009.940,False
2023-02-01,7601,826,United Kingdom,GBR,287.972,1097937.615,False,3812.654,False
2023-02-01,7601,699,India,IND,110.291,455521.938,False,4130.182,False
2023-02-01,7601,796,Turks and Caicos Isds,TCA,0.025,66.913,False,2676.520,False
2023-03-01,7601,0,World,W00,227642.935,707136431.667,False,3106.340,False
2023-03-01,7601,842,USA,USA,217705.249,675931749.445,False,3104.802,False
2023-03-01,7601,484,Mexico,MEX,8739.083,28250594.255,False,3232.673,False
2023-03-01,7601,458,Malaysia,MYS,769.870,1434337.375,False,1863.090,False
2023-03-01,7601,826,United Kingdom,GBR,257.035,968562.422,False,3768.212,False
2023-03-01,7601,699,India,IND,66.244,268844.529,False,4058.398,False
2023-03-01,7601,48,Bahrain,BHR,49.956,133952.113,False,2681.402,False
2023-03-01,7601,528,Netherlands,NLD,37.857,101510.226,False,2681.412,False
2023-03-01,7601,392,Japan,JPN,8.277,22208.972,False,2683.215,False
2023-03-01,7601,344,"China, Hong Kong SAR",HKG,4.521,11901.476,False,2632.488,False
2023-03-01,7601,376,Israel,ISR,2.820,7421.514,False,2631.743,False
2023-03-01,7601,702,Singapore,SGP,1.074,2825.294,False,2630.628,False
2023-03-01,7601,36,Australia,AUS,0.706,1892.303,False,2680.316,False
2023-03-01,7601,796,Turks and Caicos Isds,TCA,0.238,627.356,False,2635.950,False
2023-03-01,7601,442,Luxembourg,LUX,0.005,4.387,False,877.400,False
2023-04-01,7601,0,World,W00,260418.170,781382706.528,False,3000.492,False
2023-04-01,7601,842,USA,USA,239338.688,723821807.151,False,3024.257,False
2023-04-01,7601,528,Netherlands,NLD,18054.700,49101896.066,False,2719.618,False
2023-04-01,7601,484,Mexico,MEX,1978.430,6088536.061,False,3077.458,False
2023-04-01,7601,458,Malaysia,MYS,892.151,1827147.503,False,2048.025,False
2023-04-01,7601,826,United Kingdom,GBR,132.472,486149.113,False,3669.825,False
2023-04-01,7601,699,India,IND,15.202,39997.198,False,2631.048,False
2023-04-01,7601,392,Japan,JPN,5.551,14604.835,False,2631.028,False
2023-04-01,7601,376,Israel,ISR,0.968,2547.096,False,2631.298,False
2023-04-01,7601,156,China,CHN,0.008,21.504,False,2688.000,False
2023-05-01,7601,0,World,W00,232473.613,686445554.478,False,2952.789,False
2023-05-01,7601,842,USA,USA,212952.592,637543784.310,False,2993.830,False
2023-05-01,7601,528,Netherlands,NLD,9496.300,21846871.410,False,2300.567,False
2023-05-01,7601,484,Mexico,MEX,8607.479,23885789.033,False,2775.004,False
2023-05-01,7601,458,Malaysia,MYS,894.765,1763863.123,False,1971.314,False
2023-05-01,7601,352,Iceland,ISL,283.538,623808.382,False,2200.087,False
2023-05-01,7601,699,India,IND,85.421,332803.944,False,3896.044,False
2023-05-01,7601,826,United Kingdom,GBR,50.164,177633.291,False,3541.051,False
2023-05-01,7601,616,Poland,POL,43.508,90816.029,False,2087.341,False
2023-05-01,7601,251,France,FRA,20.261,60775.339,False,2999.622,False
2023-05-01,7601,156,China,CHN,20.110,67333.169,False,3348.243,False
2023-05-01,7601,276,Germany,DEU,19.475,52076.449,False,2674.015,False
2023-06-01,7601,0,World,W00,245479.741,697286658.845,False,2840.506,False
2023-06-01,7601,842,USA,USA,222403.920,642254437.543,False,2887.784,False
2023-06-01,7601,528,Netherlands,NLD,17870.000,39961853.210,False,2236.254,False
2023-06-01,7601,484,Mexico,MEX,4245.430,12715190.044,False,2995.030,False
2023-06-01,7601,458,Malaysia,MYS,739.983,1664295.570,False,2249.100,False
2023-06-01,7601,699,India,IND,86.787,332454.426,False,3830.694,False
2023-06-01,7601,48,Bahrain,BHR,46.955,125189.909,False,2666.168,False
2023-06-01,7601,826,United Kingdom,GBR,45.005,163628.496,False,3635.785,False
2023-06-01,7601,156,China,CHN,41.661,69609.647,False,1670.859,False
2023-07-01,7601,0,World,W00,260917.912,724814203.801,False,2777.940,False
2023-07-01,7601,842,USA,USA,258153.104,717436893.221,False,2779.114,False
2023-07-01,7601,484,Mexico,MEX,1468.614,4160080.772,False,2832.658,False
2023-07-01,7601,458,Malaysia,MYS,844.637,1801847.749,False,2133.281,False
2023-07-01,7601,826,United Kingdom,GBR,191.131,670955.260,False,3510.447,False
2023-07-01,7601,699,India,IND,132.980,495923.815,False,3729.311,False
2023-07-01,7601,48,Bahrain,BHR,46.958,125229.595,False,2666.843,False
2023-07-01,7601,156,China,CHN,40.431,59714.545,False,1476.949,False
2023-07-01,7601,392,Japan,JPN,34.268,47914.511,False,1398.229,False
2023-07-01,7601,376,Israel,ISR,4.521,12264.680,False,2712.825,False
2023-07-01,7601,56,Belgium,BEL,1.268,3379.655,False,2665.343,False
2023-08-01,7601,0,World,W00,248329.140,671892465.996,False,2705.653,False
2023-08-01,7601,842,USA,USA,221158.285,603943557.202,False,2730.820,False
2023-08-01,7601,528,Netherlands,NLD,20074.200,48379515.982,False,2410.035,False
2023-08-01,7601,484,Mexico,MEX,5834.715,16438919.593,False,2817.433,False
2023-08-01,7601,458,Malaysia,MYS,839.550,1663046.726,False,1980.879,False
2023-08-01,7601,699,India,IND,201.682,761085.886,False,3773.693,False
2023-08-01,7601,826,United Kingdom,GBR,122.781,421998.999,False,3437.006,False
2023-08-01,7601,214,Dominican Rep.,DOM,93.898,273410.497,False,2911.782,False
2023-08-01,7601,156,China,CHN,1.970,5374.716,False,2728.282,False
2023-08-01,7601,682,Saudi Arabia,SAU,1.101,3000.290,False,2725.059,False
2023-08-01,7601,796,Turks and Caicos Isds,TCA,0.958,2556.105,False,2668.168,False
2023-09-01,7601,0,World,W00,219507.781,595019057.836,False,2710.697,False
2023-09-01,7601,842,USA,USA,210622.385,571179563.770,False,2711.865,False
2023-09-01,7601,484,Mexico,MEX,7879.460,21678359.301,False,2751.249,False
2023-09-01,7601,458,Malaysia,MYS,822.130,1748038.087,False,2126.231,False
2023-09-01,7601,616,Poland,POL,65.103,157189.859,False,2414.480,False
2023-09-01,7601,344,"China, Hong Kong SAR",HKG,52.762,88366.630,False,1674.816,False
2023-09-01,7601,218,Ecuador,ECU,49.107,134122.989,False,2731.240,False
2023-09-01,7601,410,Rep. of Korea,KOR,14.833,28075.500,False,1892.773,False
2023-09-01,7601,376,Israel,ISR,2.001,5341.701,False,2669.516,False
2023-10-01,7601,0,World,W00,263319.889,691080076.918,False,2624.489,False
2023-10-01,7601,842,USA,USA,234366.139,619325929.682,False,2642.557,False
2023-10-01,7601,528,Netherlands,NLD,20296.100,48321545.750,False,2380.829,False
2023-10-01,7601,484,Mexico,MEX,6794.670,18682487.992,False,2749.580,False
2023-10-01,7601,704,Viet Nam,VNM,797.829,2296843.615,False,2878.867,False
2023-10-01,7601,458,Malaysia,MYS,732.155,1373584.106,False,1876.084,False
2023-10-01,7601,826,United Kingdom,GBR,198.632,671575.985,False,3381.006,False
2023-10-01,7601,218,Ecuador,ECU,49.517,133215.957,False,2690.308,False
2023-10-01,7601,616,Poland,POL,44.525,121278.727,False,2723.834,False
2023-10-01,7601,156,China,CHN,40.307,153575.736,False,3810.150,False
2023-10-01,7601,554,New Zealand,NZL,0.015,39.368,False,2624.533,False
2023-11-01,7601,0,World,W00,241512.524,633270705.556,False,2622.103,False
2023-11-01,7601,842,USA,USA,210751.593,558089964.853,False,2648.094,False
2023-11-01,7601,528,Netherlands,NLD,22305.344,53388678.656,False,2393.538,False
2023-11-01,7601,484,Mexico,MEX,7102.689,19167212.885,False,2698.585,False
2023-11-01,7601,458,Malaysia,MYS,1224.703,2217452.660,False,1810.604,False
2023-11-01,7601,616,Poland,POL,66.524,205949.517,False,3095.868,False
2023-11-01,7601,826,United Kingdom,GBR,61.218,200276.340,False,3271.527,False
2023-11-01,7601,276,Germany,DEU,0.261,683.726,False,2619.640,False
2023-11-01,7601,372,Ireland,IRL,0.122,319.267,False,2616.943,False
2023-11-01,7601,36,Australia,AUS,0.057,150.157,False,2634.333,False
2023-11-01,7601,442,Luxembourg,LUX,0.010,10.205,False,1020.500,False
2023-11-01,7601,156,China,CHN,0.003,7.289,False,2429.667,False
2023-12-01,7601,0,World,W00,247832.617,645131267.548,False,2603.093,False
2023-12-01,7601,842,USA,USA,236845.798,617730062.969,False,2608.153,False
2023-12-01,7601,484,Mexico,MEX,6534.449,17857142.735,False,2732.769,False
2023-12-01,7601,528,Netherlands,NLD,2999.310,6578637.820,False,2193.384,False
2023-12-01,7601,458,Malaysia,MYS,1209.476,2412101.086,False,1994.336,False
2023-12-01,7601,616,Poland,POL,152.902,294883.270,False,1928.577,False
2023-12-01,7601,156,China,CHN,65.015,213457.297,False,3283.201,False
2023-12-01,7601,764,Thailand,THA,20.600,31628.252,False,1535.352,False
2023-12-01,7601,376,Israel,ISR,3.654,9579.483,False,2621.643,False
2023-12-01,7601,344,"China, Hong Kong SAR",HKG,1.413,3774.635,False,2671.362,False
2024-01-01,7601,0,World,W00,235359.811,625742015.328,False,2658.661,False
2024-01-01,7601,842,USA,USA,233207.300,620434133.776,False,2660.440,False
2024-01-01,7601,484,Mexico,MEX,1062.867,2812706.609,False,2646.339,False
2024-01-01,7601,458,Malaysia,MYS,648.630,1171923.840,False,1806.768,False
2024-01-01,7601,826,United Kingdom,GBR,185.775,639717.697,False,3443.508,False
2024-01-01,7601,699,India,IND,112.162,431236.626,False,3844.766,False
2024-01-01,7601,156,China,CHN,98.469,140343.911,False,1425.260,False
2024-01-01,7601,616,Poland,POL,44.552,111803.137,False,2509.498,False
2024-01-01,7601,246,Finland,FIN,0.056,149.732,False,2673.786,False
2024-02-01,7601,0,World,W00,283050.264,741299273.924,False,2618.967,False
2024-02-01,7601,842,USA,USA,269704.726,708617162.828,False,2627.381,False
2024-02-01,7601,528,Netherlands,NLD,10915.606,26415294.378,False,2419.957,False
2024-02-01,7601,484,Mexico,MEX,1052.521,2761179.309,False,2623.396,False
2024-02-01,7601,458,Malaysia,MYS,749.395,1585225.304,False,2115.340,False
2024-02-01,7601,156,China,CHN,263.098,583828.360,False,2219.053,False
2024-02-01,7601,826,United Kingdom,GBR,143.240,490048.733,False,3421.172,False
2024-02-01,7601,699,India,IND,111.456,428302.763,False,3842.797,False
2024-02-01,7601,616,Poland,POL,108.945,414703.569,False,3806.541,False
2024-02-01,7601,796,Turks and Caicos Isds,TCA,0.950,2533.183,False,2666.508,False
2024-02-01,7601,36,Australia,AUS,0.327,995.497,False,3044.333,False
2024-03-01,7601,0,World,W00,261107.566,683710421.499,False,2618.501,False
2024-03-01,7601,842,USA,USA,219500.765,583005142.723,False,2656.051,False
2024-03-01,7601,528,Netherlands,NLD,33866.700,79986892.662,False,2361.815,False
2024-03-01,7601,484,Mexico,MEX,6015.453,16214567.751,False,2695.486,False
2024-03-01,7601,458,Malaysia,MYS,993.703,1936584.427,False,1948.856,False
2024-03-01,7601,826,United Kingdom,GBR,329.670,1113425.028,False,3377.393,False
2024-03-01,7601,616,Poland,POL,306.523,1112629.383,False,3629.840,False
2024-03-01,7601,156,China,CHN,88.877,325305.777,False,3660.180,False
2024-03-01,7601,380,Italy,ITA,5.166,13737.989,False,2659.309,False
2024-03-01,7601,36,Australia,AUS,0.653,1985.788,False,3041.023,False
2024-03-01,7601,392,Japan,JPN,0.056,149.968,False,2678.000,False
2024-04-01,7601,0,World,W00,270538.661,721293010.748,False,2666.137,False
2024-04-01,7601,842,USA,USA,243839.158,655005199.423,False,2686.218,False
2024-04-01,7601,528,Netherlands,NLD,20022.200,48489382.507,False,2421.781,False
2024-04-01,7601,484,Mexico,MEX,5372.240,14713863.618,False,2738.869,False
2024-04-01,7601,458,Malaysia,MYS,799.632,1476481.039,False,1846.451,False
2024-04-01,7601,616,Poland,POL,239.962,741652.923,False,3090.710,False
2024-04-01,7601,826,United Kingdom,GBR,236.408,802500.453,False,3394.557,False
2024-04-01,7601,764,Thailand,THA,23.895,50208.107,False,2101.197,False
2024-04-01,7601,380,Italy,ITA,5.166,13722.677,False,2656.345,False
2024-05-01,7601,0,World,W00,212322.673,607057212.731,False,2859.126,False
2024-05-01,7601,842,USA,USA,202995.310,580053809.716,False,2857.474,False
2024-05-01,7601,484,Mexico,MEX,7626.620,22999444.595,False,3015.680,False
2024-05-01,7601,458,Malaysia,MYS,1289.689,2698297.011,False,2092.208,False
2024-05-01,7601,616,Poland,POL,263.115,789844.854,False,3001.900,False
2024-05-01,7601,826,United Kingdom,GBR,122.321,450847.308,False,3685.772,False
2024-05-01,7601,764,Thailand,THA,25.618,64969.247,False,2536.078,False
2024-06-01,7601,0,World,W00,239259.741,704434677.988,False,2944.226,False
2024-06-01,7601,842,USA,USA,232590.252,685038723.392,False,2945.260,False
2024-06-01,7601,484,Mexico,MEX,5001.045,15513137.072,False,3101.979,False
2024-06-01,7601,458,Malaysia,MYS,1342.990,2788668.659,False,2076.463,False
2024-06-01,7601,826,United Kingdom,GBR,177.820,653541.918,False,3675.300,False
2024-06-01,7601,616,Poland,POL,130.897,396522.172,False,3029.269,False
2024-06-01,7601,392,Japan,JPN,16.728,44060.695,False,2633.949,False
2024-06-01,7601,156,China,CHN,0.009,24.080,False,2675.556,False
2024-07-01,7601,0,World,W00,275787.920,808180185.161,False,2930.441,False
2024-07-01,7601,842,USA,USA,235736.324,700516771.325,False,2971.611,False
2024-07-01,7601,380,Italy,ITA,29845.100,78861589.203,False,2642.363,False
2024-07-01,7601,484,Mexico,MEX,7946.480,23992402.431,False,3019.249,False
2024-07-01,7601,458,Malaysia,MYS,1808.192,3453816.455,False,1910.094,False
2024-07-01,7601,276,Germany,DEU,174.480,569443.243,False,3263.659,False
2024-07-01,7601,616,Poland,POL,131.066,424203.571,False,3236.565,False
2024-07-01,7601,344,"China, Hong Kong SAR",HKG,51.764,101273.986,False,1956.456,False
2024-07-01,7601,826,United Kingdom,GBR,44.827,159342.451,False,3554.609,False
2024-07-01,7601,764,Thailand,THA,26.000,50223.384,False,1931.669,False
2024-07-01,7601,56,Belgium,BEL,22.679,48469.101,False,2137.180,False
2024-07-01,7601,36,Australia,AUS,1.008,2650.011,False,2628.979,False
2024-08-01,7601,0,World,W00,211742.059,607457535.294,False,2868.856,False
2024-08-01,7601,842,USA,USA,203213.655,584027886.005,False,2873.960,False
2024-08-01,7601,484,Mexico,MEX,6683.731,19423309.146,False,2906.058,False
2024-08-01,7601,458,Malaysia,MYS,1381.043,2695714.660,False,1951.941,False
2024-08-01,7601,826,United Kingdom,GBR,199.226,717074.646,False,3599.303,False
2024-08-01,7601,344,"China, Hong Kong SAR",HKG,124.703,244960.686,False,1964.353,False
2024-08-01,7601,616,Poland,POL,87.290,277212.538,False,3175.765,False
2024-08-01,7601,764,Thailand,THA,40.252,39489.089,False,981.047,False
2024-08-01,7601,376,Israel,ISR,11.348,29505.657,False,2600.076,False
2024-08-01,7601,36,Australia,AUS,0.804,2366.752,False,2943.721,False
2024-08-01,7601,156,China,CHN,0.007,16.115,False,2302.143,False
2024-09-01,7601,0,World,W00,257534.346,730038884.743,False,2834.724,False
2024-09-01,7601,842,USA,USA,246449.405,700007777.714,False,2840.371,False
2024-09-01,7601,484,Mexico,MEX,8508.041,24543752.502,False,2884.771,False
2024-09-01,7601,458,Malaysia,MYS,1540.248,2907706.900,False,1887.817,False
2024-09-01,7601,352,Iceland,ISL,606.363,1266363.747,False,2088.458,False
2024-09-01,7601,616,Poland,POL,305.878,962432.993,False,3146.460,False
2024-09-01,7601,826,United Kingdom,GBR,66.890,222223.033,False,3322.216,False
2024-09-01,7601,699,India,IND,46.386,99264.661,False,2139.970,False
2024-09-01,7601,392,Japan,JPN,11.135,29363.193,False,2637.018,False
2024-10-01,7601,0,World,W00,251158.115,724254724.338,False,2883.660,False
2024-10-01,7601,842,USA,USA,241545.122,696989690.821,False,2885.547,False
2024-10-01,7601,484,Mexico,MEX,7294.882,21948220.099,False,3008.715,False
2024-10-01,7601,458,Malaysia,MYS,1736.549,3383254.897,False,1948.263,False
2024-10-01,7601,340,Honduras,HND,188.088,667510.236,False,3548.925,False
2024-10-01,7601,826,United Kingdom,GBR,173.122,603383.735,False,3485.309,False
2024-10-01,7601,699,India,IND,110.111,416722.476,False,3784.567,False
2024-10-01,7601,764,Thailand,THA,50.258,92655.089,False,1843.589,False
2024-10-01,7601,704,Viet Nam,VNM,43.306,106296.282,False,2454.539,False
2024-10-01,7601,410,Rep. of Korea,KOR,16.000,45185.133,False,2824.071,False
2024-10-01,7601,246,Finland,FIN,0.639,1702.873,False,2664.903,False
2024-10-01,7601,490,"Other Asia, nes",S19,0.028,75.020,False,2679.286,False
2024-10-01,7601,36,Australia,AUS,0.010,27.677,False,2767.700,False
2024-11-01,7601,0,World,W00,206650.203,625931359.116,False,3028.941,False
2024-11-01,7601,842,USA,USA,200357.033,607017107.677,False,3029.677,False
2024-11-01,7601,484,Mexico,MEX,5114.530,16245445.092,False,3176.332,False
2024-11-01,7601,458,Malaysia,MYS,889.660,1686563.309,False,1895.739,False
2024-11-01,7601,616,Poland,POL,152.871,478734.367,False,3131.623,False
2024-11-01,7601,826,United Kingdom,GBR,115.506,446399.920,False,3864.734,False
2024-11-01,7601,392,Japan,JPN,17.464,45726.660,False,2618.338,False
2024-11-01,7601,251,France,FRA,2.191,5655.253,False,2581.129,False
2024-11-01,7601,36,Australia,AUS,0.327,962.109,False,2942.229,False
2024-11-01,7601,702,Singapore,SGP,0.324,850.436,False,2624.802,False
2024-11-01,7601,796,Turks and Caicos Isds,TCA,0.180,3622.941,False,20127.450,False
2024-11-01,7601,246,Finland,FIN,0.106,278.468,False,2627.057,False
2024-11-01,7601,152,Chile,CHL,0.010,9.306,False,930.600,False
2024-11-01,7601,398,Kazakhstan,KAZ,0.001,3.579,False,3579.000,False
2024-12-01,7601,0,World,W00,227215.069,696946110.006,False,3067.341,False
2024-12-01,7601,842,USA,USA,216359.801,664417658.785,False,3070.892,False
2024-12-01,7601,484,Mexico,MEX,8874.024,27713336.914,False,3122.973,False
2024-12-01,7601,458,Malaysia,MYS,1029.198,1981723.089,False,1925.502,False
2024-12-01,7601,616,Poland,POL,876.182,2685256.253,False,3064.724,False
2024-12-01,7601,156,China,CHN,49.813,102330.724,False,2054.298,False
2024-12-01,7601,699,India,IND,26.051,45804.241,False,1758.253,False
2025-01-01,7601,0,World,W00,247903.744,760637025.298,True,3068.276,False
2025-01-01,7601,842,USA,USA,240523.362,738393128.560,False,3069.943,False
2025-01-01,7601,484,Mexico,MEX,5576.137,17369094.299,False,3114.897,False
2025-01-01,7601,458,Malaysia,MYS,792.985,1518260.623,False,1914.615,False
2025-01-01,7601,616,Poland,POL,509.617,1585403.466,False,3110.971,False
2025-01-01,7601,826,United Kingdom,GBR,315.559,1094407.837,False,3468.156,False
2025-01-01,7601,699,India,IND,132.879,512886.968,False,3859.805,False
2025-01-01,7601,251,France,FRA,32.860,82642.636,False,2514.992,False
2025-01-01,7601,554,New Zealand,NZL,19.952,80256.663,False,4022.487,False
2025-01-01,7601,682,Saudi Arabia,SAU,0.336,849.751,False,2529.021,False
2025-01-01,7601,156,China,CHN,0.030,25.708,False,856.933,False
2025-01-01,7601,724,Spain,ESP,0.016,40.299,False,2518.688,False
2025-01-01,7601,380,Italy,ITA,0.011,27.792,False,2526.545,False
2025-01-01,7601,528,Netherlands,NLD,0.000,0.695,True,3278.302,False
2025-02-01,7601,0,World,W00,215441.288,673089788.616,False,3124.238,False
2025-02-01,7601,842,USA,USA,209424.133,654586706.951,False,3125.651,False
2025-02-01,7601,484,Mexico,MEX,5174.689,16679851.965,False,3223.354,False
2025-02-01,7601,458,Malaysia,MYS,642.759,1145266.720,False,1781.798,False
2025-02-01,7601,616,Poland,POL,109.323,352813.987,False,3227.262,False
2025-02-01,7601,826,United Kingdom,GBR,73.196,281546.769,False,3846.478,False
2025-02-01,7601,764,Thailand,THA,15.822,39999.705,False,2528.107,False
2025-02-01,7601,410,Rep. of Korea,KOR,0.575,1439.749,False,2503.911,False
2025-02-01,7601,36,Australia,AUS,0.490,1409.681,False,2876.900,False
2025-02-01,7601,392,Japan,JPN,0.301,753.089,False,2501.957,False
2025-03-01,7601,0,World,W00,258055.325,832247068.267,False,3225.072,False
2025-03-01,7601,842,USA,USA,250537.664,806870830.482,False,3220.557,False
2025-03-01,7601,484,Mexico,MEX,6073.085,21070923.328,False,3469.558,False
2025-03-01,7601,616,Poland,POL,720.644,2392897.001,False,3320.498,False
2025-03-01,7601,458,Malaysia,MYS,439.898,970556.619,False,2206.322,False
2025-03-01,7601,826,United Kingdom,GBR,241.540,858440.129,False,3554.029,False
2025-03-01,7601,764,Thailand,THA,39.144,75000.846,False,1916.024,False
2025-03-01,7601,384,Côte d'Ivoire,CIV,2.358,5919.672,False,2510.463,False
2025-03-01,7601,528,Netherlands,NLD,0.992,2500.191,False,2520.354,False
2025-04-01,7601,0,World,W00,200303.521,592400145.361,False,2957.512,False
2025-04-01,7601,842,USA,USA,183809.458,549332720.263,False,2988.599,False
2025-04-01,7601,528,Netherlands,NLD,11782.491,27562157.457,False,2339.247,False
2025-04-01,7601,484,Mexico,MEX,3920.526,13048572.139,False,3328.271,False
2025-04-01,7601,826,United Kingdom,GBR,358.204,1110420.311,False,3099.966,False
2025-04-01,7601,616,Poland,POL,262.015,838476.925,False,3200.110,False
2025-04-01,7601,156,China,CHN,115.386,364553.073,False,3159.422,False
2025-04-01,7601,458,Malaysia,MYS,24.016,69956.490,False,2912.912,False
2025-04-01,7601,699,India,IND,20.403,44450.478,False,2178.625,False
2025-04-01,7601,724,Spain,ESP,5.831,14690.606,False,2519.397,False
2025-04-01,7601,251,France,FRA,1.906,4901.155,False,2571.435,False
2025-04-01,7601,36,Australia,AUS,1.490,3748.026,False,2515.454,False
2025-04-01,7601,702,Singapore,SGP,0.972,2500.589,False,2572.622,False
2025-04-01,7601,40,Austria,AUT,0.823,2997.849,False,3642.587,False
2025-05-01,7601,0,World,W00,195244.165,530072957.099,False,2714.923,False
2025-05-01,7601,842,USA,USA,167847.587,462336886.821,False,2754.504,False
2025-05-01,7601,380,Italy,ITA,25490.754,61597214.572,False,2416.453,False
2025-05-01,7601,484,Mexico,MEX,753.118,2462476.234,False,3269.708,False
2025-05-01,7601,616,Poland,POL,608.576,1884238.680,False,3096.144,False
2025-05-01,7601,826,United Kingdom,GBR,381.762,1444125.604,False,3782.790,False
2025-05-01,7601,764,Thailand,THA,94.884,174917.336,False,1843.486,False
2025-05-01,7601,784,United Arab Emirates,ARE,40.798,104950.402,False,2572.440,False
2025-05-01,7601,392,Japan,JPN,13.454,34609.185,False,2572.409,False
2025-05-01,7601,214,Dominican Rep.,DOM,6.727,16926.344,False,2516.180,False
2025-05-01,7601,410,Rep. of Korea,KOR,6.033,15117.675,False,2505.830,False
2025-05-01,7601,36,Australia,AUS,0.373,969.239,False,2598.496,False
2025-05-01,7601,796,Turks and Caicos Isds,TCA,0.099,525.004,False,5303.071,False
2025-06-01,7601,0,World,W00,204444.386,517213822.691,False,2529.851,False
2025-06-01,7601,842,USA,USA,129884.800,335216439.624,False,2580.875,False
2025-06-01,7601,528,Netherlands,NLD,62842.783,153838713.935,False,2447.993,False
2025-06-01,7601,380,Italy,ITA,10477.883,24104066.783,False,2300.471,False
2025-06-01,7601,484,Mexico,MEX,770.101,2555784.406,False,3318.765,False
2025-06-01,7601,826,United Kingdom,GBR,277.087,1045644.121,False,3773.703,False
2025-06-01,7601,156,China,CHN,103.638,271920.532,False,2623.753,False
2025-06-01,7601,458,Malaysia,MYS,45.132,70014.336,False,1551.324,False
2025-06-01,7601,616,Poland,POL,21.915,64258.441,False,2932.167,False
2025-06-01,7601,699,India,IND,21.038,46889.812,False,2228.815,False
2025-06-01,7601,796,Turks and Caicos Isds,TCA,0.009,90.702,False,10078.000,False
2025-07-01,7601,0,World,W00,139414.806,359195192.138,False,2576.449,False
2025-07-01,7601,842,USA,USA,123713.446,319370856.433,False,2581.537,False
2025-07-01,7601,528,Netherlands,NLD,14954.164,37374100.600,False,2499.244,False
2025-07-01,7601,484,Mexico,MEX,380.161,1189355.969,False,3128.559,False
2025-07-01,7601,826,United Kingdom,GBR,160.150,696011.720,False,4345.999,False
2025-07-01,7601,699,India,IND,91.503,321535.162,False,3513.930,False
2025-07-01,7601,764,Thailand,THA,50.333,69978.824,False,1390.317,False
2025-07-01,7601,458,Malaysia,MYS,25.330,34989.777,False,1381.357,False
2025-07-01,7601,156,China,CHN,22.091,88315.252,False,3997.793,False
2025-07-01,7601,376,Israel,ISR,16.638,46696.847,False,2806.638,False
2025-07-01,7601,276,Germany,DEU,0.745,2470.949,False,3316.710,False
2025-07-01,7601,608,Philippines,PHL,0.236,793.712,False,3363.186,False
2025-07-01,7601,796,Turks and Caicos Isds,TCA,0.009,86.892,False,9654.667,False
2025-08-01,7601,0,World,W00,187195.008,498534464.133,False,2663.182,False
2025-08-01,7601,842,USA,USA,123532.851,338756546.376,False,2742.239,False
2025-08-01,7601,380,Italy,ITA,22940.138,51306387.009,False,2236.533,False
2025-08-01,7601,528,Netherlands,NLD,18986.400,48517381.054,False,2555.375,False
2025-08-01,7601,616,Poland,POL,17697.260,45621502.906,False,2577.885,False
2025-08-01,7601,484,Mexico,MEX,3181.128,11937002.667,False,3752.443,False
2025-08-01,7601,32,Argentina,ARG,503.575,1294592.819,False,2570.804,False
2025-08-01,7601,826,United Kingdom,GBR,207.795,758784.962,False,3651.604,False
2025-08-01,7601,724,Spain,ESP,65.486,198568.324,False,3032.226,False
2025-08-01,7601,156,China,CHN,44.839,72640.197,False,1620.023,False
2025-08-01,7601,764,Thailand,THA,24.785,35000.000,False,1412.144,False
2025-08-01,7601,699,India,IND,9.830,33027.098,False,3359.827,False
2025-08-01,7601,598,Papua New Guinea,PNG,0.861,2869.149,False,3332.345,False
2025-08-01,7601,36,Australia,AUS,0.057,149.978,False,2631.193,False
2025-08-01,7601,470,Malta,MLT,0.003,11.593,False,3864.333,False
2025-09-01,7601,0,World,W00,234487.352,650773564.143,False,2775.303,False
2025-09-01,7601,842,USA,USA,138879.876,401632201.918,False,2891.940,False
2025-09-01,7601,528,Netherlands,NLD,50372.279,129016926.564,False,2561.268,False
2025-09-01,7601,380,Italy,ITA,29976.389,76116498.017,False,2539.215,False
2025-09-01,7601,616,Poland,POL,10694.570,26840455.110,False,2509.727,False
2025-09-01,7601,484,Mexico,MEX,3856.348,15104161.446,False,3916.701,False
2025-09-01,7601,32,Argentina,ARG,663.476,1962370.112,False,2957.711,False
2025-09-01,7601,764,Thailand,THA,24.617,34999.982,False,1421.781,False
2025-09-01,7601,699,India,IND,19.779,65919.187,False,3332.787,False
2025-09-01,7601,442,Luxembourg,LUX,0.010,10.121,False,1012.100,False
2025-09-01,7601,156,China,CHN,0.008,21.687,False,2710.875,False
2025-10-01,7601,0,World,W00,230164.496,656166601.499,True,2850.859,False
2025-10-01,7601,842,USA,USA,149640.793,447468216.262,True,2990.282,False
2025-10-01,7601,528,Netherlands,NLD,77370.496,196585246.316,False,2540.830,False
2025-10-01,7601,484,Mexico,MEX,2702.119,10741631.633,False,3975.262,False
2025-10-01,7601,32,Argentina,ARG,260.911,813864.350,False,3119.318,False
2025-10-01,7601,616,Poland,POL,87.736,326698.113,False,3723.650,False
2025-10-01,7601,724,Spain,ESP,68.818,170531.018,False,2478.000,False
2025-10-01,7601,344,"China, Hong Kong SAR",HKG,24.326,29496.855,False,1212.565,False
2025-10-01,7601,699,India,IND,9.143,30403.802,False,3325.364,False
2025-10-01,7601,36,Australia,AUS,0.149,495.998,False,3328.846,False
2025-10-01,7601,586,Pakistan,PAK,0.005,17.153,False,3430.600,False
2025-11-01,7601,0,World,W00,224463.127,669842626.131,False,2984.199,True
2025-11-01,7601,842,USA,USA,132041.781,410604312.740,False,3109.654,True
2025-11-01,7601,528,Netherlands,NLD,90203.257,244665029.863,False,2712.375,False
2025-11-01,7601,484,Mexico,MEX,2794.520,12075949.772,False,4321.297,False
2025-11-01,7601,32,Argentina,ARG,397.695,1256728.538,False,3160.031,False
2025-11-01,7601,616,Poland,POL,244.307,744602.090,False,3047.813,False
2025-11-01,7601,724,Spain,ESP,97.455,172757.272,False,1772.688,False
2025-11-01,7601,826,United Kingdom,GBR,72.665,261549.676,False,3599.390,False
2025-11-01,7601,344,"China, Hong Kong SAR",HKG,9.362,24387.312,False,2604.925,False
2025-11-01,7601,56,Belgium,BEL,8.866,29470.166,False,3323.953,False
2025-11-01,7601,156,China,CHN,1.645,5381.552,False,3271.460,False
2025-11-01,7601,410,Rep. of Korea,KOR,0.555,1429.486,False,2575.650,False
2025-11-01,7601,579,Norway,NOR,0.173,567.527,False,3280.503,False
2025-11-01,7601,554,New Zealand,NZL,0.140,460.138,False,3286.700,False
2025-12-01,7601,0,World,W00,222283.590,692021554.761,False,3113.237,False
2025-12-01,7601,842,USA,USA,158760.610,512030893.196,False,3225.176,False
2025-12-01,7601,528,Netherlands,NLD,45857.118,127290336.624,False,2775.803,False
2025-12-01,7601,380,Italy,ITA,10501.411,26252621.277,False,2499.914,False
2025-12-01,7601,484,Mexico,MEX,6675.231,24770116.998,False,3710.751,False
2025-12-01,7601,616,Poland,POL,265.880,904142.839,False,3400.567,False
2025-12-01,7601,156,China,CHN,69.066,333280.778,False,4825.540,False
2025-12-01,7601,400,Jordan,JOR,39.736,101915.046,False,2564.804,False
2025-12-01,7601,826,United Kingdom,GBR,35.328,129620.945,False,3669.071,False
2025-12-01,7601,392,Japan,JPN,33.325,98006.327,False,2940.925,False
2025-12-01,7601,764,Thailand,THA,22.664,34998.792,False,1544.246,False
2025-12-01,7601,699,India,IND,17.476,57270.883,False,3277.116,False
2025-12-01,7601,792,Türkiye,TUR,5.048,16519.500,False,3272.484,False
2025-12-01,7601,376,Israel,ISR,0.331,849.848,False,2567.517,False
2025-12-01,7601,44,Bahamas,BHS,0.310,794.785,False,2563.823,False
2025-12-01,7601,796,Turks and Caicos Isds,TCA,0.056,186.923,False,3337.911,False
2026-01-01,7601,0,World,W00,175458.452,555353055.241,False,3165.154,False
2026-01-01,7601,842,USA,USA,133085.528,432387892.397,False,3248.947,False
2026-01-01,7601,528,Netherlands,NLD,35574.233,100534492.421,False,2826.048,False
2026-01-01,7601,484,Mexico,MEX,6162.081,20286110.943,False,3292.088,False
2026-01-01,7601,616,Poland,POL,372.488,1283496.396,False,3445.739,False
2026-01-01,7601,826,United Kingdom,GBR,166.840,679156.423,False,4070.705,False
2026-01-01,7601,724,Spain,ESP,96.905,180733.216,False,1865.056,False
2026-01-01,7601,36,Australia,AUS,0.132,438.862,False,3324.712,False
2026-01-01,7601,156,China,CHN,0.130,434.502,False,3342.323,False
2026-01-01,7601,276,Germany,DEU,0.115,300.082,False,2609.409,False
2026-02-01,7601,0,World,W00,191893.592,653544858.263,False,3405.767,False
2026-02-01,7601,842,USA,USA,165093.615,564147768.781,False,3417.139,False
2026-02-01,7601,528,Netherlands,NLD,21016.839,69394924.862,False,3301.873,False
2026-02-01,7601,484,Mexico,MEX,4969.892,17315700.766,False,3484.120,False
2026-02-01,7601,32,Argentina,ARG,380.168,1334327.745,False,3509.837,False
2026-02-01,7601,616,Poland,POL,267.356,905042.884,False,3385.160,False
2026-02-01,7601,36,Australia,AUS,85.520,243891.075,False,2851.860,False
2026-02-01,7601,724,Spain,ESP,47.618,95237.020,False,2000.021,False
2026-02-01,7601,276,Germany,DEU,15.535,51864.754,False,3338.574,False
2026-02-01,7601,392,Japan,JPN,10.620,35393.299,False,3332.702,False
2026-02-01,7601,699,India,IND,5.401,18001.025,False,3332.906,False
2026-02-01,7601,410,Rep. of Korea,KOR,1.009,2640.121,False,2616.572,False
2026-02-01,7601,251,France,FRA,0.015,51.279,False,3418.600,False
2026-02-01,7601,800,Uganda,UGA,0.004,14.651,False,3662.750,False
2026-03-01,7601,0,World,W00,211563.703,736516068.613,True,3481.297,False
2026-03-01,7601,842,USA,USA,173116.202,621414661.178,False,3589.581,False
2026-03-01,7601,528,Netherlands,NLD,30664.405,85803738.749,True,2798.154,False
2026-03-01,7601,484,Mexico,MEX,6847.100,25823531.954,False,3771.455,False
2026-03-01,7601,616,Poland,POL,727.870,2640920.715,False,3628.286,False
2026-03-01,7601,826,United Kingdom,GBR,93.432,400276.558,False,4284.148,False
2026-03-01,7601,724,Spain,ESP,48.253,94575.445,False,1959.991,False
2026-03-01,7601,156,China,CHN,44.479,216971.658,False,4878.070,False
2026-03-01,7601,699,India,IND,21.487,119797.994,False,5575.371,False
2026-03-01,7601,796,Turks and Caicos Isds,TCA,0.475,1594.361,False,3356.549,False
2026-04-01,7601,0,World,W00,173601.463,654447673.307,False,3769.828,False
2026-04-01,7601,842,USA,USA,148158.045,566741310.719,False,3825.248,False
2026-04-01,7601,484,Mexico,MEX,14364.795,55996089.190,False,3898.147,False
2026-04-01,7601,380,Italy,ITA,10510.145,29439899.025,False,2801.094,False
2026-04-01,7601,616,Poland,POL,354.117,1425439.761,False,4025.336,False
2026-04-01,7601,826,United Kingdom,GBR,107.994,485861.991,False,4498.972,False
2026-04-01,7601,300,Greece,GRC,57.602,248092.635,False,4307.014,False
2026-04-01,7601,724,Spain,ESP,44.942,97136.314,False,2161.371,False
2026-04-01,7601,699,India,IND,1.719,5795.296,False,3371.318,False
2026-04-01,7601,392,Japan,JPN,0.984,3301.412,False,3355.093,False
2026-04-01,7601,581,United States Minor Outlying Islands,UMI,0.735,3501.476,False,4763.913,False
2026-04-01,7601,528,Netherlands,NLD,0.316,1055.608,False,3340.532,False
2026-04-01,7601,36,Australia,AUS,0.065,177.511,False,2730.938,False
2026-04-01,7601,784,United Arab Emirates,ARE,0.004,12.368,False,3092.000,False
2026-05-01,7601,0,World,W00,238663.508,905099930.764,False,3792.368,False
2026-05-01,7601,842,USA,USA,129535.550,519951025.855,False,4013.964,False
2026-05-01,7601,528,Netherlands,NLD,50702.865,178501305.255,False,3520.537,False
2026-05-01,7601,380,Italy,ITA,34386.800,106288389.701,False,3090.965,False
2026-05-01,7601,484,Mexico,MEX,13712.580,57285161.416,False,4177.563,False
2026-05-01,7601,300,Greece,GRC,9941.734,41480310.854,False,4172.342,False
2026-05-01,7601,616,Poland,POL,267.215,1075646.373,False,4025.397,False
2026-05-01,7601,826,United Kingdom,GBR,70.759,345904.470,False,4888.487,False
2026-05-01,7601,156,China,CHN,22.941,119177.789,False,5194.969,False
2026-05-01,7601,724,Spain,ESP,22.761,52204.293,False,2293.585,False
2026-05-01,7601,702,Singapore,SGP,0.290,760.292,False,2621.697,False
2026-05-01,7601,191,Croatia,HRV,0.013,44.466,False,3420.462,False
2026-06-01,7601,0,World,W00,164676.352,674182340.512,True,4093.984,False
2026-06-01,7601,842,USA,USA,123698.204,519888360.772,False,4202.877,False
2026-06-01,7601,528,Netherlands,NLD,20210.103,79469865.861,True,3932.185,False
2026-06-01,7601,380,Italy,ITA,10496.439,31489789.026,False,3000.045,False
2026-06-01,7601,484,Mexico,MEX,10006.772,42480847.671,False,4245.210,False
2026-06-01,7601,724,Spain,ESP,118.369,273539.713,False,2310.907,False
2026-06-01,7601,616,Poland,POL,43.958,165267.435,False,3759.667,False
2026-06-01,7601,581,United States Minor Outlying Islands,UMI,29.136,97468.698,False,3345.301,False
2026-06-01,7601,392,Japan,JPN,26.273,88068.984,False,3352.072,False
2026-06-01,7601,826,United Kingdom,GBR,23.433,120767.480,False,5153.735,False
2026-06-01,7601,156,China,CHN,22.470,104334.897,False,4643.298,False
2026-06-01,7601,796,Turks and Caicos Isds,TCA,1.195,4029.975,False,3372.364,False
2026-07-01,7601,0,World,W00,184438.416,722242743.691,False,3915.902,False
2026-07-01,7601,842,USA,USA,136985.435,564152096.935,False,4118.336,False
2026-07-01,7601,528,Netherlands,NLD,35037.117,106951449.039,False,3052.519,False
2026-07-01,7601,484,Mexico,MEX,11570.098,47230696.092,False,4082.134,False
2026-07-01,7601,251,France,FRA,495.596,2349010.141,False,4739.768,False
2026-07-01,7601,826,United Kingdom,GBR,255.396,1250218.122,False,4895.214,False
2026-07-01,7601,699,India,IND,94.258,307604.755,False,3263.434,False
2026-07-01,7601,156,China,CHN,0.377,1237.267,False,3281.875,False
2026-07-01,7601,796,Turks and Caicos Isds,TCA,0.093,302.222,False,3249.699,False
2026-07-01,7601,76,Brazil,BRA,0.031,101.450,False,3272.581,False
2026-07-01,7601,442,Luxembourg,LUX,0.010,9.932,False,993.200,False
2026-07-01,7601,702,Singapore,SGP,0.005,17.736,False,3547.200,False
2018-01-01,7602,0,World,W00,36839.016,57361997.945,False,1557.099,False
2018-01-01,7602,842,USA,USA,29384.432,45934079.273,False,1563.211,False
2018-01-01,7602,156,China,CHN,4176.093,6458161.808,False,1546.460,False
2018-01-01,7602,410,Rep. of Korea,KOR,927.530,1449046.791,False,1562.264,False
2018-01-01,7602,360,Indonesia,IDN,573.390,906087.250,False,1580.229,False
2018-01-01,7602,699,India,IND,466.057,638613.059,False,1370.247,False
2018-01-01,7602,528,Netherlands,NLD,270.226,499333.490,False,1847.837,False
2018-01-01,7602,586,Pakistan,PAK,269.074,230093.883,False,855.132,False
2018-01-01,7602,392,Japan,JPN,160.853,343224.535,False,2133.778,False
2018-01-01,7602,490,"Other Asia, nes",S19,138.290,213712.690,False,1545.395,False
2018-01-01,7602,458,Malaysia,MYS,133.340,246178.158,False,1846.244,False
2018-01-01,7602,56,Belgium,BEL,123.844,125051.636,False,1009.751,False
2018-01-01,7602,380,Italy,ITA,77.317,104371.969,False,1349.923,False
2018-01-01,7602,688,Serbia,SRB,43.073,87003.462,False,2019.907,False
2018-01-01,7602,784,United Arab Emirates,ARE,26.483,50291.019,False,1898.993,False
2018-01-01,7602,764,Thailand,THA,24.830,30401.524,False,1224.387,False
2018-01-01,7602,344,"China, Hong Kong SAR",HKG,22.624,6434.836,False,284.425,False
2018-01-01,7602,643,Russian Federation,RUS,19.937,36912.803,False,1851.472,False
2018-01-01,7602,579,Norway,NOR,1.623,2999.759,False,1848.280,False
2018-02-01,7602,0,World,W00,39668.182,64844958.613,False,1634.684,False
2018-02-01,7602,842,USA,USA,28269.686,47044967.565,False,1664.149,False
2018-02-01,7602,156,China,CHN,8315.316,13108290.676,False,1576.403,False
2018-02-01,7602,360,Indonesia,IDN,940.389,1382840.336,False,1470.498,False
2018-02-01,7602,699,India,IND,527.985,833226.945,False,1578.126,False
2018-02-01,7602,410,Rep. of Korea,KOR,409.009,682218.034,False,1667.978,False
2018-02-01,7602,36,Australia,AUS,258.148,365639.037,False,1416.393,False
2018-02-01,7602,458,Malaysia,MYS,234.837,355955.423,False,1515.755,False
2018-02-01,7602,688,Serbia,SRB,162.948,314345.601,False,1929.116,False
2018-02-01,7602,344,"China, Hong Kong SAR",HKG,118.143,137730.094,False,1165.791,False
2018-02-01,7602,490,"Other Asia, nes",S19,106.330,209966.291,False,1974.667,False
2018-02-01,7602,586,Pakistan,PAK,91.023,113883.362,False,1251.149,False
2018-02-01,7602,56,Belgium,BEL,72.492,52420.860,False,723.126,False
2018-02-01,7602,392,Japan,JPN,64.652,111270.184,False,1721.063,False
2018-02-01,7602,251,France,FRA,25.670,23485.226,False,914.890,False
2018-02-01,7602,300,Greece,GRC,22.662,43965.575,False,1940.057,False
2018-02-01,7602,764,Thailand,THA,21.038,22089.253,False,1049.969,False
2018-02-01,7602,704,Viet Nam,VNM,21.000,29999.497,False,1428.547,False
2018-02-01,7602,643,Russian Federation,RUS,6.854,12664.654,False,1847.776,False
2018-03-01,7602,0,World,W00,44804.064,72892593.035,False,1626.919,False
2018-03-01,7602,842,USA,USA,32430.692,53294309.817,False,1643.329,False
2018-03-01,7602,156,China,CHN,8506.689,13898173.770,False,1633.794,False
2018-03-01,7602,360,Indonesia,IDN,1033.262,1642847.068,False,1589.962,False
2018-03-01,7602,699,India,IND,760.049,1069877.326,False,1407.643,False
2018-03-01,7602,410,Rep. of Korea,KOR,650.125,997469.979,False,1534.274,False
2018-03-01,7602,458,Malaysia,MYS,475.120,686916.077,False,1445.774,False
2018-03-01,7602,490,"Other Asia, nes",S19,239.875,344312.400,False,1435.383,False
2018-03-01,7602,586,Pakistan,PAK,184.108,169802.260,False,922.297,False
2018-03-01,7602,36,Australia,AUS,129.456,179779.349,False,1388.729,False
2018-03-01,7602,392,Japan,JPN,102.354,143037.930,False,1397.483,False
2018-03-01,7602,764,Thailand,THA,84.891,122130.424,False,1438.673,False
2018-03-01,7602,76,Brazil,BRA,60.848,123676.007,False,2032.540,False
2018-03-01,7602,608,Philippines,PHL,24.755,62872.515,False,2539.791,False
2018-03-01,7602,643,Russian Federation,RUS,24.330,35370.574,False,1453.784,False
2018-03-01,7602,56,Belgium,BEL,23.396,14035.500,False,599.910,False
2018-03-01,7602,251,France,FRA,22.870,21173.480,False,925.819,False
2018-03-01,7602,300,Greece,GRC,22.771,43920.376,False,1928.786,False
2018-03-01,7602,380,Italy,ITA,21.336,29866.320,False,1399.809,False
2018-03-01,7602,702,Singapore,SGP,7.137,13021.864,False,1824.557,False
2018-04-01,7602,0,World,W00,45399.864,75984281.153,False,1673.668,False
2018-04-01,7602,842,USA,USA,31400.830,53891423.703,False,1716.242,False
2018-04-01,7602,156,China,CHN,10242.400,16554393.231,False,1616.261,False
2018-04-01,7602,360,Indonesia,IDN,1522.660,2509851.754,False,1648.334,False
2018-04-01,7602,699,India,IND,699.234,827373.176,False,1183.257,False
2018-04-01,7602,410,Rep. of Korea,KOR,507.926,729642.084,False,1436.513,False
2018-04-01,7602,458,Malaysia,MYS,420.608,586282.040,False,1393.892,False
2018-04-01,7602,490,"Other Asia, nes",S19,141.221,200627.843,False,1420.666,False
2018-04-01,7602,586,Pakistan,PAK,112.697,84531.705,False,750.079,False
2018-04-01,7602,344,"China, Hong Kong SAR",HKG,98.250,250130.649,False,2545.859,False
2018-04-01,7602,392,Japan,JPN,74.704,110537.592,False,1479.674,False
2018-04-01,7602,724,Spain,ESP,69.910,157202.192,False,2248.637,False
2018-04-01,7602,784,United Arab Emirates,ARE,39.000,30616.007,False,785.026,False
2018-04-01,7602,276,Germany,DEU,24.626,16239.535,False,659.447,False
2018-04-01,7602,56,Belgium,BEL,23.469,14088.879,False,600.319,False
2018-04-01,7602,764,Thailand,THA,22.329,21340.763,False,955.742,False
2018-05-01,7602,0,World,W00,50228.706,86493550.719,False,1721.994,False
2018-05-01,7602,842,USA,USA,34134.633,61549725.043,False,1803.146,False
2018-05-01,7602,156,China,CHN,10185.500,15686650.608,False,1540.096,False
2018-05-01,7602,360,Indonesia,IDN,1696.650,2773684.631,False,1634.801,False
2018-05-01,7602,410,Rep. of Korea,KOR,624.511,967332.339,False,1548.944,False
2018-05-01,7602,344,"China, Hong Kong SAR",HKG,515.959,799134.790,False,1548.834,False
2018-05-01,7602,380,Italy,ITA,515.272,819652.088,False,1590.717,False
2018-05-01,7602,699,India,IND,475.185,624314.971,False,1313.836,False
2018-05-01,7602,764,Thailand,THA,448.689,718804.126,False,1602.010,False
2018-05-01,7602,688,Serbia,SRB,307.075,705895.325,False,2298.772,False
2018-05-01,7602,458,Malaysia,MYS,247.334,519365.881,False,2099.856,False
2018-05-01,7602,586,Pakistan,PAK,169.233,175506.060,False,1037.068,False
2018-05-01,7602,490,"Other Asia, nes",S19,158.796,221666.096,False,1395.917,False
2018-05-01,7602,56,Belgium,BEL,133.610,102979.741,False,770.749,False
2018-05-01,7602,36,Australia,AUS,127.133,130695.192,False,1028.019,False
2018-05-01,7602,392,Japan,JPN,118.636,199519.848,False,1681.782,False
2018-05-01,7602,702,Singapore,SGP,110.671,124221.362,False,1122.438,False
2018-05-01,7602,724,Spain,ESP,69.468,56925.400,False,819.448,False
2018-05-01,7602,76,Brazil,BRA,67.812,125743.839,False,1854.301,False
2018-05-01,7602,784,United Arab Emirates,ARE,42.774,62478.283,False,1460.660,False
2018-05-01,7602,484,Mexico,MEX,40.000,50022.573,False,1250.564,False
2018-05-01,7602,300,Greece,GRC,20.897,44245.088,False,2117.294,False
2018-05-01,7602,704,Viet Nam,VNM,18.868,34987.434,False,1854.327,False
2018-06-01,7602,0,World,W00,44954.773,78655082.728,False,1749.649,False
2018-06-01,7602,842,USA,USA,31495.645,57694905.501,False,1831.838,False
2018-06-01,7602,156,China,CHN,9262.070,14684886.541,False,1585.486,False
2018-06-01,7602,360,Indonesia,IDN,1064.793,1512644.567,False,1420.600,False
2018-06-01,7602,344,"China, Hong Kong SAR",HKG,820.828,1303051.830,False,1587.485,False
2018-06-01,7602,699,India,IND,775.504,1203956.100,False,1552.482,False
2018-06-01,7602,410,Rep. of Korea,KOR,382.414,642183.816,False,1679.290,False
2018-06-01,7602,458,Malaysia,MYS,191.898,184169.550,False,959.726,False
2018-06-01,7602,586,Pakistan,PAK,181.663,177036.706,False,974.534,False
2018-06-01,7602,392,Japan,JPN,179.700,335533.195,False,1867.185,False
2018-06-01,7602,484,Mexico,MEX,110.957,171092.287,False,1541.969,False
2018-06-01,7602,56,Belgium,BEL,100.901,132181.221,False,1310.009,False
2018-06-01,7602,724,Spain,ESP,93.501,231749.274,False,2478.575,False
2018-06-01,7602,702,Singapore,SGP,86.850,106234.669,False,1223.197,False
2018-06-01,7602,764,Thailand,THA,70.369,71531.090,False,1016.514,False
2018-06-01,7602,490,"Other Asia, nes",S19,45.799,63296.665,False,1382.053,False
2018-06-01,7602,300,Greece,GRC,41.811,72155.014,False,1725.742,False
2018-06-01,7602,76,Brazil,BRA,40.000,50009.142,False,1250.229,False
2018-06-01,7602,196,Cyprus,CYP,10.070,18465.559,False,1833.720,False
2018-07-01,7602,0,World,W00,45949.912,77422933.735,False,1684.942,False
2018-07-01,7602,842,USA,USA,33868.593,59155668.826,False,1746.623,False
2018-07-01,7602,156,China,CHN,8641.595,13178527.213,False,1525.011,False
2018-07-01,7602,699,India,IND,696.005,956315.070,False,1374.006,False
2018-07-01,7602,410,Rep. of Korea,KOR,672.011,982770.668,False,1462.432,False
2018-07-01,7602,344,"China, Hong Kong SAR",HKG,439.701,727598.644,False,1654.758,False
2018-07-01,7602,56,Belgium,BEL,322.078,481631.579,False,1495.388,False
2018-07-01,7602,392,Japan,JPN,230.382,375097.012,False,1628.152,False
2018-07-01,7602,276,Germany,DEU,197.768,264918.544,False,1339.542,False
2018-07-01,7602,458,Malaysia,MYS,164.519,201259.975,False,1223.324,False
2018-07-01,7602,804,Ukraine,UKR,98.746,140328.999,False,1421.111,False
2018-07-01,7602,724,Spain,ESP,93.248,221968.661,False,2380.412,False
2018-07-01,7602,586,Pakistan,PAK,89.250,128437.576,False,1439.076,False
2018-07-01,7602,490,"Other Asia, nes",S19,86.329,123944.397,False,1435.721,False
2018-07-01,7602,702,Singapore,SGP,84.733,97926.006,False,1155.701,False
2018-07-01,7602,360,Indonesia,IDN,74.501,82882.732,False,1112.505,False
2018-07-01,7602,36,Australia,AUS,52.317,69210.489,False,1322.906,False
2018-07-01,7602,484,Mexico,MEX,43.436,67556.110,False,1555.302,False
2018-07-01,7602,76,Brazil,BRA,39.510,50816.563,False,1286.170,False
2018-07-01,7602,784,United Arab Emirates,ARE,21.836,41055.572,False,1880.178,False
2018-07-01,7602,764,Thailand,THA,21.249,46327.193,False,2180.206,False
2018-07-01,7602,528,Netherlands,NLD,12.105,28691.905,False,2370.252,False
2018-08-01,7602,0,World,W00,49255.723,78430122.666,False,1592.305,False
2018-08-01,7602,842,USA,USA,34417.651,58884025.276,False,1710.867,False
2018-08-01,7602,156,China,CHN,10124.500,13234371.632,False,1307.163,False
2018-08-01,7602,410,Rep. of Korea,KOR,1045.335,1430303.709,False,1368.273,False
2018-08-01,7602,699,India,IND,624.403,869906.623,False,1393.181,False
2018-08-01,7602,344,"China, Hong Kong SAR",HKG,618.346,650678.784,False,1052.289,False
2018-08-01,7602,360,Indonesia,IDN,600.060,704811.917,False,1174.569,False
2018-08-01,7602,458,Malaysia,MYS,487.130,626024.576,False,1285.128,False
2018-08-01,7602,688,Serbia,SRB,410.775,738321.151,False,1797.386,False
2018-08-01,7602,56,Belgium,BEL,247.162,283070.215,False,1145.282,False
2018-08-01,7602,392,Japan,JPN,234.992,309485.767,False,1317.006,False
2018-08-01,7602,490,"Other Asia, nes",S19,110.991,155387.764,False,1400.003,False
2018-08-01,7602,724,Spain,ESP,92.106,182487.303,False,1981.275,False
2018-08-01,7602,276,Germany,DEU,90.370,116135.951,False,1285.116,False
2018-08-01,7602,76,Brazil,BRA,76.722,143247.759,False,1867.101,False
2018-08-01,7602,764,Thailand,THA,49.514,54464.391,False,1099.980,False
2018-08-01,7602,300,Greece,GRC,23.105,42797.503,False,1852.305,False
2018-08-01,7602,484,Mexico,MEX,2.561,4602.344,False,1797.089,False
2018-09-01,7602,0,World,W00,46795.756,73623443.943,False,1573.293,False
2018-09-01,7602,842,USA,USA,31729.949,54958641.473,False,1732.075,False
2018-09-01,7602,156,China,CHN,9100.280,11452826.889,False,1258.514,False
2018-09-01,7602,344,"China, Hong Kong SAR",HKG,1541.140,1782912.818,False,1156.879,False
2018-09-01,7602,410,Rep. of Korea,KOR,1322.260,1723729.107,False,1303.623,False
2018-09-01,7602,360,Indonesia,IDN,1293.500,1231708.472,False,952.229,False
2018-09-01,7602,392,Japan,JPN,568.186,749836.245,False,1319.702,False
2018-09-01,7602,699,India,IND,502.828,738840.218,False,1469.370,False
2018-09-01,7602,458,Malaysia,MYS,256.584,355620.037,False,1385.979,False
2018-09-01,7602,586,Pakistan,PAK,128.103,112734.785,False,880.032,False
2018-09-01,7602,56,Belgium,BEL,110.358,82195.975,False,744.812,False
2018-09-01,7602,688,Serbia,SRB,107.762,269415.325,False,2500.096,False
2018-09-01,7602,490,"Other Asia, nes",S19,83.476,106449.368,False,1275.209,False
2018-09-01,7602,76,Brazil,BRA,47.093,50862.475,False,1080.043,False
2018-09-01,7602,784,United Arab Emirates,ARE,4.237,7670.755,False,1810.421,False
2018-10-01,7602,0,World,W00,50292.719,78609881.894,False,1563.047,False
2018-10-01,7602,842,USA,USA,35375.607,59910572.677,False,1693.556,False
2018-10-01,7602,156,China,CHN,10006.143,12325341.357,False,1231.777,False
2018-10-01,7602,410,Rep. of Korea,KOR,1377.850,1979924.209,False,1436.966,False
2018-10-01,7602,344,"China, Hong Kong SAR",HKG,1098.690,1424453.643,False,1296.502,False
2018-10-01,7602,56,Belgium,BEL,658.471,715254.055,False,1086.235,False
2018-10-01,7602,699,India,IND,533.826,828006.094,False,1551.079,False
2018-10-01,7602,458,Malaysia,MYS,305.452,322505.436,False,1055.830,False
2018-10-01,7602,392,Japan,JPN,262.978,353087.523,False,1342.650,False
2018-10-01,7602,586,Pakistan,PAK,155.075,129873.181,False,837.486,False
2018-10-01,7602,490,"Other Asia, nes",S19,149.108,214402.046,False,1437.898,False
2018-10-01,7602,360,Indonesia,IDN,130.000,144997.433,False,1115.365,False
2018-10-01,7602,764,Thailand,THA,124.319,117638.963,False,946.267,False
2018-10-01,7602,804,Ukraine,UKR,100.487,122017.824,False,1214.265,False
2018-10-01,7602,484,Mexico,MEX,8.105,14670.763,False,1810.088,False
2018-10-01,7602,76,Brazil,BRA,6.608,7136.691,False,1080.008,False
2018-11-01,7602,0,World,W00,53582.617,81075194.294,False,1513.088,False
2018-11-01,7602,842,USA,USA,32130.822,53190774.655,False,1655.444,False
2018-11-01,7602,156,China,CHN,16563.400,21377432.975,False,1290.643,False
2018-11-01,7602,344,"China, Hong Kong SAR",HKG,1168.810,1447811.780,False,1238.706,False
2018-11-01,7602,699,India,IND,1084.335,1549195.373,False,1428.705,False
2018-11-01,7602,410,Rep. of Korea,KOR,893.092,1282455.141,False,1435.972,False
2018-11-01,7602,458,Malaysia,MYS,506.764,701134.301,False,1383.552,False
2018-11-01,7602,392,Japan,JPN,360.236,494473.544,False,1372.638,False
2018-11-01,7602,380,Italy,ITA,318.939,411591.796,False,1290.503,False
2018-11-01,7602,490,"Other Asia, nes",S19,211.605,274605.410,False,1297.726,False
2018-11-01,7602,586,Pakistan,PAK,128.190,92831.983,False,724.175,False
2018-11-01,7602,804,Ukraine,UKR,77.326,93187.322,False,1205.123,False
2018-11-01,7602,784,United Arab Emirates,ARE,56.893,48368.459,False,850.165,False
2018-11-01,7602,484,Mexico,MEX,23.359,42377.710,False,1814.192,False
2018-11-01,7602,56,Belgium,BEL,21.818,15274.250,False,700.076,False
2018-11-01,7602,360,Indonesia,IDN,19.504,30545.470,False,1566.113,False
2018-11-01,7602,76,Brazil,BRA,17.524,23134.125,False,1320.140,False
2018-12-01,7602,0,World,W00,45669.254,68442904.780,False,1498.665,False
2018-12-01,7602,842,USA,USA,27795.470,45843706.211,False,1649.323,False
2018-12-01,7602,156,China,CHN,12209.500,15250233.527,False,1249.047,False
2018-12-01,7602,344,"China, Hong Kong SAR",HKG,1733.622,2166360.150,False,1249.615,False
2018-12-01,7602,699,India,IND,1121.297,1542364.074,False,1375.518,False
2018-12-01,7602,410,Rep. of Korea,KOR,987.178,1393136.523,False,1411.231,False
2018-12-01,7602,458,Malaysia,MYS,585.603,809472.217,False,1382.288,False
2018-12-01,7602,380,Italy,ITA,332.098,409958.565,False,1234.451,False
2018-12-01,7602,392,Japan,JPN,253.347,287072.049,False,1133.118,False
2018-12-01,7602,586,Pakistan,PAK,164.394,127058.511,False,772.890,False
2018-12-01,7602,56,Belgium,BEL,136.357,114728.363,False,841.382,False
2018-12-01,7602,490,"Other Asia, nes",S19,110.555,151463.561,False,1370.029,False
2018-12-01,7602,643,Russian Federation,RUS,77.010,101132.437,False,1313.238,False
2018-12-01,7602,276,Germany,DEU,44.972,79211.179,False,1761.344,False
2018-12-01,7602,702,Singapore,SGP,31.983,58125.813,False,1817.397,False
2018-12-01,7602,76,Brazil,BRA,30.739,39870.537,False,1297.067,False
2018-12-01,7602,608,Philippines,PHL,25.093,29668.928,False,1182.359,False
2018-12-01,7602,804,Ukraine,UKR,24.938,30124.937,False,1207.993,False
2018-12-01,7602,826,United Kingdom,GBR,3.023,5497.480,False,1818.551,False
2018-12-01,7602,484,Mexico,MEX,2.075,3719.718,False,1792.635,False
2019-01-01,7602,0,World,W00,42009.402,60903576.703,False,1449.761,False
2019-01-01,7602,842,USA,USA,31395.570,48044606.934,False,1530.299,False
2019-01-01,7602,156,China,CHN,6601.560,7779146.642,False,1178.380,False
2019-01-01,7602,344,"China, Hong Kong SAR",HKG,1476.100,1845669.147,False,1250.369,False
2019-01-01,7602,410,Rep. of Korea,KOR,831.704,1014340.818,False,1219.594,False
2019-01-01,7602,699,India,IND,808.487,1075503.087,False,1330.266,False
2019-01-01,7602,458,Malaysia,MYS,295.435,291389.359,False,986.306,False
2019-01-01,7602,586,Pakistan,PAK,150.756,165388.290,False,1097.059,False
2019-01-01,7602,490,"Other Asia, nes",S19,144.013,220498.677,False,1531.103,False
2019-01-01,7602,392,Japan,JPN,127.213,224235.343,False,1762.676,False
2019-01-01,7602,380,Italy,ITA,103.450,121823.910,False,1177.612,False
2019-01-01,7602,528,Netherlands,NLD,48.305,85692.273,False,1773.984,False
2019-01-01,7602,710,South Africa,ZAF,19.789,22951.448,False,1159.808,False
2019-01-01,7602,56,Belgium,BEL,4.908,8621.169,False,1756.554,False
2019-01-01,7602,484,Mexico,MEX,2.112,3709.606,False,1756.442,False
2019-02-01,7602,0,World,W00,49261.067,73956294.074,False,1501.313,False
2019-02-01,7602,842,USA,USA,27364.355,42191017.829,False,1541.824,False
2019-02-01,7602,156,China,CHN,17665.900,26609816.816,False,1506.281,False
2019-02-01,7602,410,Rep. of Korea,KOR,1270.040,1471991.318,False,1159.012,False
2019-02-01,7602,699,India,IND,744.781,1072559.982,False,1440.101,False
2019-02-01,7602,344,"China, Hong Kong SAR",HKG,567.706,679109.453,False,1196.234,False
2019-02-01,7602,380,Italy,ITA,556.707,653398.340,False,1173.684,False
2019-02-01,7602,392,Japan,JPN,303.099,342759.812,False,1130.851,False
2019-02-01,7602,490,"Other Asia, nes",S19,206.657,289186.979,False,1399.357,False
2019-02-01,7602,586,Pakistan,PAK,166.407,166581.932,False,1001.051,False
2019-02-01,7602,458,Malaysia,MYS,163.540,158445.216,False,968.847,False
2019-02-01,7602,804,Ukraine,UKR,101.951,121376.778,False,1190.540,False
2019-02-01,7602,56,Belgium,BEL,62.851,89264.580,False,1420.257,False
2019-02-01,7602,764,Thailand,THA,24.358,42419.209,False,1741.490,False
2019-02-01,7602,276,Germany,DEU,23.732,30140.303,False,1270.028,False
2019-02-01,7602,682,Saudi Arabia,SAU,20.000,25000.807,False,1250.040,False
2019-02-01,7602,616,Poland,POL,18.983,13224.719,False,696.661,False
2019-03-01,7602,0,World,W00,45885.511,62767357.904,False,1367.912,False
2019-03-01,7602,842,USA,USA,30871.185,45409488.998,False,1470.934,False
2019-03-01,7602,156,China,CHN,10533.700,11931588.981,False,1132.706,False
2019-03-01,7602,410,Rep. of Korea,KOR,1335.231,1635896.877,False,1225.179,False
2019-03-01,7602,699,India,IND,1052.030,1338047.305,False,1271.872,False
2019-03-01,7602,344,"China, Hong Kong SAR",HKG,678.953,788670.189,False,1161.598,False
2019-03-01,7602,458,Malaysia,MYS,349.558,415383.080,False,1188.309,False
2019-03-01,7602,380,Italy,ITA,298.873,329729.077,False,1103.241,False
2019-03-01,7602,392,Japan,JPN,219.832,287764.796,False,1309.021,False
2019-03-01,7602,804,Ukraine,UKR,125.350,149266.358,False,1190.797,False
2019-03-01,7602,586,Pakistan,PAK,119.357,117615.814,False,985.412,False
2019-03-01,7602,490,"Other Asia, nes",S19,88.205,133573.524,False,1514.353,False
2019-03-01,7602,76,Brazil,BRA,80.784,109035.000,False,1349.710,False
2019-03-01,7602,616,Poland,POL,66.488,65664.777,False,987.618,False
2019-03-01,7602,56,Belgium,BEL,42.714,35636.417,False,834.303,False
2019-03-01,7602,764,Thailand,THA,23.251,19996.709,False,860.037,False
2019-04-01,7602,0,World,W00,45145.913,64556756.994,False,1429.958,False
2019-04-01,7602,842,USA,USA,32217.851,48109890.810,False,1493.268,False
2019-04-01,7602,156,China,CHN,9542.060,12290682.660,False,1288.053,False
2019-04-01,7602,699,India,IND,1049.640,1267481.879,False,1207.540,False
2019-04-01,7602,410,Rep. of Korea,KOR,900.135,1190136.625,False,1322.176,False
2019-04-01,7602,344,"China, Hong Kong SAR",HKG,425.763,520739.779,False,1223.074,False
2019-04-01,7602,586,Pakistan,PAK,229.098,165382.306,False,721.885,False
2019-04-01,7602,392,Japan,JPN,190.012,237845.627,False,1251.740,False
2019-04-01,7602,458,Malaysia,MYS,162.559,162735.340,False,1001.085,False
2019-04-01,7602,380,Italy,ITA,116.851,140103.030,False,1198.989,False
2019-04-01,7602,826,United Kingdom,GBR,109.987,180817.709,False,1643.992,False
2019-04-01,7602,490,"Other Asia, nes",S19,91.362,112042.196,False,1226.354,False
2019-04-01,7602,56,Belgium,BEL,35.455,38132.765,False,1075.526,False
2019-04-01,7602,152,Chile,CHL,34.424,84652.824,False,2459.122,False
2019-04-01,7602,804,Ukraine,UKR,23.846,28397.313,False,1190.863,False
2019-04-01,7602,76,Brazil,BRA,15.513,25321.149,False,1632.254,False
2019-04-01,7602,276,Germany,DEU,1.357,2394.981,False,1764.909,False
2019-05-01,7602,0,World,W00,50445.661,70231472.865,False,1392.220,False
2019-05-01,7602,842,USA,USA,33497.946,48818636.767,False,1457.362,False
2019-05-01,7602,156,China,CHN,11600.400,14969585.879,False,1290.437,False
2019-05-01,7602,699,India,IND,1766.340,2184309.405,False,1236.630,False
2019-05-01,7602,410,Rep. of Korea,KOR,1162.560,1382545.254,False,1189.225,False
2019-05-01,7602,344,"China, Hong Kong SAR",HKG,1092.310,1393222.931,False,1275.483,False
2019-05-01,7602,458,Malaysia,MYS,286.751,320946.228,False,1119.251,False
2019-05-01,7602,586,Pakistan,PAK,268.954,227708.231,False,846.644,False
2019-05-01,7602,392,Japan,JPN,240.410,315998.923,False,1314.417,False
2019-05-01,7602,490,"Other Asia, nes",S19,101.304,102782.675,False,1014.596,False
2019-05-01,7602,826,United Kingdom,GBR,94.347,165425.247,False,1753.371,False
2019-05-01,7602,276,Germany,DEU,92.552,64781.525,False,699.947,False
2019-05-01,7602,724,Spain,ESP,81.275,115789.500,False,1424.663,False
2019-05-01,7602,380,Italy,ITA,48.238,57682.638,False,1195.792,False
2019-05-01,7602,56,Belgium,BEL,48.094,38887.489,False,808.573,False
2019-05-01,7602,682,Saudi Arabia,SAU,43.715,48152.818,False,1101.517,False
2019-05-01,7602,764,Thailand,THA,20.465,25017.355,False,1222.446,False
2019-06-01,7602,0,World,W00,48863.664,67372737.477,False,1378.790,False
2019-06-01,7602,842,USA,USA,31201.857,43640576.159,False,1398.653,False
2019-06-01,7602,156,China,CHN,12941.100,17894937.980,False,1382.799,False
2019-06-01,7602,699,India,IND,2212.204,2931409.017,False,1325.108,False
2019-06-01,7602,410,Rep. of Korea,KOR,988.809,1140107.583,False,1153.011,False
2019-06-01,7602,458,Malaysia,MYS,616.320,677121.944,False,1098.653,False
2019-06-01,7602,392,Japan,JPN,272.667,390149.613,False,1430.865,False
2019-06-01,7602,380,Italy,ITA,140.482,89012.109,False,633.619,False
2019-06-01,7602,586,Pakistan,PAK,132.158,141465.848,False,1070.430,False
2019-06-01,7602,490,"Other Asia, nes",S19,105.518,126124.383,False,1195.288,False
2019-06-01,7602,344,"China, Hong Kong SAR",HKG,75.075,94642.205,False,1260.635,False
2019-06-01,7602,528,Netherlands,NLD,46.144,56197.102,False,1217.864,False
2019-06-01,7602,818,Egypt,EGY,42.585,55389.577,False,1300.683,False
2019-06-01,7602,300,Greece,GRC,25.038,39811.799,False,1590.055,False
2019-06-01,7602,56,Belgium,BEL,24.933,22758.953,False,912.804,False
2019-06-01,7602,276,Germany,DEU,21.764,25700.812,False,1180.886,False
2019-06-01,7602,764,Thailand,THA,16.366,46189.213,False,2822.266,False
2019-06-01,7602,826,United Kingdom,GBR,0.644,1143.178,False,1775.121,False
2019-07-01,7602,0,World,W00,52259.006,68464301.438,False,1310.096,False
2019-07-01,7602,842,USA,USA,33023.102,46358689.783,False,1403.826,False
2019-07-01,7602,156,China,CHN,14561.000,16427061.167,False,1128.155,False
2019-07-01,7602,699,India,IND,1186.940,1661599.514,False,1399.902,False
2019-07-01,7602,410,Rep. of Korea,KOR,1035.710,1177393.773,False,1136.799,False
2019-07-01,7602,458,Malaysia,MYS,889.155,875761.762,False,984.937,False
2019-07-01,7602,344,"China, Hong Kong SAR",HKG,442.218,506506.658,False,1145.378,False
2019-07-01,7602,392,Japan,JPN,194.641,289868.420,False,1489.246,False
2019-07-01,7602,586,Pakistan,PAK,190.670,141458.396,False,741.902,False
2019-07-01,7602,643,Russian Federation,RUS,126.236,122963.706,False,974.078,False
2019-07-01,7602,300,Greece,GRC,118.229,178237.929,False,1507.565,False
2019-07-01,7602,380,Italy,ITA,96.478,132936.355,False,1377.893,False
2019-07-01,7602,56,Belgium,BEL,92.605,102321.718,False,1104.926,False
2019-07-01,7602,490,"Other Asia, nes",S19,79.500,126138.105,False,1586.643,False
2019-07-01,7602,528,Netherlands,NLD,51.383,91238.792,False,1775.661,False
2019-07-01,7602,246,Finland,FIN,48.305,86989.981,False,1800.848,False
2019-07-01,7602,704,Viet Nam,VNM,40.000,52264.649,False,1306.616,False
2019-07-01,7602,764,Thailand,THA,25.135,53276.489,False,2119.614,False
2019-07-01,7602,360,Indonesia,IDN,25.128,35884.445,False,1428.066,False
2019-07-01,7602,784,United Arab Emirates,ARE,24.126,28713.813,False,1190.161,False
2019-07-01,7602,276,Germany,DEU,8.445,14995.983,False,1775.723,False
2019-08-01,7602,0,World,W00,48534.650,62209105.078,False,1281.746,False
2019-08-01,7602,842,USA,USA,30820.805,42722761.094,False,1386.166,False
2019-08-01,7602,156,China,CHN,11788.648,12517020.390,False,1061.786,False
2019-08-01,7602,699,India,IND,1832.110,2362659.909,False,1289.584,False
2019-08-01,7602,410,Rep. of Korea,KOR,1394.670,1548997.511,False,1110.655,False
2019-08-01,7602,380,Italy,ITA,768.469,875990.103,False,1139.916,False
2019-08-01,7602,458,Malaysia,MYS,715.442,783352.679,False,1094.921,False
2019-08-01,7602,764,Thailand,THA,326.883,448322.621,False,1371.508,False
2019-08-01,7602,616,Poland,POL,257.708,226062.399,False,877.204,False
2019-08-01,7602,392,Japan,JPN,241.254,306818.016,False,1271.763,False
2019-08-01,7602,586,Pakistan,PAK,213.420,162324.694,False,760.588,False
2019-08-01,7602,300,Greece,GRC,65.790,103924.199,False,1579.635,False
2019-08-01,7602,344,"China, Hong Kong SAR",HKG,24.884,26128.678,False,1050.019,False
2019-08-01,7602,276,Germany,DEU,23.708,36600.486,False,1543.803,False
2019-08-01,7602,710,South Africa,ZAF,21.339,26545.953,False,1244.011,False
2019-08-01,7602,682,Saudi Arabia,SAU,20.077,31739.301,False,1580.879,False
2019-08-01,7602,76,Brazil,BRA,17.474,25722.701,False,1472.056,False
2019-08-01,7602,203,Czechia,CZE,1.969,4134.342,False,2099.717,False
2019-09-01,7602,0,World,W00,42676.154,55260195.037,False,1294.873,False
2019-09-01,7602,842,USA,USA,32026.669,43558731.148,False,1360.077,False
2019-09-01,7602,156,China,CHN,5134.330,5393644.591,False,1050.506,False
2019-09-01,7602,699,India,IND,1409.580,1634027.444,False,1159.230,False
2019-09-01,7602,410,Rep. of Korea,KOR,1041.110,1185575.338,False,1138.761,False
2019-09-01,7602,380,Italy,ITA,600.649,689416.574,False,1147.786,False
2019-09-01,7602,458,Malaysia,MYS,533.590,562001.445,False,1053.246,False
2019-09-01,7602,344,"China, Hong Kong SAR",HKG,341.306,391587.182,False,1147.320,False
2019-09-01,7602,804,Ukraine,UKR,326.713,320469.776,False,980.891,False
2019-09-01,7602,56,Belgium,BEL,280.749,404657.686,False,1441.350,False
2019-09-01,7602,392,Japan,JPN,178.122,230446.739,False,1293.758,False
2019-09-01,7602,586,Pakistan,PAK,122.752,94257.771,False,767.872,False
2019-09-01,7602,764,Thailand,THA,108.499,105549.641,False,972.817,False
2019-09-01,7602,643,Russian Federation,RUS,102.730,104788.341,False,1020.036,False
2019-09-01,7602,300,Greece,GRC,81.993,124970.358,False,1524.159,False
2019-09-01,7602,704,Viet Nam,VNM,72.708,104968.847,False,1443.704,False
2019-09-01,7602,490,"Other Asia, nes",S19,72.416,65501.304,False,904.514,False
2019-09-01,7602,348,Hungary,HUN,69.925,73428.497,False,1050.104,False
2019-09-01,7602,48,Bahrain,BHR,41.169,62422.870,False,1516.259,False
2019-09-01,7602,276,Germany,DEU,39.282,62259.734,False,1584.943,False
2019-09-01,7602,826,United Kingdom,GBR,25.072,21562.630,False,860.028,False
2019-09-01,7602,784,United Arab Emirates,ARE,25.017,31479.174,False,1258.311,False
2019-09-01,7602,616,Poland,POL,22.063,16996.337,False,770.355,False
2019-09-01,7602,360,Indonesia,IDN,19.710,21451.607,False,1088.362,False
2019-10-01,7602,0,World,W00,46880.961,59417773.323,False,1267.418,False
2019-10-01,7602,842,USA,USA,34225.273,45469643.835,False,1328.540,False
2019-10-01,7602,156,China,CHN,4457.170,4275400.695,False,959.219,False
2019-10-01,7602,410,Rep. of Korea,KOR,1633.305,1892729.924,False,1158.834,False
2019-10-01,7602,458,Malaysia,MYS,1387.280,1115963.226,False,804.425,False
2019-10-01,7602,380,Italy,ITA,1173.860,1352129.605,False,1151.866,False
2019-10-01,7602,699,India,IND,1118.610,1355690.058,False,1211.942,False
2019-10-01,7602,484,Mexico,MEX,509.854,506056.943,False,992.553,False
2019-10-01,7602,704,Viet Nam,VNM,437.385,611717.609,False,1398.579,False
2019-10-01,7602,56,Belgium,BEL,298.080,436989.152,False,1466.013,False
2019-10-01,7602,490,"Other Asia, nes",S19,293.289,332693.048,False,1134.352,False
2019-10-01,7602,392,Japan,JPN,237.943,337413.266,False,1418.042,False
2019-10-01,7602,804,Ukraine,UKR,233.188,219702.885,False,942.171,False
2019-10-01,7602,764,Thailand,THA,225.421,845841.316,False,3752.274,False
2019-10-01,7602,344,"China, Hong Kong SAR",HKG,175.350,179940.948,False,1026.182,False
2019-10-01,7602,586,Pakistan,PAK,161.090,116608.264,False,723.870,False
2019-10-01,7602,643,Russian Federation,RUS,123.848,125059.600,False,1009.783,False
2019-10-01,7602,724,Spain,ESP,91.125,117111.916,False,1285.179,False
2019-10-01,7602,218,Ecuador,ECU,79.744,92939.668,False,1165.475,False
2019-10-01,7602,300,Greece,GRC,19.146,34141.366,False,1783.211,False
2019-11-01,7602,0,World,W00,41890.629,51091953.051,False,1219.651,False
2019-11-01,7602,842,USA,USA,28150.862,36990705.840,False,1314.017,False
2019-11-01,7602,458,Malaysia,MYS,2436.550,1958062.896,False,803.621,False
2019-11-01,7602,156,China,CHN,2355.672,2134880.384,False,906.272,False
2019-11-01,7602,699,India,IND,2109.378,2236767.753,False,1060.392,False
2019-11-01,7602,380,Italy,ITA,1583.010,1492378.869,False,942.748,False
2019-11-01,7602,410,Rep. of Korea,KOR,1514.457,1700784.026,False,1123.032,False
2019-11-01,7602,360,Indonesia,IDN,862.562,725082.747,False,840.615,False
2019-11-01,7602,764,Thailand,THA,658.012,1425814.792,False,2166.852,False
2019-11-01,7602,392,Japan,JPN,429.553,536796.903,False,1249.664,False
2019-11-01,7602,704,Viet Nam,VNM,255.771,346099.492,False,1353.162,False
2019-11-01,7602,490,"Other Asia, nes",S19,255.176,290025.088,False,1136.569,False
2019-11-01,7602,643,Russian Federation,RUS,241.681,183642.577,False,759.855,False
2019-11-01,7602,804,Ukraine,UKR,220.542,214305.220,False,971.721,False
2019-11-01,7602,586,Pakistan,PAK,196.226,126036.288,False,642.302,False
2019-11-01,7602,344,"China, Hong Kong SAR",HKG,190.614,196749.378,False,1032.187,False
2019-11-01,7602,702,Singapore,SGP,119.385,100574.648,False,842.440,False
2019-11-01,7602,56,Belgium,BEL,93.622,144749.924,False,1546.110,False
2019-11-01,7602,818,Egypt,EGY,61.815,62720.382,False,1014.647,False
2019-11-01,7602,300,Greece,GRC,55.762,89140.301,False,1598.585,False
2019-11-01,7602,76,Brazil,BRA,41.940,51110.703,False,1218.662,False
2019-11-01,7602,792,Türkiye,TUR,41.541,60511.354,False,1456.666,False
2019-11-01,7602,682,Saudi Arabia,SAU,16.498,25013.486,False,1516.153,False
2019-12-01,7602,0,World,W00,40801.183,49918504.868,False,1223.457,False
2019-12-01,7602,842,USA,USA,26225.770,34844285.783,False,1328.628,False
2019-12-01,7602,156,China,CHN,4834.420,4378161.359,False,905.623,False
2019-12-01,7602,699,India,IND,2212.113,2555547.825,False,1155.252,False
2019-12-01,7602,458,Malaysia,MYS,1536.420,1345606.634,False,875.807,False
2019-12-01,7602,410,Rep. of Korea,KOR,1518.617,1514124.166,False,997.041,False
2019-12-01,7602,380,Italy,ITA,1263.360,1204250.410,False,953.212,False
2019-12-01,7602,764,Thailand,THA,727.555,1496658.124,False,2057.107,False
2019-12-01,7602,702,Singapore,SGP,407.551,331577.921,False,813.586,False
2019-12-01,7602,276,Germany,DEU,346.463,311656.392,False,899.537,False
2019-12-01,7602,804,Ukraine,UKR,227.740,219783.873,False,965.065,False
2019-12-01,7602,643,Russian Federation,RUS,174.544,141899.359,False,812.972,False
2019-12-01,7602,586,Pakistan,PAK,166.708,107326.837,False,643.801,False
2019-12-01,7602,300,Greece,GRC,139.907,212587.333,False,1519.490,False
2019-12-01,7602,56,Belgium,BEL,139.090,154881.502,False,1113.534,False
2019-12-01,7602,490,"Other Asia, nes",S19,135.138,170382.852,False,1260.806,False
2019-12-01,7602,704,Viet Nam,VNM,119.828,158728.962,False,1324.640,False
2019-12-01,7602,724,Spain,ESP,118.232,98943.895,False,836.862,False
2019-12-01,7602,826,United Kingdom,GBR,117.697,210399.621,False,1787.638,False
2019-12-01,7602,392,Japan,JPN,95.771,137648.341,False,1437.265,False
2019-12-01,7602,76,Brazil,BRA,64.565,112484.345,False,1742.188,False
2019-12-01,7602,344,"China, Hong Kong SAR",HKG,49.415,31973.666,False,647.044,False
2019-12-01,7602,360,Indonesia,IDN,48.644,40924.776,False,841.312,False
2019-12-01,7602,608,Philippines,PHL,43.799,27309.987,False,623.530,False
2019-12-01,7602,484,Mexico,MEX,41.426,58403.714,False,1409.832,False
2019-12-01,7602,616,Poland,POL,21.228,7993.796,False,376.568,False
2019-12-01,7602,792,Türkiye,TUR,16.767,29975.597,False,1787.773,False
2019-12-01,7602,528,Netherlands,NLD,8.415,14987.798,False,1781.081,False
2020-01-01,7602,0,World,W00,40378.138,53464437.621,False,1324.094,False
2020-01-01,7602,842,USA,USA,30999.104,41966949.584,False,1353.812,False
2020-01-01,7602,699,India,IND,2003.755,2327622.502,False,1161.630,False
2020-01-01,7602,156,China,CHN,1384.580,1308577.578,False,945.108,False
2020-01-01,7602,458,Malaysia,MYS,1181.200,1078442.095,False,913.005,False
2020-01-01,7602,410,Rep. of Korea,KOR,927.219,1024743.128,False,1105.179,False
2020-01-01,7602,702,Singapore,SGP,737.635,623952.613,False,845.883,False
2020-01-01,7602,764,Thailand,THA,659.518,2106485.872,False,3193.978,False
2020-01-01,7602,380,Italy,ITA,586.854,512589.315,False,873.453,False
2020-01-01,7602,56,Belgium,BEL,526.399,943042.124,False,1791.497,False
2020-01-01,7602,643,Russian Federation,RUS,301.636,262473.443,False,870.166,False
2020-01-01,7602,704,Viet Nam,VNM,203.701,261866.031,False,1285.541,False
2020-01-01,7602,392,Japan,JPN,149.548,231212.779,False,1546.077,False
2020-01-01,7602,360,Indonesia,IDN,146.746,125895.323,False,857.913,False
2020-01-01,7602,724,Spain,ESP,134.934,152526.674,False,1130.380,False
2020-01-01,7602,804,Ukraine,UKR,120.803,120790.777,False,999.899,False
2020-01-01,7602,300,Greece,GRC,118.065,184458.928,False,1562.351,False
2020-01-01,7602,490,"Other Asia, nes",S19,63.492,73649.559,False,1159.982,False
2020-01-01,7602,792,Türkiye,TUR,60.014,80661.910,False,1344.052,False
2020-01-01,7602,784,United Arab Emirates,ARE,26.620,19962.816,False,749.918,False
2020-01-01,7602,826,United Kingdom,GBR,25.000,18737.297,False,749.492,False
2020-01-01,7602,76,Brazil,BRA,19.348,37341.652,False,1930.001,False
2020-01-01,7602,604,Peru,PER,1.452,1532.663,False,1055.553,False
2020-01-01,7602,586,Pakistan,PAK,0.515,922.959,False,1792.153,False
2020-02-01,7602,0,World,W00,36033.643,45937038.195,False,1274.837,False
2020-02-01,7602,842,USA,USA,27050.772,36036644.899,False,1332.185,False
2020-02-01,7602,156,China,CHN,2461.800,2627681.628,False,1067.382,False
2020-02-01,7602,699,India,IND,1425.915,1731405.653,False,1214.242,False
2020-02-01,7602,458,Malaysia,MYS,1233.040,1063203.310,False,862.262,False
2020-02-01,7602,410,Rep. of Korea,KOR,1137.940,1154988.995,False,1014.982,False
2020-02-01,7602,380,Italy,ITA,545.101,567882.761,False,1041.794,False
2020-02-01,7602,276,Germany,DEU,511.608,815103.846,False,1593.220,False
2020-02-01,7602,392,Japan,JPN,332.054,391445.302,False,1178.860,False
2020-02-01,7602,360,Indonesia,IDN,292.766,283224.075,False,967.408,False
2020-02-01,7602,300,Greece,GRC,135.247,207405.766,False,1533.533,False
2020-02-01,7602,704,Viet Nam,VNM,131.041,170409.236,False,1300.427,False
2020-02-01,7602,643,Russian Federation,RUS,123.000,100001.198,False,813.018,False
2020-02-01,7602,724,Spain,ESP,109.675,172640.183,False,1574.107,False
2020-02-01,7602,586,Pakistan,PAK,97.707,65230.346,False,667.612,False
2020-02-01,7602,764,Thailand,THA,95.680,95298.447,False,996.012,False
2020-02-01,7602,826,United Kingdom,GBR,92.321,79218.170,False,858.073,False
2020-02-01,7602,56,Belgium,BEL,68.095,91652.460,False,1345.950,False
2020-02-01,7602,152,Chile,CHL,48.806,55639.685,False,1140.017,False
2020-02-01,7602,344,"China, Hong Kong SAR",HKG,47.004,69826.969,False,1485.554,False
2020-02-01,7602,792,Türkiye,TUR,42.688,70991.367,False,1663.029,False
2020-02-01,7602,490,"Other Asia, nes",S19,27.633,39124.358,False,1415.856,False
2020-02-01,7602,251,France,FRA,23.611,47769.652,False,2023.195,False
2020-02-01,7602,348,Hungary,HUN,0.139,249.890,False,1797.770,False
2020-03-01,7602,0,World,W00,42039.959,52214584.145,False,1242.023,False
2020-03-01,7602,842,USA,USA,30335.515,37735894.995,False,1243.951,False
2020-03-01,7602,156,China,CHN,4409.420,4797669.006,False,1088.050,False
2020-03-01,7602,699,India,IND,1856.080,2108088.056,False,1135.774,False
2020-03-01,7602,410,Rep. of Korea,KOR,1268.337,1388229.283,False,1094.527,False
2020-03-01,7602,764,Thailand,THA,980.232,2856474.331,False,2914.080,False
2020-03-01,7602,458,Malaysia,MYS,936.717,869003.363,False,927.712,False
2020-03-01,7602,380,Italy,ITA,731.487,595113.392,False,813.567,False
2020-03-01,7602,643,Russian Federation,RUS,269.985,207511.189,False,768.603,False
2020-03-01,7602,392,Japan,JPN,263.925,322555.799,False,1222.149,False
2020-03-01,7602,360,Indonesia,IDN,218.015,193178.991,False,886.081,False
2020-03-01,7602,348,Hungary,HUN,167.468,334532.863,False,1997.593,False
2020-03-01,7602,804,Ukraine,UKR,135.773,140690.192,False,1036.216,False
2020-03-01,7602,724,Spain,ESP,107.295,176470.158,False,1644.719,False
2020-03-01,7602,704,Viet Nam,VNM,98.643,137095.138,False,1389.811,False
2020-03-01,7602,490,"Other Asia, nes",S19,95.080,104726.746,False,1101.459,False
2020-03-01,7602,300,Greece,GRC,37.473,58312.128,False,1556.110,False
2020-03-01,7602,826,United Kingdom,GBR,31.271,49806.126,False,1592.726,False
2020-03-01,7602,251,France,FRA,23.930,46227.556,False,1931.783,False
2020-03-01,7602,586,Pakistan,PAK,23.289,13235.620,False,568.321,False
2020-03-01,7602,56,Belgium,BEL,23.119,31973.480,False,1382.996,False
2020-03-01,7602,616,Poland,POL,10.017,17793.943,False,1776.374,False
2020-03-01,7602,792,Türkiye,TUR,8.444,15000.895,False,1776.515,False
2020-03-01,7602,76,Brazil,BRA,8.444,15000.895,False,1776.515,False
2020-04-01,7602,0,World,W00,28405.739,34659135.669,False,1220.146,False
2020-04-01,7602,842,USA,USA,16867.216,20103992.596,False,1191.898,False
2020-04-01,7602,156,China,CHN,4160.930,4303761.945,False,1034.327,False
2020-04-01,7602,410,Rep. of Korea,KOR,3528.360,3912546.117,False,1108.885,False
2020-04-01,7602,764,Thailand,THA,991.324,3474943.436,False,3505.356,False
2020-04-01,7602,458,Malaysia,MYS,826.132,683412.078,False,827.243,False
2020-04-01,7602,699,India,IND,521.760,570347.284,False,1093.122,False
2020-04-01,7602,380,Italy,ITA,483.119,467944.670,False,968.591,False
2020-04-01,7602,392,Japan,JPN,250.248,298380.214,False,1192.338,False
2020-04-01,7602,344,"China, Hong Kong SAR",HKG,170.332,147260.198,False,864.548,False
2020-04-01,7602,490,"Other Asia, nes",S19,126.844,184174.696,False,1451.978,False
2020-04-01,7602,586,Pakistan,PAK,119.500,66151.344,False,553.568,False
2020-04-01,7602,704,Viet Nam,VNM,90.591,100904.657,False,1113.849,False
2020-04-01,7602,826,United Kingdom,GBR,60.412,62789.658,False,1039.357,False
2020-04-01,7602,643,Russian Federation,RUS,49.686,50019.664,False,1006.715,False
2020-04-01,7602,56,Belgium,BEL,47.022,62211.113,False,1323.021,False
2020-04-01,7602,724,Spain,ESP,29.851,38585.378,False,1292.599,False
2020-04-01,7602,792,Türkiye,TUR,25.757,45017.698,False,1747.785,False
2020-04-01,7602,804,Ukraine,UKR,23.876,26512.770,False,1110.436,False
2020-04-01,7602,251,France,FRA,23.395,42672.915,False,1824.019,False
2020-04-01,7602,300,Greece,GRC,8.444,15005.899,False,1777.108,False
2020-04-01,7602,276,Germany,DEU,0.940,2501.339,False,2660.999,False
2020-05-01,7602,0,World,W00,33271.146,36785011.807,False,1105.613,False
2020-05-01,7602,842,USA,USA,19424.613,20677274.340,False,1064.488,False
2020-05-01,7602,156,China,CHN,5573.530,5834197.616,False,1046.769,False
2020-05-01,7602,410,Rep. of Korea,KOR,4951.760,5248699.874,False,1059.967,False
2020-05-01,7602,458,Malaysia,MYS,1530.970,1488312.240,False,972.137,False
2020-05-01,7602,764,Thailand,THA,510.832,1931075.558,False,3780.256,False
2020-05-01,7602,699,India,IND,349.043,358665.108,False,1027.567,False
2020-05-01,7602,490,"Other Asia, nes",S19,161.823,179871.099,False,1111.530,False
2020-05-01,7602,392,Japan,JPN,152.265,249567.533,False,1639.034,False
2020-05-01,7602,704,Viet Nam,VNM,143.338,179860.356,False,1254.799,False
2020-05-01,7602,380,Italy,ITA,142.942,182717.079,False,1278.260,False
2020-05-01,7602,348,Hungary,HUN,104.694,197300.757,False,1884.547,False
2020-05-01,7602,56,Belgium,BEL,82.943,104407.508,False,1258.786,False
2020-05-01,7602,792,Türkiye,TUR,72.490,105040.585,False,1449.036,False
2020-05-01,7602,710,South Africa,ZAF,49.178,20009.231,False,406.874,False
2020-05-01,7602,300,Greece,GRC,20.725,28012.923,False,1351.649,False
2020-06-01,7602,0,World,W00,45639.025,51877898.190,False,1136.700,False
2020-06-01,7602,842,USA,USA,30452.094,34694498.574,False,1139.314,False
2020-06-01,7602,156,China,CHN,9875.020,10661336.128,False,1079.627,False
2020-06-01,7602,458,Malaysia,MYS,1342.750,1269824.246,False,945.689,False
2020-06-01,7602,410,Rep. of Korea,KOR,1206.790,1232099.055,False,1020.972,False
2020-06-01,7602,699,India,IND,1043.660,1280210.394,False,1226.655,False
2020-06-01,7602,392,Japan,JPN,336.401,295221.493,False,877.588,False
2020-06-01,7602,764,Thailand,THA,275.233,853833.411,False,3102.220,False
2020-06-01,7602,344,"China, Hong Kong SAR",HKG,249.972,436195.353,False,1744.977,False
2020-06-01,7602,380,Italy,ITA,207.980,200984.195,False,966.363,False
2020-06-01,7602,490,"Other Asia, nes",S19,132.737,176346.718,False,1328.542,False
2020-06-01,7602,704,Viet Nam,VNM,109.146,132753.245,False,1216.291,False
2020-06-01,7602,348,Hungary,HUN,87.974,167054.780,False,1898.911,False
2020-06-01,7602,56,Belgium,BEL,66.464,80869.756,False,1216.745,False
2020-06-01,7602,276,Germany,DEU,51.656,87302.863,False,1690.082,False
2020-06-01,7602,826,United Kingdom,GBR,48.831,52212.048,False,1069.240,False
2020-06-01,7602,792,Türkiye,TUR,31.843,43655.492,False,1370.960,False
2020-06-01,7602,76,Brazil,BRA,26.031,60217.807,False,2313.311,False
2020-06-01,7602,268,Georgia,GEO,25.955,38397.814,False,1479.399,False
2020-06-01,7602,40,Austria,AUT,23.856,36585.203,False,1533.585,False
2020-06-01,7602,300,Greece,GRC,22.778,31182.811,False,1368.988,False
2020-06-01,7602,702,Singapore,SGP,21.854,47116.803,False,2155.981,False
2020-07-01,7602,0,World,W00,45571.851,50195072.638,False,1101.449,False
2020-07-01,7602,842,USA,USA,30777.461,34684719.712,False,1126.952,False
2020-07-01,7602,156,China,CHN,5866.330,6055206.797,False,1032.197,False
2020-07-01,7602,410,Rep. of Korea,KOR,2966.321,3062263.301,False,1032.344,False
2020-07-01,7602,458,Malaysia,MYS,1841.740,1728385.700,False,938.453,False
2020-07-01,7602,699,India,IND,1767.650,1877895.267,False,1062.368,False
2020-07-01,7602,643,Russian Federation,RUS,509.384,520009.745,False,1020.860,False
2020-07-01,7602,380,Italy,ITA,366.810,365310.238,False,995.911,False
2020-07-01,7602,704,Viet Nam,VNM,245.917,292272.213,False,1188.499,False
2020-07-01,7602,792,Türkiye,TUR,190.291,274111.871,False,1440.488,False
2020-07-01,7602,490,"Other Asia, nes",S19,169.581,199626.594,False,1177.175,False
2020-07-01,7602,392,Japan,JPN,141.592,177968.233,False,1256.909,False
2020-07-01,7602,764,Thailand,THA,127.784,180059.037,False,1409.089,False
2020-07-01,7602,300,Greece,GRC,110.659,178852.747,False,1616.251,False
2020-07-01,7602,348,Hungary,HUN,103.924,223064.363,False,2146.418,False
2020-07-01,7602,586,Pakistan,PAK,102.694,56205.567,False,547.311,False
2020-07-01,7602,344,"China, Hong Kong SAR",HKG,86.255,75152.555,False,871.283,False
2020-07-01,7602,56,Belgium,BEL,58.426,84211.225,False,1441.331,False
2020-07-01,7602,804,Ukraine,UKR,49.771,40846.311,False,820.685,False
2020-07-01,7602,276,Germany,DEU,42.071,60293.757,False,1433.143,False
2020-07-01,7602,784,United Arab Emirates,ARE,25.147,25168.243,False,1000.845,False
2020-07-01,7602,76,Brazil,BRA,21.393,32844.165,False,1535.276,False
2020-07-01,7602,368,Iraq,IRQ,0.650,604.999,False,930.768,False
2020-08-01,7602,0,World,W00,40459.430,46242481.885,False,1142.935,False
2020-08-01,7602,842,USA,USA,30376.097,35247730.379,False,1160.377,False
2020-08-01,7602,458,Malaysia,MYS,2278.130,2164528.926,False,950.134,False
2020-08-01,7602,156,China,CHN,1819.970,2218696.884,False,1219.084,False
2020-08-01,7602,699,India,IND,1663.742,1788648.253,False,1075.075,False
2020-08-01,7602,410,Rep. of Korea,KOR,1643.424,1659722.373,False,1009.917,False
2020-08-01,7602,764,Thailand,THA,1039.830,1180993.972,False,1135.757,False
2020-08-01,7602,380,Italy,ITA,520.557,553035.592,False,1062.392,False
2020-08-01,7602,344,"China, Hong Kong SAR",HKG,360.263,535149.261,False,1485.441,False
2020-08-01,7602,490,"Other Asia, nes",S19,120.685,127919.296,False,1059.944,False
2020-08-01,7602,804,Ukraine,UKR,101.138,99108.017,False,979.929,False
2020-08-01,7602,784,United Arab Emirates,ARE,97.610,71451.549,False,732.011,False
2020-08-01,7602,392,Japan,JPN,93.832,137200.889,False,1462.197,False
2020-08-01,7602,704,Viet Nam,VNM,87.970,107305.887,False,1219.801,False
2020-08-01,7602,792,Türkiye,TUR,66.515,102797.815,False,1545.483,False
2020-08-01,7602,724,Spain,ESP,64.803,73258.256,False,1130.476,False
2020-08-01,7602,56,Belgium,BEL,45.741,57640.709,False,1260.154,False
2020-08-01,7602,300,Greece,GRC,43.775,60234.684,False,1376.006,False
2020-08-01,7602,76,Brazil,BRA,20.594,33256.582,False,1614.868,False
2020-08-01,7602,826,United Kingdom,GBR,12.466,19802.697,False,1588.537,False
2020-08-01,7602,586,Pakistan,PAK,2.288,3999.865,False,1748.193,False
2020-09-01,7602,0,World,W00,48136.907,56651849.238,False,1176.890,False
2020-09-01,7602,842,USA,USA,31575.267,38387128.304,False,1215.734,False
2020-09-01,7602,699,India,IND,3620.849,4017778.916,False,1109.623,False
2020-09-01,7602,156,China,CHN,3492.520,3708011.285,False,1061.701,False
2020-09-01,7602,410,Rep. of Korea,KOR,3303.070,3281081.464,False,993.343,False
2020-09-01,7602,458,Malaysia,MYS,2785.640,2740635.119,False,983.844,False
2020-09-01,7602,764,Thailand,THA,1006.360,1501838.058,False,1492.347,False
2020-09-01,7602,380,Italy,ITA,480.476,558259.954,False,1161.889,False
2020-09-01,7602,792,Türkiye,TUR,464.632,671582.334,False,1445.407,False
2020-09-01,7602,76,Brazil,BRA,233.138,306526.115,False,1314.784,False
2020-09-01,7602,784,United Arab Emirates,ARE,220.612,216438.252,False,981.081,False
2020-09-01,7602,392,Japan,JPN,185.154,415395.281,False,2243.512,False
2020-09-01,7602,490,"Other Asia, nes",S19,162.255,163514.891,False,1007.765,False
2020-09-01,7602,804,Ukraine,UKR,127.662,138035.259,False,1081.256,False
2020-09-01,7602,348,Hungary,HUN,104.201,136965.581,False,1314.436,False
2020-09-01,7602,586,Pakistan,PAK,101.594,69011.586,False,679.288,False
2020-09-01,7602,704,Viet Nam,VNM,66.006,73777.544,False,1117.740,False
2020-09-01,7602,300,Greece,GRC,60.538,86211.792,False,1424.094,False
2020-09-01,7602,344,"China, Hong Kong SAR",HKG,51.280,49963.618,False,974.330,False
2020-09-01,7602,724,Spain,ESP,49.051,62669.817,False,1277.646,False
2020-09-01,7602,56,Belgium,BEL,46.602,67024.070,False,1438.223,False
2020-10-01,7602,0,World,W00,54725.489,67096440.704,False,1226.055,False
2020-10-01,7602,842,USA,USA,36033.530,45539167.611,False,1263.800,False
2020-10-01,7602,410,Rep. of Korea,KOR,4896.450,5646446.605,False,1153.172,False
2020-10-01,7602,458,Malaysia,MYS,3870.030,4099965.222,False,1059.414,False
2020-10-01,7602,699,India,IND,3187.940,3637764.545,False,1141.102,False
2020-10-01,7602,156,China,CHN,2902.740,3100890.292,False,1068.263,False
2020-10-01,7602,380,Italy,ITA,927.630,1211636.465,False,1306.164,False
2020-10-01,7602,792,Türkiye,TUR,509.158,791217.243,False,1553.972,False
2020-10-01,7602,392,Japan,JPN,472.834,602280.888,False,1273.768,False
2020-10-01,7602,586,Pakistan,PAK,320.420,307092.521,False,958.406,False
2020-10-01,7602,784,United Arab Emirates,ARE,312.476,453727.546,False,1452.040,False
2020-10-01,7602,348,Hungary,HUN,262.202,424341.365,False,1618.376,False
2020-10-01,7602,76,Brazil,BRA,229.530,352880.116,False,1537.403,False
2020-10-01,7602,764,Thailand,THA,199.408,197868.822,False,992.281,False
2020-10-01,7602,344,"China, Hong Kong SAR",HKG,173.674,174989.024,False,1007.572,False
2020-10-01,7602,490,"Other Asia, nes",S19,151.052,180482.900,False,1194.840,False
2020-10-01,7602,484,Mexico,MEX,126.582,154423.313,False,1219.947,False
2020-10-01,7602,56,Belgium,BEL,45.593,62424.353,False,1369.165,False
2020-10-01,7602,300,Greece,GRC,45.268,73608.855,False,1626.068,False
2020-10-01,7602,826,United Kingdom,GBR,22.853,39300.887,False,1719.726,False
2020-10-01,7602,724,Spain,ESP,19.979,22094.310,False,1105.877,False
2020-10-01,7602,332,Haiti,HTI,15.740,23610.801,False,1500.051,False
2020-10-01,7602,528,Netherlands,NLD,0.400,227.020,False,567.550,False
2020-11-01,7602,0,World,W00,54174.983,70129423.967,False,1294.498,False
2020-11-01,7602,842,USA,USA,34489.605,45748179.651,False,1326.434,False
2020-11-01,7602,410,Rep. of Korea,KOR,6424.329,8100443.323,False,1260.901,False
2020-11-01,7602,699,India,IND,3460.620,4344992.139,False,1255.553,False
2020-11-01,7602,458,Malaysia,MYS,3171.066,3838540.875,False,1210.489,False
2020-11-01,7602,764,Thailand,THA,1366.230,1566534.260,False,1146.611,False
2020-11-01,7602,344,"China, Hong Kong SAR",HKG,1231.360,1464816.957,False,1189.593,False
2020-11-01,7602,156,China,CHN,1062.250,986062.002,False,928.277,False
2020-11-01,7602,792,Türkiye,TUR,873.835,1300320.845,False,1488.062,False
2020-11-01,7602,392,Japan,JPN,735.344,1093969.389,False,1487.697,False
2020-11-01,7602,586,Pakistan,PAK,295.684,274570.871,False,928.596,False
2020-11-01,7602,490,"Other Asia, nes",S19,155.646,195464.126,False,1255.825,False
2020-11-01,7602,804,Ukraine,UKR,154.014,187474.527,False,1217.256,False
2020-11-01,7602,76,Brazil,BRA,153.898,228984.192,False,1487.896,False
2020-11-01,7602,724,Spain,ESP,103.186,141038.949,False,1366.842,False
2020-11-01,7602,380,Italy,ITA,100.000,99950.674,False,999.507,False
2020-11-01,7602,704,Viet Nam,VNM,96.283,123735.161,False,1285.120,False
2020-11-01,7602,300,Greece,GRC,80.729,126567.885,False,1567.812,False
2020-11-01,7602,348,Hungary,HUN,65.332,116328.320,False,1780.572,False
2020-11-01,7602,643,Russian Federation,RUS,49.669,65961.036,False,1328.012,False
2020-11-01,7602,484,Mexico,MEX,42.506,56192.571,False,1321.992,False
2020-11-01,7602,56,Belgium,BEL,30.612,42311.149,False,1382.175,False
2020-11-01,7602,462,Maldives,MDV,24.376,11993.194,False,492.008,False
2020-11-01,7602,276,Germany,DEU,8.408,14991.110,False,1782.958,False
2020-11-01,7602,404,Kenya,KEN,0.001,0.765,False,765.000,False
2020-12-01,7602,0,World,W00,48257.016,67119820.823,False,1390.882,False
2020-12-01,7602,842,USA,USA,30288.552,42911495.574,False,1416.756,False
2020-12-01,7602,344,"China, Hong Kong SAR",HKG,3371.640,4111159.485,False,1219.335,False
2020-12-01,7602,458,Malaysia,MYS,2950.070,3768885.973,False,1277.558,False
2020-12-01,7602,410,Rep. of Korea,KOR,2857.774,3706488.116,False,1296.984,False
2020-12-01,7602,699,India,IND,2784.883,3575785.873,False,1283.999,False
2020-12-01,7602,156,China,CHN,2295.920,3105979.569,False,1352.826,False
2020-12-01,7602,764,Thailand,THA,1321.870,2261579.302,False,1710.894,False
2020-12-01,7602,76,Brazil,BRA,647.536,1070283.631,False,1652.856,False
2020-12-01,7602,392,Japan,JPN,424.551,545382.244,False,1284.609,False
2020-12-01,7602,792,Türkiye,TUR,296.326,471563.902,False,1591.369,False
2020-12-01,7602,643,Russian Federation,RUS,292.082,402844.311,False,1379.216,False
2020-12-01,7602,586,Pakistan,PAK,131.277,112828.125,False,859.466,False
2020-12-01,7602,348,Hungary,HUN,109.054,250623.978,False,2298.164,False
2020-12-01,7602,380,Italy,ITA,96.762,139974.900,False,1446.590,False
2020-12-01,7602,688,Serbia,SRB,87.189,205571.866,False,2357.773,False
2020-12-01,7602,300,Greece,GRC,85.534,156937.439,False,1834.796,False
2020-12-01,7602,490,"Other Asia, nes",S19,42.578,59876.968,False,1406.289,False
2020-12-01,7602,784,United Arab Emirates,ARE,27.972,51522.133,False,1841.918,False
2020-12-01,7602,804,Ukraine,UKR,25.792,36610.645,False,1419.457,False
2020-12-01,7602,528,Netherlands,NLD,25.000,37360.668,False,1494.427,False
2020-12-01,7602,826,United Kingdom,GBR,25.000,39984.578,False,1599.383,False
2020-12-01,7602,276,Germany,DEU,24.918,44982.650,False,1805.227,False
2020-12-01,7602,214,Dominican Rep.,DOM,24.704,32074.606,False,1298.357,False
2020-12-01,7602,360,Indonesia,IDN,20.032,20024.288,False,999.615,False
2021-01-01,7602,0,World,W00,46787.725,69782456.149,False,1491.469,False
2021-01-01,7602,842,USA,USA,33388.303,49747871.756,False,1489.979,False
2021-01-01,7602,410,Rep. of Korea,KOR,4378.689,6475124.844,False,1478.782,False
2021-01-01,7602,458,Malaysia,MYS,2007.013,2998070.411,False,1493.797,False
2021-01-01,7602,699,India,IND,1747.272,2136835.971,False,1222.956,False
2021-01-01,7602,344,"China, Hong Kong SAR",HKG,1722.250,2717470.255,False,1577.861,False
2021-01-01,7602,156,China,CHN,730.333,1207871.109,False,1653.864,False
2021-01-01,7602,643,Russian Federation,RUS,663.978,1178669.061,False,1775.163,False
2021-01-01,7602,764,Thailand,THA,608.855,932413.205,False,1531.421,False
2021-01-01,7602,380,Italy,ITA,309.596,319581.287,False,1032.253,False
2021-01-01,7602,76,Brazil,BRA,271.407,452258.775,False,1666.349,False
2021-01-01,7602,392,Japan,JPN,269.039,447956.010,False,1665.023,False
2021-01-01,7602,792,Türkiye,TUR,163.476,294756.677,False,1803.058,False
2021-01-01,7602,348,Hungary,HUN,162.953,351807.218,False,2158.949,False
2021-01-01,7602,490,"Other Asia, nes",S19,106.827,128869.926,False,1206.342,False
2021-01-01,7602,300,Greece,GRC,86.402,145011.975,False,1678.340,False
2021-01-01,7602,704,Viet Nam,VNM,62.302,95588.347,False,1534.274,False
2021-01-01,7602,586,Pakistan,PAK,29.343,24969.241,False,850.944,False
2021-01-01,7602,702,Singapore,SGP,22.680,26538.956,False,1170.148,False
2021-01-01,7602,251,France,FRA,22.036,49532.101,False,2247.781,False
2021-01-01,7602,48,Bahrain,BHR,20.035,29150.956,False,1455.002,False
2021-01-01,7602,56,Belgium,BEL,14.936,22108.067,False,1480.187,False
2021-02-01,7602,0,World,W00,45220.105,70361556.485,False,1555.980,False
2021-02-01,7602,842,USA,USA,28322.736,42766023.835,False,1509.954,False
2021-02-01,7602,410,Rep. of Korea,KOR,4802.647,7897773.475,False,1644.463,False
2021-02-01,7602,699,India,IND,2919.990,4076920.749,False,1396.211,False
2021-02-01,7602,344,"China, Hong Kong SAR",HKG,2834.420,5115977.958,False,1804.947,False
2021-02-01,7602,458,Malaysia,MYS,2638.140,4496738.590,False,1704.511,False
2021-02-01,7602,156,China,CHN,1156.570,1758286.505,False,1520.259,False
2021-02-01,7602,76,Brazil,BRA,381.398,718147.285,False,1882.934,False
2021-02-01,7602,586,Pakistan,PAK,373.971,504473.770,False,1348.965,False
2021-02-01,7602,792,Türkiye,TUR,364.765,615221.595,False,1686.625,False
2021-02-01,7602,764,Thailand,THA,337.664,491445.541,False,1455.428,False
2021-02-01,7602,348,Hungary,HUN,305.509,709130.528,False,2321.144,False
2021-02-01,7602,392,Japan,JPN,233.294,384939.135,False,1650.017,False
2021-02-01,7602,643,Russian Federation,RUS,192.658,305010.507,False,1583.171,False
2021-02-01,7602,490,"Other Asia, nes",S19,111.403,143247.525,False,1285.850,False
2021-02-01,7602,380,Italy,ITA,71.840,86015.924,False,1197.326,False
2021-02-01,7602,804,Ukraine,UKR,25.896,36773.406,False,1420.042,False
2021-02-01,7602,784,United Arab Emirates,ARE,23.356,35033.841,False,1499.993,False
2021-02-01,7602,276,Germany,DEU,22.644,42001.550,False,1854.864,False
2021-02-01,7602,203,Czechia,CZE,21.784,49996.145,False,2295.086,False
2021-02-01,7602,724,Spain,ESP,21.735,31370.439,False,1443.314,False
2021-02-01,7602,86,Br. Indian Ocean Terr.,IOT,19.840,33728.971,False,1700.049,False
2021-02-01,7602,214,Dominican Rep.,DOM,19.695,32087.842,False,1629.238,False
2021-02-01,7602,300,Greece,GRC,18.150,31211.366,False,1719.634,False
2021-03-01,7602,0,World,W00,52947.560,83961730.005,False,1585.753,False
2021-03-01,7602,842,USA,USA,33859.852,54032497.692,False,1595.769,False
2021-03-01,7602,410,Rep. of Korea,KOR,4789.684,7408461.291,False,1546.754,False
2021-03-01,7602,458,Malaysia,MYS,4359.386,6807074.077,False,1561.475,False
2021-03-01,7602,344,"China, Hong Kong SAR",HKG,4214.130,6774950.448,False,1607.675,False
2021-03-01,7602,699,India,IND,2092.264,2426431.721,False,1159.716,False
2021-03-01,7602,156,China,CHN,1641.770,3253484.862,False,1981.693,False
2021-03-01,7602,764,Thailand,THA,458.745,743857.486,False,1621.505,False
2021-03-01,7602,76,Brazil,BRA,357.587,611305.441,False,1709.529,False
2021-03-01,7602,586,Pakistan,PAK,266.736,277124.688,False,1038.947,False
2021-03-01,7602,792,Türkiye,TUR,249.392,453429.451,False,1818.140,False
2021-03-01,7602,643,Russian Federation,RUS,238.655,353412.438,False,1480.851,False
2021-03-01,7602,348,Hungary,HUN,174.201,417631.049,False,2397.409,False
2021-03-01,7602,392,Japan,JPN,92.937,168938.506,False,1817.774,False
2021-03-01,7602,490,"Other Asia, nes",S19,86.316,122772.278,False,1422.358,False
2021-03-01,7602,724,Spain,ESP,46.092,74374.767,False,1613.616,False
2021-03-01,7602,704,Viet Nam,VNM,19.813,35983.812,False,1816.172,False
2021-04-01,7602,0,World,W00,49836.207,85406248.963,False,1713.739,False
2021-04-01,7602,842,USA,USA,33139.610,56736913.940,False,1712.057,False
2021-04-01,7602,458,Malaysia,MYS,5559.072,10150628.645,False,1825.957,False
2021-04-01,7602,344,"China, Hong Kong SAR",HKG,3879.386,6660790.758,False,1716.970,False
2021-04-01,7602,410,Rep. of Korea,KOR,1674.318,2577721.194,False,1539.565,False
2021-04-01,7602,699,India,IND,1670.497,2525254.712,False,1511.679,False
2021-04-01,7602,156,China,CHN,896.272,1647718.400,False,1838.413,False
2021-04-01,7602,392,Japan,JPN,712.687,1238471.995,False,1737.750,False
2021-04-01,7602,792,Türkiye,TUR,683.537,1261034.928,False,1844.867,False
2021-04-01,7602,764,Thailand,THA,345.663,409813.900,False,1185.588,False
2021-04-01,7602,76,Brazil,BRA,340.664,644337.450,False,1891.416,False
2021-04-01,7602,490,"Other Asia, nes",S19,323.230,517446.668,False,1600.862,False
2021-04-01,7602,586,Pakistan,PAK,167.367,188294.712,False,1125.041,False
2021-04-01,7602,56,Belgium,BEL,164.736,307169.326,False,1864.616,False
2021-04-01,7602,348,Hungary,HUN,130.941,335357.583,False,2561.135,False
2021-04-01,7602,300,Greece,GRC,76.509,146069.555,False,1909.181,False
2021-04-01,7602,784,United Arab Emirates,ARE,50.000,20004.002,False,400.080,False
2021-04-01,7602,704,Viet Nam,VNM,21.718,39221.195,False,1805.930,False
2021-05-01,7602,0,World,W00,50736.528,88303311.903,False,1740.429,False
2021-05-01,7602,842,USA,USA,33453.992,60327897.681,False,1803.309,False
2021-05-01,7602,458,Malaysia,MYS,5142.226,8406981.109,False,1634.891,False
2021-05-01,7602,344,"China, Hong Kong SAR",HKG,4449.380,7556015.290,False,1698.218,False
2021-05-01,7602,699,India,IND,1960.755,2851182.147,False,1454.125,False
2021-05-01,7602,156,China,CHN,1726.530,2938236.600,False,1701.816,False
2021-05-01,7602,764,Thailand,THA,1565.600,2211123.000,False,1412.317,False
2021-05-01,7602,410,Rep. of Korea,KOR,786.426,1132889.361,False,1440.554,False
2021-05-01,7602,76,Brazil,BRA,324.753,618899.650,False,1905.755,False
2021-05-01,7602,392,Japan,JPN,280.527,424610.183,False,1513.616,False
2021-05-01,7602,56,Belgium,BEL,269.993,369231.580,False,1367.560,False
2021-05-01,7602,162,Christmas Isds,CXR,242.196,429113.780,False,1771.762,False
2021-05-01,7602,792,Türkiye,TUR,240.224,457108.536,False,1902.843,False
2021-05-01,7602,300,Greece,GRC,73.555,151987.763,False,2066.314,False
2021-05-01,7602,704,Viet Nam,VNM,58.651,112703.551,False,1921.596,False
2021-05-01,7602,84,Belize,BLZ,50.636,95475.439,False,1885.525,False
2021-05-01,7602,348,Hungary,HUN,43.596,113133.327,False,2595.039,False
2021-05-01,7602,624,Guinea-Bissau,GNB,25.448,47185.679,False,1854.200,False
2021-05-01,7602,586,Pakistan,PAK,22.373,21442.722,False,958.420,False
2021-05-01,7602,484,Mexico,MEX,19.667,38094.505,False,1936.976,False
2021-06-01,7602,0,World,W00,53940.321,96302936.290,False,1785.361,False
2021-06-01,7602,842,USA,USA,35445.020,65843764.618,False,1857.631,False
2021-06-01,7602,344,"China, Hong Kong SAR",HKG,4401.580,7359140.857,False,1671.932,False
2021-06-01,7602,410,Rep. of Korea,KOR,4009.180,6905452.554,False,1722.410,False
2021-06-01,7602,458,Malaysia,MYS,3624.346,5604606.723,False,1546.377,False
2021-06-01,7602,699,India,IND,3000.480,4482118.192,False,1493.800,False
2021-06-01,7602,156,China,CHN,1119.290,1915962.921,False,1711.766,False
2021-06-01,7602,643,Russian Federation,RUS,473.211,834408.612,False,1763.291,False
2021-06-01,7602,348,Hungary,HUN,463.314,1014661.940,False,2190.009,False
2021-06-01,7602,56,Belgium,BEL,383.850,503843.475,False,1312.605,False
2021-06-01,7602,392,Japan,JPN,200.148,321320.475,False,1605.414,False
2021-06-01,7602,764,Thailand,THA,163.373,271565.929,False,1662.245,False
2021-06-01,7602,76,Brazil,BRA,158.599,310453.684,False,1957.476,False
2021-06-01,7602,792,Türkiye,TUR,132.345,282749.132,False,2136.455,False
2021-06-01,7602,360,Indonesia,IDN,118.483,67982.236,False,573.772,False
2021-06-01,7602,724,Spain,ESP,88.070,244463.952,False,2775.791,False
2021-06-01,7602,616,Poland,POL,44.278,95847.039,False,2164.665,False
2021-06-01,7602,586,Pakistan,PAK,31.191,71408.002,False,2289.378,False
2021-06-01,7602,304,Greenland,GRL,25.915,65437.031,False,2525.064,False
2021-06-01,7602,490,"Other Asia, nes",S19,22.625,37622.920,False,1662.891,False
2021-06-01,7602,300,Greece,GRC,19.502,40011.145,False,2051.643,False
2021-06-01,7602,704,Viet Nam,VNM,15.461,30061.708,False,1944.357,False
2021-06-01,7602,826,United Kingdom,GBR,0.060,53.144,False,885.733,False
2021-07-01,7602,0,World,W00,50444.297,89231534.091,False,1768.912,False
2021-07-01,7602,842,USA,USA,32829.309,60320531.136,False,1837.399,False
2021-07-01,7602,344,"China, Hong Kong SAR",HKG,3652.460,6404891.723,False,1753.583,False
2021-07-01,7602,410,Rep. of Korea,KOR,3249.983,5252720.705,False,1616.230,False
2021-07-01,7602,458,Malaysia,MYS,3222.200,5195758.720,False,1612.488,False
2021-07-01,7602,699,India,IND,2835.250,4484121.617,False,1581.561,False
2021-07-01,7602,156,China,CHN,1007.230,827771.813,False,821.830,False
2021-07-01,7602,764,Thailand,THA,909.895,1430964.771,False,1572.670,False
2021-07-01,7602,792,Türkiye,TUR,518.074,849937.377,False,1640.571,False
2021-07-01,7602,348,Hungary,HUN,500.536,1374712.868,False,2746.482,False
2021-07-01,7602,586,Pakistan,PAK,401.021,536532.891,False,1337.917,False
2021-07-01,7602,392,Japan,JPN,396.855,746615.229,False,1881.330,False
2021-07-01,7602,56,Belgium,BEL,169.985,327818.916,False,1928.517,False
2021-07-01,7602,76,Brazil,BRA,141.904,286388.685,False,2018.186,False
2021-07-01,7602,724,Spain,ESP,110.428,258963.252,False,2345.087,False
2021-07-01,7602,490,"Other Asia, nes",S19,103.535,174434.774,False,1684.790,False
2021-07-01,7602,784,United Arab Emirates,ARE,96.500,161876.439,False,1677.476,False
2021-07-01,7602,704,Viet Nam,VNM,70.203,134014.278,False,1908.954,False
2021-07-01,7602,688,Serbia,SRB,64.993,178121.464,False,2740.625,False
2021-07-01,7602,300,Greece,GRC,54.583,104313.554,False,1911.100,False
2021-07-01,7602,702,Singapore,SGP,42.666,82282.674,False,1928.530,False
2021-07-01,7602,364,Iran,IRN,23.867,44889.790,False,1880.831,False
2021-07-01,7602,360,Indonesia,IDN,22.614,33901.447,False,1499.135,False
2021-07-01,7602,826,United Kingdom,GBR,20.206,19969.968,False,988.319,False
2021-08-01,7602,0,World,W00,61085.184,109127412.450,False,1786.479,False
2021-08-01,7602,842,USA,USA,35235.960,66285669.188,False,1881.194,False
2021-08-01,7602,458,Malaysia,MYS,8901.661,15298821.344,False,1718.648,False
2021-08-01,7602,410,Rep. of Korea,KOR,4734.252,7629533.566,False,1611.561,False
2021-08-01,7602,699,India,IND,4346.613,6581860.202,False,1514.250,False
2021-08-01,7602,380,Italy,ITA,2252.170,4045414.365,False,1796.230,False
2021-08-01,7602,344,"China, Hong Kong SAR",HKG,1536.230,2354805.124,False,1532.847,False
2021-08-01,7602,156,China,CHN,836.299,1240116.248,False,1482.862,False
2021-08-01,7602,792,Türkiye,TUR,807.434,1445758.965,False,1790.560,False
2021-08-01,7602,764,Thailand,THA,800.325,1325349.863,False,1656.015,False
2021-08-01,7602,490,"Other Asia, nes",S19,293.849,195997.326,False,667.000,False
2021-08-01,7602,288,Ghana,GHA,232.077,414148.030,False,1784.529,False
2021-08-01,7602,348,Hungary,HUN,217.476,643817.347,False,2960.406,False
2021-08-01,7602,392,Japan,JPN,216.066,397003.401,False,1837.417,False
2021-08-01,7602,56,Belgium,BEL,200.435,363572.605,False,1813.918,False
2021-08-01,7602,784,United Arab Emirates,ARE,121.240,190011.900,False,1567.238,False
2021-08-01,7602,300,Greece,GRC,106.960,238507.025,False,2229.871,False
2021-08-01,7602,704,Viet Nam,VNM,99.961,200763.294,False,2008.416,False
2021-08-01,7602,724,Spain,ESP,65.974,149538.072,False,2266.621,False
2021-08-01,7602,586,Pakistan,PAK,55.702,75890.510,False,1362.438,False
2021-08-01,7602,84,Belize,BLZ,24.500,50834.074,False,2074.860,False
2021-09-01,7602,0,World,W00,54982.569,106435924.812,False,1935.812,False
2021-09-01,7602,842,USA,USA,34236.385,69606029.461,False,2033.101,False
2021-09-01,7602,699,India,IND,5713.170,9411103.051,False,1647.265,False
2021-09-01,7602,458,Malaysia,MYS,3887.066,7497334.007,False,1928.790,False
2021-09-01,7602,410,Rep. of Korea,KOR,3665.173,6380057.269,False,1740.725,False
2021-09-01,7602,344,"China, Hong Kong SAR",HKG,3078.680,5030979.836,False,1634.135,False
2021-09-01,7602,156,China,CHN,858.231,1583003.208,False,1844.495,False
2021-09-01,7602,56,Belgium,BEL,586.157,1040326.183,False,1774.825,False
2021-09-01,7602,764,Thailand,THA,579.083,1061636.089,False,1833.306,False
2021-09-01,7602,792,Türkiye,TUR,494.366,1149619.554,False,2325.442,False
2021-09-01,7602,490,"Other Asia, nes",S19,385.155,564479.577,False,1465.591,False
2021-09-01,7602,348,Hungary,HUN,367.099,868775.728,False,2366.598,False
2021-09-01,7602,392,Japan,JPN,325.372,740998.271,False,2277.388,False
2021-09-01,7602,380,Italy,ITA,285.186,438775.174,False,1538.558,False
2021-09-01,7602,300,Greece,GRC,246.180,499834.143,False,2030.360,False
2021-09-01,7602,76,Brazil,BRA,127.914,348322.960,False,2723.103,False
2021-09-01,7602,586,Pakistan,PAK,100.488,145646.722,False,1449.394,False
2021-09-01,7602,724,Spain,ESP,46.864,69003.579,False,1472.422,False
2021-10-01,7602,0,World,W00,59595.633,118676471.665,False,1991.362,False
2021-10-01,7602,842,USA,USA,32119.109,67357559.839,False,2097.118,False
2021-10-01,7602,410,Rep. of Korea,KOR,7430.510,14175694.778,False,1907.769,False
2021-10-01,7602,699,India,IND,6585.008,12108690.678,False,1838.827,False
2021-10-01,7602,344,"China, Hong Kong SAR",HKG,4641.952,8223407.838,False,1771.541,False
2021-10-01,7602,458,Malaysia,MYS,3756.830,6466528.889,False,1721.273,False
2021-10-01,7602,380,Italy,ITA,978.994,2026562.188,False,2070.046,False
2021-10-01,7602,792,Türkiye,TUR,871.069,1898082.710,False,2179.027,False
2021-10-01,7602,156,China,CHN,812.458,1406245.147,False,1730.853,False
2021-10-01,7602,764,Thailand,THA,459.634,800114.175,False,1740.764,False
2021-10-01,7602,300,Greece,GRC,443.762,1406016.794,False,3168.403,False
2021-10-01,7602,56,Belgium,BEL,408.051,580199.969,False,1421.881,False
2021-10-01,7602,724,Spain,ESP,220.112,542624.538,False,2465.220,False
2021-10-01,7602,392,Japan,JPN,217.227,388941.733,False,1790.485,False
2021-10-01,7602,348,Hungary,HUN,212.771,618437.947,False,2906.589,False
2021-10-01,7602,784,United Arab Emirates,ARE,146.645,182193.240,False,1242.410,False
2021-10-01,7602,586,Pakistan,PAK,129.346,209377.776,False,1618.742,False
2021-10-01,7602,360,Indonesia,IDN,54.965,107611.654,False,1957.821,False
2021-10-01,7602,288,Ghana,GHA,52.281,85869.814,False,1642.467,False
2021-10-01,7602,490,"Other Asia, nes",S19,40.540,65551.164,False,1616.950,False
2021-10-01,7602,251,France,FRA,9.149,17360.505,False,1897.530,False
2021-10-01,7602,276,Germany,DEU,5.220,9400.290,False,1800.822,False
2021-11-01,7602,0,World,W00,51493.519,105810513.423,False,2054.832,False
2021-11-01,7602,842,USA,USA,29442.466,64058433.415,False,2175.716,False
2021-11-01,7602,699,India,IND,5314.747,8653302.100,False,1628.168,False
2021-11-01,7602,410,Rep. of Korea,KOR,5093.780,10442785.566,False,2050.105,False
2021-11-01,7602,344,"China, Hong Kong SAR",HKG,3926.666,7424425.961,False,1890.771,False
2021-11-01,7602,458,Malaysia,MYS,3406.587,5630001.934,False,1652.681,False
2021-11-01,7602,792,Türkiye,TUR,847.912,2179498.347,False,2570.430,False
2021-11-01,7602,380,Italy,ITA,650.560,1570993.813,False,2414.833,False
2021-11-01,7602,156,China,CHN,500.034,918925.924,False,1837.727,False
2021-11-01,7602,76,Brazil,BRA,455.249,903715.184,False,1985.101,False
2021-11-01,7602,724,Spain,ESP,429.117,1208993.513,False,2817.398,False
2021-11-01,7602,586,Pakistan,PAK,413.636,641182.232,False,1550.112,False
2021-11-01,7602,764,Thailand,THA,336.368,642402.822,False,1909.821,False
2021-11-01,7602,784,United Arab Emirates,ARE,168.342,344821.947,False,2048.342,False
2021-11-01,7602,300,Greece,GRC,136.842,345325.809,False,2523.537,False
2021-11-01,7602,276,Germany,DEU,105.587,261067.606,False,2472.536,False
2021-11-01,7602,56,Belgium,BEL,87.051,191835.181,False,2203.710,False
2021-11-01,7602,392,Japan,JPN,76.000,128274.396,False,1687.821,False
2021-11-01,7602,348,Hungary,HUN,43.617,142965.328,False,3277.743,False
2021-11-01,7602,704,Viet Nam,VNM,22.654,56075.402,False,2475.298,False
2021-11-01,7602,512,Oman,OMN,18.261,20042.874,False,1097.578,False
2021-11-01,7602,170,Colombia,COL,18.043,45444.068,False,2518.654,False
2021-12-01,7602,0,World,W00,52901.187,108084592.946,False,2043.141,False
2021-12-01,7602,842,USA,USA,27484.335,56622417.360,False,2060.171,False
2021-12-01,7602,410,Rep. of Korea,KOR,7879.330,15484651.256,False,1965.224,False
2021-12-01,7602,699,India,IND,4702.668,8921223.292,False,1897.056,False
2021-12-01,7602,344,"China, Hong Kong SAR",HKG,4063.551,7994395.957,False,1967.342,False
2021-12-01,7602,458,Malaysia,MYS,2648.435,4835610.442,False,1825.837,False
2021-12-01,7602,792,Türkiye,TUR,1747.060,3952094.286,False,2262.140,False
2021-12-01,7602,156,China,CHN,1538.870,2965046.334,False,1926.769,False
2021-12-01,7602,348,Hungary,HUN,559.124,2219320.279,False,3969.281,False
2021-12-01,7602,56,Belgium,BEL,372.484,678297.073,False,1821.010,False
2021-12-01,7602,586,Pakistan,PAK,366.382,458192.118,False,1250.586,False
2021-12-01,7602,764,Thailand,THA,309.508,563233.769,False,1819.771,False
2021-12-01,7602,724,Spain,ESP,282.907,838979.734,False,2965.567,False
2021-12-01,7602,300,Greece,GRC,146.748,398315.539,False,2714.283,False
2021-12-01,7602,276,Germany,DEU,112.481,346885.077,False,3083.944,False
2021-12-01,7602,490,"Other Asia, nes",S19,110.617,440337.360,False,3980.739,False
2021-12-01,7602,380,Italy,ITA,109.460,384835.529,False,3515.764,False
2021-12-01,7602,76,Brazil,BRA,94.993,224765.879,False,2366.131,False
2021-12-01,7602,392,Japan,JPN,90.253,179886.202,False,1993.133,False
2021-12-01,7602,784,United Arab Emirates,ARE,73.571,147195.614,False,2000.729,False
2021-12-01,7602,48,Bahrain,BHR,52.476,100107.060,False,1907.673,False
2021-12-01,7602,288,Ghana,GHA,46.339,81757.357,False,1764.331,False
2021-12-01,7602,484,Mexico,MEX,42.591,95333.542,False,2238.349,False
2021-12-01,7602,218,Ecuador,ECU,41.253,82769.140,False,2006.379,False
2021-12-01,7602,654,Saint Helena,SHN,25.751,68942.746,False,2677.284,False
2022-01-01,7602,0,World,W00,42066.905,86544197.159,False,2057.299,False
2022-01-01,7602,842,USA,USA,26218.354,55299044.674,False,2109.173,False
2022-01-01,7602,344,"China, Hong Kong SAR",HKG,4004.970,7683578.115,False,1918.511,False
2022-01-01,7602,410,Rep. of Korea,KOR,2764.948,5164660.984,False,1867.905,False
2022-01-01,7602,699,India,IND,2414.679,4170393.419,False,1727.101,False
2022-01-01,7602,156,China,CHN,1856.252,3686591.885,False,1986.041,False
2022-01-01,7602,458,Malaysia,MYS,1735.670,2899898.864,False,1670.766,False
2022-01-01,7602,348,Hungary,HUN,684.400,2374960.377,False,3470.135,False
2022-01-01,7602,792,Türkiye,TUR,613.841,1336891.944,False,2177.912,False
2022-01-01,7602,764,Thailand,THA,386.408,705667.082,False,1826.223,False
2022-01-01,7602,392,Japan,JPN,275.128,498916.593,False,1813.398,False
2022-01-01,7602,56,Belgium,BEL,260.163,403512.489,False,1550.999,False
2022-01-01,7602,380,Italy,ITA,250.109,435794.027,False,1742.416,False
2022-01-01,7602,724,Spain,ESP,242.643,776049.250,False,3198.317,False
2022-01-01,7602,490,"Other Asia, nes",S19,88.034,420498.310,False,4776.544,False
2022-01-01,7602,300,Greece,GRC,83.727,421222.527,False,5030.904,False
2022-01-01,7602,586,Pakistan,PAK,78.324,75626.798,False,965.564,False
2022-01-01,7602,688,Serbia,SRB,44.368,47937.779,False,1080.458,False
2022-01-01,7602,76,Brazil,BRA,24.599,72233.913,False,2936.457,False
2022-01-01,7602,276,Germany,DEU,22.622,49835.481,False,2202.965,False
2022-01-01,7602,784,United Arab Emirates,ARE,17.666,20882.647,False,1182.081,False
2022-02-01,7602,0,World,W00,39556.028,86662513.524,False,2190.880,False
2022-02-01,7602,842,USA,USA,24346.874,55084179.831,False,2262.474,False
2022-02-01,7602,344,"China, Hong Kong SAR",HKG,4457.000,8723263.802,False,1957.205,False
2022-02-01,7602,156,China,CHN,2578.230,4716432.138,False,1829.329,False
2022-02-01,7602,699,India,IND,1855.350,3482744.683,False,1877.136,False
2022-02-01,7602,410,Rep. of Korea,KOR,1584.620,3133645.078,False,1977.537,False
2022-02-01,7602,458,Malaysia,MYS,1095.050,1945105.054,False,1776.271,False
2022-02-01,7602,348,Hungary,HUN,849.493,2549061.422,False,3000.686,False
2022-02-01,7602,792,Türkiye,TUR,534.583,1572421.346,False,2941.398,False
2022-02-01,7602,764,Thailand,THA,404.116,734084.883,False,1816.520,False
2022-02-01,7602,724,Spain,ESP,291.656,1002734.816,False,3438.074,False
2022-02-01,7602,380,Italy,ITA,285.873,873085.940,False,3054.104,False
2022-02-01,7602,56,Belgium,BEL,282.169,608910.021,False,2157.962,False
2022-02-01,7602,76,Brazil,BRA,201.239,470410.619,False,2337.572,False
2022-02-01,7602,586,Pakistan,PAK,192.726,233606.381,False,1212.117,False
2022-02-01,7602,300,Greece,GRC,159.252,655587.579,False,4116.668,False
2022-02-01,7602,784,United Arab Emirates,ARE,123.023,221270.214,False,1798.609,False
2022-02-01,7602,48,Bahrain,BHR,98.976,196043.543,False,1980.718,False
2022-02-01,7602,392,Japan,JPN,84.832,119112.536,False,1404.099,False
2022-02-01,7602,826,United Kingdom,GBR,42.280,108223.150,False,2559.677,False
2022-02-01,7602,490,"Other Asia, nes",S19,36.694,69937.708,False,1905.971,False
2022-02-01,7602,688,Serbia,SRB,30.913,107470.667,False,3476.552,False
2022-02-01,7602,528,Netherlands,NLD,21.079,55182.114,False,2617.872,False
2022-03-01,7602,0,World,W00,47268.029,113761351.437,False,2406.729,False
2022-03-01,7602,842,USA,USA,32266.331,80815455.030,False,2504.637,False
2022-03-01,7602,344,"China, Hong Kong SAR",HKG,4252.960,9596258.613,False,2256.372,False
2022-03-01,7602,699,India,IND,2540.744,4002920.845,False,1575.492,False
2022-03-01,7602,156,China,CHN,1658.260,3582005.621,False,2160.099,False
2022-03-01,7602,410,Rep. of Korea,KOR,1142.664,2112726.776,False,1848.948,False
2022-03-01,7602,792,Türkiye,TUR,994.399,2882803.442,False,2899.041,False
2022-03-01,7602,458,Malaysia,MYS,805.474,1226662.978,False,1522.908,False
2022-03-01,7602,380,Italy,ITA,620.550,1669630.886,False,2690.566,False
2022-03-01,7602,76,Brazil,BRA,566.288,1521983.607,False,2687.649,False
2022-03-01,7602,764,Thailand,THA,517.216,690021.330,False,1334.107,False
2022-03-01,7602,348,Hungary,HUN,439.713,1602678.861,False,3644.829,False
2022-03-01,7602,724,Spain,ESP,323.249,1121021.978,False,3467.983,False
2022-03-01,7602,586,Pakistan,PAK,297.361,348643.978,False,1172.460,False
2022-03-01,7602,528,Netherlands,NLD,190.333,548025.081,False,2879.296,False
2022-03-01,7602,56,Belgium,BEL,154.098,545256.052,False,3538.372,False
2022-03-01,7602,300,Greece,GRC,145.299,688581.119,False,4739.063,False
2022-03-01,7602,392,Japan,JPN,118.369,285717.907,False,2413.790,False
2022-03-01,7602,490,"Other Asia, nes",S19,106.675,235182.546,False,2204.664,False
2022-03-01,7602,251,France,FRA,37.017,98439.946,False,2659.317,False
2022-03-01,7602,826,United Kingdom,GBR,25.014,62535.800,False,2500.032,False
2022-03-01,7602,624,Guinea-Bissau,GNB,24.855,51353.823,False,2066.137,False
2022-03-01,7602,276,Germany,DEU,21.125,20000.206,False,946.755,False
2022-03-01,7602,704,Viet Nam,VNM,20.000,53000.230,False,2650.012,False
2022-03-01,7602,288,Ghana,GHA,0.035,444.783,False,12708.086,False
2022-04-01,7602,0,World,W00,46919.041,123865380.448,False,2639.981,False
2022-04-01,7602,842,USA,USA,30743.691,82105987.983,False,2670.661,False
2022-04-01,7602,344,"China, Hong Kong SAR",HKG,4032.390,8432767.625,False,2091.258,False
2022-04-01,7602,410,Rep. of Korea,KOR,2275.260,5055051.726,False,2221.747,False
2022-04-01,7602,458,Malaysia,MYS,2208.310,4811378.160,False,2178.760,False
2022-04-01,7602,156,China,CHN,1984.630,6375223.567,False,3212.298,False
2022-04-01,7602,699,India,IND,1767.647,3867985.426,False,2188.211,False
2022-04-01,7602,792,Türkiye,TUR,1101.960,4460721.667,False,4047.989,False
2022-04-01,7602,348,Hungary,HUN,605.547,2616091.210,False,4320.212,False
2022-04-01,7602,76,Brazil,BRA,498.716,1404964.836,False,2817.164,False
2022-04-01,7602,380,Italy,ITA,324.592,1155730.723,False,3560.564,False
2022-04-01,7602,586,Pakistan,PAK,301.023,401740.998,False,1334.586,False
2022-04-01,7602,300,Greece,GRC,205.566,990777.334,False,4819.753,False
2022-04-01,7602,764,Thailand,THA,194.823,477582.328,False,2451.365,False
2022-04-01,7602,56,Belgium,BEL,143.187,339363.586,False,2370.073,False
2022-04-01,7602,826,United Kingdom,GBR,140.976,334061.946,False,2369.637,False
2022-04-01,7602,462,Maldives,MDV,124.159,268311.627,False,2161.032,False
2022-04-01,7602,724,Spain,ESP,119.618,344369.900,False,2878.914,False
2022-04-01,7602,203,Czechia,CZE,43.781,179361.879,False,4096.797,False
2022-04-01,7602,276,Germany,DEU,42.548,93427.955,False,2195.825,False
2022-04-01,7602,48,Bahrain,BHR,41.617,118484.857,False,2847.030,False
2022-04-01,7602,392,Japan,JPN,19.000,31995.116,False,1683.953,False
2022-05-01,7602,0,World,W00,54783.838,136583223.470,False,2493.130,False
2022-05-01,7602,842,USA,USA,35441.762,88999941.405,False,2511.160,False
2022-05-01,7602,344,"China, Hong Kong SAR",HKG,4677.640,10292161.674,False,2200.289,False
2022-05-01,7602,458,Malaysia,MYS,3625.430,7768212.906,False,2142.701,False
2022-05-01,7602,410,Rep. of Korea,KOR,2060.970,5028410.150,False,2439.827,False
2022-05-01,7602,699,India,IND,1898.241,3446271.592,False,1815.508,False
2022-05-01,7602,156,China,CHN,1668.910,6031441.771,False,3614.001,False
2022-05-01,7602,764,Thailand,THA,967.671,2037693.216,False,2105.771,False
2022-05-01,7602,380,Italy,ITA,690.690,2111504.264,False,3057.094,False
2022-05-01,7602,76,Brazil,BRA,680.722,1902661.535,False,2795.064,False
2022-05-01,7602,586,Pakistan,PAK,640.569,923909.649,False,1442.327,False
2022-05-01,7602,792,Türkiye,TUR,485.991,1462374.133,False,3009.056,False
2022-05-01,7602,276,Germany,DEU,379.834,1349766.357,False,3553.569,False
2022-05-01,7602,56,Belgium,BEL,342.075,681670.526,False,1992.752,False
2022-05-01,7602,724,Spain,ESP,255.366,1022199.465,False,4002.880,False
2022-05-01,7602,300,Greece,GRC,246.377,1065916.049,False,4326.362,False
2022-05-01,7602,348,Hungary,HUN,215.970,712590.666,False,3299.489,False
2022-05-01,7602,528,Netherlands,NLD,175.800,417533.071,False,2375.046,False
2022-05-01,7602,392,Japan,JPN,88.364,171281.405,False,1938.362,False
2022-05-01,7602,608,Philippines,PHL,48.739,125160.094,False,2567.966,False
2022-05-01,7602,688,Serbia,SRB,43.099,176251.019,False,4089.446,False
2022-05-01,7602,704,Viet Nam,VNM,43.083,120178.040,False,2789.454,False
2022-05-01,7602,484,Mexico,MEX,38.958,108133.414,False,2775.641,False
2022-05-01,7602,512,Oman,OMN,24.451,37869.203,False,1548.779,False
2022-05-01,7602,360,Indonesia,IDN,23.674,553360.885,False,23374.203,False
2022-05-01,7602,784,United Arab Emirates,ARE,19.452,36730.981,False,1888.288,False
2022-06-01,7602,0,World,W00,48920.369,114350280.349,False,2337.478,False
2022-06-01,7602,842,USA,USA,31995.492,75932585.315,False,2373.228,False
2022-06-01,7602,344,"China, Hong Kong SAR",HKG,3108.500,6513280.161,False,2095.313,False
2022-06-01,7602,156,China,CHN,2822.130,5835633.197,False,2067.812,False
2022-06-01,7602,458,Malaysia,MYS,2438.001,4419655.611,False,1812.819,False
2022-06-01,7602,410,Rep. of Korea,KOR,2209.972,4314699.980,False,1952.378,False
2022-06-01,7602,699,India,IND,1974.330,4945919.395,False,2505.113,False
2022-06-01,7602,76,Brazil,BRA,769.210,2057753.133,False,2675.151,False
2022-06-01,7602,724,Spain,ESP,729.438,2128410.736,False,2917.878,False
2022-06-01,7602,56,Belgium,BEL,499.260,831568.882,False,1665.603,False
2022-06-01,7602,348,Hungary,HUN,434.000,1750955.351,False,4034.459,False
2022-06-01,7602,380,Italy,ITA,366.170,1099198.806,False,3001.881,False
2022-06-01,7602,764,Thailand,THA,345.471,891088.951,False,2579.345,False
2022-06-01,7602,392,Japan,JPN,268.624,498366.666,False,1855.257,False
2022-06-01,7602,792,Türkiye,TUR,244.192,1290415.871,False,5284.431,False
2022-06-01,7602,586,Pakistan,PAK,153.456,183053.144,False,1192.871,False
2022-06-01,7602,48,Bahrain,BHR,108.127,221059.765,False,2044.446,False
2022-06-01,7602,300,Greece,GRC,89.355,477946.285,False,5348.848,False
2022-06-01,7602,528,Netherlands,NLD,85.589,205234.186,False,2397.904,False
2022-06-01,7602,276,Germany,DEU,76.561,270393.543,False,3531.740,False
2022-06-01,7602,826,United Kingdom,GBR,49.057,137916.903,False,2811.360,False
2022-06-01,7602,484,Mexico,MEX,44.770,144416.541,False,3225.744,False
2022-06-01,7602,512,Oman,OMN,43.947,61558.894,False,1400.753,False
2022-06-01,7602,352,Iceland,ISL,25.386,25174.244,False,991.659,False
2022-06-01,7602,710,South Africa,ZAF,24.965,62753.825,False,2513.672,False
2022-06-01,7602,233,Estonia,EST,10.956,11000.411,False,1004.054,False
2022-06-01,7602,288,Ghana,GHA,3.374,40162.197,False,11903.437,False
2022-06-01,7602,40,Austria,AUT,0.036,78.356,False,2176.556,False
2022-07-01,7602,0,World,W00,49607.508,106406760.307,False,2144.973,False
2022-07-01,7602,842,USA,USA,31043.982,67336196.015,False,2169.058,False
2022-07-01,7602,156,China,CHN,4289.875,8516114.014,False,1985.166,False
2022-07-01,7602,344,"China, Hong Kong SAR",HKG,4220.500,8256536.205,False,1956.293,False
2022-07-01,7602,458,Malaysia,MYS,3525.882,6689529.636,False,1897.264,False
2022-07-01,7602,699,India,IND,1890.916,4039865.754,False,2136.460,False
2022-07-01,7602,410,Rep. of Korea,KOR,1491.730,3164089.828,False,2121.087,False
2022-07-01,7602,724,Spain,ESP,605.972,1504296.691,False,2482.452,False
2022-07-01,7602,380,Italy,ITA,477.113,1669594.067,False,3499.368,False
2022-07-01,7602,348,Hungary,HUN,457.060,1532824.647,False,3353.662,False
2022-07-01,7602,56,Belgium,BEL,315.330,644349.708,False,2043.414,False
2022-07-01,7602,792,Türkiye,TUR,280.062,772869.252,False,2759.636,False
2022-07-01,7602,300,Greece,GRC,210.895,542727.465,False,2573.449,False
2022-07-01,7602,764,Thailand,THA,168.933,348317.880,False,2061.870,False
2022-07-01,7602,76,Brazil,BRA,151.033,349679.593,False,2315.253,False
2022-07-01,7602,586,Pakistan,PAK,124.368,141652.883,False,1138.982,False
2022-07-01,7602,484,Mexico,MEX,106.397,218289.015,False,2051.646,False
2022-07-01,7602,276,Germany,DEU,88.710,283593.256,False,3196.858,False
2022-07-01,7602,528,Netherlands,NLD,87.555,192008.426,False,2193.004,False
2022-07-01,7602,826,United Kingdom,GBR,47.034,98304.518,False,2090.074,False
2022-07-01,7602,704,Viet Nam,VNM,20.003,59121.664,False,2955.640,False
2022-07-01,7602,288,Ghana,GHA,3.055,36328.049,False,11891.342,False
2022-07-01,7602,834,United Rep. of Tanzania,TZA,0.853,10046.687,False,11778.062,False
2022-07-01,7602,508,Mozambique,MOZ,0.250,425.052,False,1700.208,False
2022-08-01,7602,0,World,W00,52433.736,104547726.306,False,1993.902,False
2022-08-01,7602,842,USA,USA,32942.390,66458588.905,False,2017.419,False
2022-08-01,7602,344,"China, Hong Kong SAR",HKG,4738.030,7582834.822,False,1600.419,False
2022-08-01,7602,699,India,IND,4611.685,8589162.019,False,1862.478,False
2022-08-01,7602,458,Malaysia,MYS,2623.950,4056157.714,False,1545.821,False
2022-08-01,7602,156,China,CHN,2359.960,5563704.490,False,2357.542,False
2022-08-01,7602,724,Spain,ESP,1183.100,2944170.897,False,2488.522,False
2022-08-01,7602,410,Rep. of Korea,KOR,1070.240,1785899.858,False,1668.691,False
2022-08-01,7602,380,Italy,ITA,825.815,1860630.068,False,2253.083,False
2022-08-01,7602,348,Hungary,HUN,304.370,948830.812,False,3117.360,False
2022-08-01,7602,276,Germany,DEU,298.568,1123014.019,False,3761.334,False
2022-08-01,7602,56,Belgium,BEL,283.823,443000.378,False,1560.833,False
2022-08-01,7602,764,Thailand,THA,168.172,338572.796,False,2013.253,False
2022-08-01,7602,528,Netherlands,NLD,162.039,339502.242,False,2095.188,False
2022-08-01,7602,792,Türkiye,TUR,150.297,366302.933,False,2437.194,False
2022-08-01,7602,76,Brazil,BRA,128.935,295826.039,False,2294.381,False
2022-08-01,7602,392,Japan,JPN,112.692,179098.975,False,1589.279,False
2022-08-01,7602,826,United Kingdom,GBR,91.713,175410.601,False,1912.603,False
2022-08-01,7602,300,Greece,GRC,72.308,378069.203,False,5228.594,False
2022-08-01,7602,512,Oman,OMN,68.502,91774.430,False,1339.734,False
2022-08-01,7602,484,Mexico,MEX,61.399,114016.891,False,1856.983,False
2022-08-01,7602,372,Ireland,IRL,55.584,654337.417,False,11772.046,False
2022-08-01,7602,586,Pakistan,PAK,49.565,74918.265,False,1511.515,False
2022-08-01,7602,251,France,FRA,44.452,138650.681,False,3119.110,False
2022-08-01,7602,48,Bahrain,BHR,26.147,45251.849,False,1730.671,False
2022-09-01,7602,0,World,W00,49447.898,93329294.561,False,1887.427,False
2022-09-01,7602,842,USA,USA,31867.025,60566354.442,False,1900.596,False
2022-09-01,7602,699,India,IND,4072.984,7801908.101,False,1915.526,False
2022-09-01,7602,344,"China, Hong Kong SAR",HKG,3394.360,5366846.470,False,1581.107,False
2022-09-01,7602,156,China,CHN,2082.998,4210133.656,False,2021.189,False
2022-09-01,7602,458,Malaysia,MYS,2076.560,3681469.765,False,1772.869,False
2022-09-01,7602,410,Rep. of Korea,KOR,1279.787,1986455.151,False,1552.176,False
2022-09-01,7602,764,Thailand,THA,1021.970,1572665.413,False,1538.857,False
2022-09-01,7602,724,Spain,ESP,505.626,1122399.813,False,2219.822,False
2022-09-01,7602,276,Germany,DEU,476.812,1329825.075,False,2788.992,False
2022-09-01,7602,380,Italy,ITA,466.513,1138998.519,False,2441.515,False
2022-09-01,7602,792,Türkiye,TUR,362.683,712007.892,False,1963.169,False
2022-09-01,7602,392,Japan,JPN,289.485,484225.756,False,1672.714,False
2022-09-01,7602,348,Hungary,HUN,266.623,849895.013,False,3187.628,False
2022-09-01,7602,528,Netherlands,NLD,266.481,582194.153,False,2184.749,False
2022-09-01,7602,56,Belgium,BEL,193.003,238268.374,False,1234.532,False
2022-09-01,7602,40,Austria,AUT,114.171,199944.959,False,1751.276,False
2022-09-01,7602,784,United Arab Emirates,ARE,112.284,185250.112,False,1649.835,False
2022-09-01,7602,586,Pakistan,PAK,99.688,184187.074,False,1847.635,False
2022-09-01,7602,512,Oman,OMN,68.176,92440.000,False,1355.902,False
2022-09-01,7602,490,"Other Asia, nes",S19,67.405,109617.521,False,1626.252,False
2022-09-01,7602,76,Brazil,BRA,61.526,142902.768,False,2322.640,False
2022-09-01,7602,484,Mexico,MEX,60.363,120046.703,False,1988.746,False
2022-09-01,7602,826,United Kingdom,GBR,48.786,99454.849,False,2038.594,False
2022-09-01,7602,300,Greece,GRC,44.667,165836.909,False,3712.739,False
2022-09-01,7602,251,France,FRA,44.042,127931.651,False,2904.765,False
2022-09-01,7602,688,Serbia,SRB,43.511,130957.105,False,3009.747,False
2022-09-01,7602,704,Viet Nam,VNM,42.310,86216.424,False,2037.732,False
2022-09-01,7602,36,Australia,AUS,18.059,40860.893,False,2262.633,False
2022-10-01,7602,0,World,W00,66018.459,119958771.237,False,1817.049,True
2022-10-01,7602,842,USA,USA,36261.446,61764817.489,False,1703.319,True
2022-10-01,7602,699,India,IND,4318.257,9740336.878,False,2255.618,False
2022-10-01,7602,344,"China, Hong Kong SAR",HKG,4108.300,8005201.691,False,1948.544,False
2022-10-01,7602,410,Rep. of Korea,KOR,4056.890,9659672.372,False,2381.054,False
2022-10-01,7602,156,China,CHN,3185.450,6528602.918,False,2049.507,False
2022-10-01,7602,458,Malaysia,MYS,2939.940,5066061.956,False,1723.185,False
2022-10-01,7602,764,Thailand,THA,1590.507,2666909.805,False,1676.767,False
2022-10-01,7602,724,Spain,ESP,951.018,5715174.252,False,6009.533,False
2022-10-01,7602,392,Japan,JPN,911.015,2011094.934,False,2207.532,False
2022-10-01,7602,380,Italy,ITA,839.301,3064431.369,False,3651.171,False
2022-10-01,7602,348,Hungary,HUN,304.421,843251.142,False,2770.016,False
2022-10-01,7602,784,United Arab Emirates,ARE,260.045,443518.262,False,1705.544,False
2022-10-01,7602,276,Germany,DEU,241.525,573801.966,False,2375.746,False
2022-10-01,7602,792,Türkiye,TUR,231.547,742636.604,False,3207.282,False
2022-10-01,7602,360,Indonesia,IDN,224.485,130213.619,False,580.055,False
2022-10-01,7602,56,Belgium,BEL,210.742,436106.081,False,2069.384,False
2022-10-01,7602,76,Brazil,BRA,198.393,513922.667,False,2590.427,False
2022-10-01,7602,586,Pakistan,PAK,150.528,322725.187,False,2143.955,False
2022-10-01,7602,484,Mexico,MEX,67.567,103620.147,False,1533.591,False
2022-10-01,7602,251,France,FRA,65.365,168876.251,False,2583.588,False
2022-10-01,7602,231,Ethiopia,ETH,55.498,654429.969,False,11791.956,False
2022-10-01,7602,40,Austria,AUT,50.379,117941.506,False,2341.085,False
2022-10-01,7602,48,Bahrain,BHR,48.957,90138.343,False,1841.174,False
2022-10-01,7602,300,Greece,GRC,47.833,366458.005,False,7661.196,False
2022-10-01,7602,704,Viet Nam,VNM,44.183,85286.442,False,1930.300,False
2022-10-01,7602,490,"Other Asia, nes",S19,40.233,64541.387,False,1604.190,False
2022-10-01,7602,528,Netherlands,NLD,24.688,44889.945,False,1818.290,False
2022-10-01,7602,826,United Kingdom,GBR,24.416,34110.050,False,1397.037,False
2022-11-01,7602,0,World,W00,99180.909,173003740.373,False,1744.325,False
2022-11-01,7602,842,USA,USA,79435.509,119110849.243,False,1499.466,False
2022-11-01,7602,344,"China, Hong Kong SAR",HKG,3866.310,7850780.959,False,2030.562,False
2022-11-01,7602,699,India,IND,3310.178,6428728.988,False,1942.110,False
2022-11-01,7602,410,Rep. of Korea,KOR,3125.290,16074722.199,False,5143.434,False
2022-11-01,7602,156,China,CHN,2098.283,4187243.180,False,1995.557,False
2022-11-01,7602,458,Malaysia,MYS,1805.231,4425957.127,False,2451.740,False
2022-11-01,7602,76,Brazil,BRA,998.887,2636358.571,False,2639.296,False
2022-11-01,7602,724,Spain,ESP,791.329,3260296.858,False,4120.027,False
2022-11-01,7602,348,Hungary,HUN,566.352,1607896.126,False,2839.040,False
2022-11-01,7602,764,Thailand,THA,527.524,840962.044,False,1594.168,False
2022-11-01,7602,380,Italy,ITA,447.732,2316244.925,False,5173.284,False
2022-11-01,7602,392,Japan,JPN,414.943,797118.748,False,1921.032,False
2022-11-01,7602,784,United Arab Emirates,ARE,405.837,1006078.995,False,2479.022,False
2022-11-01,7602,56,Belgium,BEL,290.142,463582.760,False,1597.779,False
2022-11-01,7602,40,Austria,AUT,193.144,363323.125,False,1881.100,False
2022-11-01,7602,586,Pakistan,PAK,187.411,359434.034,False,1917.892,False
2022-11-01,7602,276,Germany,DEU,150.061,138573.942,False,923.451,False
2022-11-01,7602,490,"Other Asia, nes",S19,120.006,164544.064,False,1371.132,False
2022-11-01,7602,528,Netherlands,NLD,100.985,203657.143,False,2016.707,False
2022-11-01,7602,48,Bahrain,BHR,70.054,115605.717,False,1650.237,False
2022-11-01,7602,704,Viet Nam,VNM,62.842,124754.815,False,1985.214,False
2022-11-01,7602,826,United Kingdom,GBR,52.500,136039.420,False,2591.227,False
2022-11-01,7602,792,Türkiye,TUR,50.900,166880.937,False,3278.604,False
2022-11-01,7602,484,Mexico,MEX,43.712,70500.733,False,1612.846,False
2022-11-01,7602,300,Greece,GRC,40.399,88201.521,False,2183.260,False
2022-11-01,7602,512,Oman,OMN,21.751,25431.415,False,1169.207,False
2022-11-01,7602,268,Georgia,GEO,3.597,39972.781,False,11112.811,False
2022-12-01,7602,0,World,W00,51786.781,101614716.219,False,1962.175,False
2022-12-01,7602,842,USA,USA,29020.084,51701367.474,False,1781.572,False
2022-12-01,7602,344,"China, Hong Kong SAR",HKG,4991.764,9241625.011,False,1851.375,False
2022-12-01,7602,458,Malaysia,MYS,3607.490,6642466.880,False,1841.299,False
2022-12-01,7602,156,China,CHN,2602.620,5276021.261,False,2027.196,False
2022-12-01,7602,699,India,IND,2235.610,5690500.865,False,2545.391,False
2022-12-01,7602,410,Rep. of Korea,KOR,1922.784,7137108.397,False,3711.862,False
2022-12-01,7602,76,Brazil,BRA,1339.461,3054730.947,False,2280.567,False
2022-12-01,7602,392,Japan,JPN,1193.430,1897315.052,False,1589.800,False
2022-12-01,7602,764,Thailand,THA,1010.382,1927462.085,False,1907.657,False
2022-12-01,7602,490,"Other Asia, nes",S19,635.236,1117465.468,False,1759.134,False
2022-12-01,7602,348,Hungary,HUN,589.372,1795249.016,False,3046.037,False
2022-12-01,7602,380,Italy,ITA,477.427,1355364.130,False,2838.893,False
2022-12-01,7602,784,United Arab Emirates,ARE,389.866,721009.371,False,1849.377,False
2022-12-01,7602,724,Spain,ESP,373.544,819118.310,False,2192.830,False
2022-12-01,7602,792,Türkiye,TUR,358.763,716591.188,False,1997.394,False
2022-12-01,7602,616,Poland,POL,314.280,974426.088,False,3100.503,False
2022-12-01,7602,528,Netherlands,NLD,204.255,350729.972,False,1717.118,False
2022-12-01,7602,586,Pakistan,PAK,135.168,218114.648,False,1613.656,False
2022-12-01,7602,300,Greece,GRC,100.833,241151.997,False,2391.598,False
2022-12-01,7602,826,United Kingdom,GBR,86.030,139905.913,False,1626.246,False
2022-12-01,7602,251,France,FRA,44.199,135544.355,False,3066.684,False
2022-12-01,7602,48,Bahrain,BHR,43.175,84203.579,False,1950.286,False
2022-12-01,7602,56,Belgium,BEL,39.016,228832.123,False,5865.084,False
2022-12-01,7602,581,United States Minor Outlying Islands,UMI,26.517,42363.954,False,1597.615,False
2022-12-01,7602,276,Germany,DEU,25.595,61069.160,False,2385.980,False
2022-12-01,7602,484,Mexico,MEX,19.880,44978.976,False,2262.524,False
2023-01-01,7602,0,World,W00,45552.331,88241846.068,False,1937.153,False
2023-01-01,7602,842,USA,USA,31375.256,60742989.738,False,1936.016,False
2023-01-01,7602,156,China,CHN,2980.970,6172980.480,False,2070.796,False
2023-01-01,7602,344,"China, Hong Kong SAR",HKG,2558.080,4709659.594,False,1841.092,False
2023-01-01,7602,764,Thailand,THA,1439.540,2428642.833,False,1687.096,False
2023-01-01,7602,699,India,IND,1373.660,2040448.778,False,1485.410,False
2023-01-01,7602,458,Malaysia,MYS,1098.390,1992331.754,False,1813.866,False
2023-01-01,7602,410,Rep. of Korea,KOR,1004.830,1641010.506,False,1633.123,False
2023-01-01,7602,76,Brazil,BRA,740.821,1626462.979,False,2195.487,False
2023-01-01,7602,392,Japan,JPN,670.515,1270992.106,False,1895.546,False
2023-01-01,7602,380,Italy,ITA,474.541,1341142.371,False,2826.189,False
2023-01-01,7602,724,Spain,ESP,422.402,917925.333,False,2173.108,False
2023-01-01,7602,348,Hungary,HUN,282.972,1094475.109,False,3867.786,False
2023-01-01,7602,276,Germany,DEU,233.922,214616.066,False,917.468,False
2023-01-01,7602,528,Netherlands,NLD,193.162,291308.136,False,1508.103,False
2023-01-01,7602,616,Poland,POL,131.838,412460.048,False,3128.537,False
2023-01-01,7602,300,Greece,GRC,107.651,345716.647,False,3211.458,False
2023-01-01,7602,792,Türkiye,TUR,94.509,188086.031,False,1990.139,False
2023-01-01,7602,784,United Arab Emirates,ARE,93.876,159578.779,False,1699.889,False
2023-01-01,7602,484,Mexico,MEX,62.824,107420.155,False,1709.859,False
2023-01-01,7602,56,Belgium,BEL,50.663,101962.318,False,2012.560,False
2023-01-01,7602,48,Bahrain,BHR,44.551,86920.859,False,1951.042,False
2023-01-01,7602,251,France,FRA,43.547,135689.009,False,3115.921,False
2023-01-01,7602,490,"Other Asia, nes",S19,31.698,164337.810,False,5184.485,False
2023-01-01,7602,586,Pakistan,PAK,24.196,22498.864,False,929.859,False
2023-01-01,7602,704,Viet Nam,VNM,17.917,32189.765,False,1796.605,False
2023-02-01,7602,0,World,W00,50239.548,99862576.022,False,1987.728,False
2023-02-01,7602,842,USA,USA,30626.803,60649947.336,False,1980.290,False
2023-02-01,7602,344,"China, Hong Kong SAR",HKG,4941.120,9314283.098,False,1885.055,False
2023-02-01,7602,156,China,CHN,2944.120,6227342.782,False,2115.180,False
2023-02-01,7602,699,India,IND,2609.377,4819498.966,False,1846.992,False
2023-02-01,7602,410,Rep. of Korea,KOR,2568.070,5308507.981,False,2067.120,False
2023-02-01,7602,458,Malaysia,MYS,1728.190,3264788.879,False,1889.138,False
2023-02-01,7602,764,Thailand,THA,974.676,1716296.515,False,1760.889,False
2023-02-01,7602,76,Brazil,BRA,844.767,1950679.287,False,2309.133,False
2023-02-01,7602,380,Italy,ITA,717.911,1489541.846,False,2074.828,False
2023-02-01,7602,348,Hungary,HUN,458.007,1436917.597,False,3137.327,False
2023-02-01,7602,392,Japan,JPN,354.023,595368.271,False,1681.722,False
2023-02-01,7602,792,Türkiye,TUR,312.334,605491.493,False,1938.603,False
2023-02-01,7602,724,Spain,ESP,275.078,469862.921,False,1708.108,False
2023-02-01,7602,56,Belgium,BEL,183.109,206572.908,False,1128.142,False
2023-02-01,7602,616,Poland,POL,110.524,359042.786,False,3248.550,False
2023-02-01,7602,490,"Other Asia, nes",S19,101.626,203815.341,False,2005.543,False
2023-02-01,7602,826,United Kingdom,GBR,88.117,155439.336,False,1764.011,False
2023-02-01,7602,704,Viet Nam,VNM,78.887,165051.044,False,2092.246,False
2023-02-01,7602,528,Netherlands,NLD,70.931,150644.635,False,2123.819,False
2023-02-01,7602,300,Greece,GRC,68.874,400904.420,False,5820.838,False
2023-02-01,7602,276,Germany,DEU,64.609,70400.109,False,1089.633,False
2023-02-01,7602,40,Austria,AUT,43.627,71210.502,False,1632.258,False
2023-02-01,7602,784,United Arab Emirates,ARE,24.975,42206.609,False,1689.954,False
2023-02-01,7602,50,Bangladesh,BGD,21.000,42524.075,False,2024.956,False
2023-02-01,7602,484,Mexico,MEX,20.000,46499.462,False,2324.973,False
2023-02-01,7602,400,Jordan,JOR,6.167,69998.630,False,11350.516,False
2023-02-01,7602,251,France,FRA,2.626,29739.195,False,11324.903,False
2023-03-01,7602,0,World,W00,58930.571,115946240.846,False,1967.506,False
2023-03-01,7602,842,USA,USA,33748.185,65919723.041,False,1953.282,False
2023-03-01,7602,344,"China, Hong Kong SAR",HKG,7072.040,13498406.223,False,1908.700,False
2023-03-01,7602,410,Rep. of Korea,KOR,3187.693,6173691.385,False,1936.727,False
2023-03-01,7602,699,India,IND,2728.092,5364224.289,False,1966.292,False
2023-03-01,7602,458,Malaysia,MYS,2587.885,5190174.795,False,2005.566,False
2023-03-01,7602,156,China,CHN,2552.180,5429398.344,False,2127.357,False
2023-03-01,7602,764,Thailand,THA,1805.890,3839829.949,False,2126.281,False
2023-03-01,7602,380,Italy,ITA,712.971,1489723.805,False,2089.459,False
2023-03-01,7602,76,Brazil,BRA,626.021,1473186.624,False,2353.254,False
2023-03-01,7602,704,Viet Nam,VNM,580.687,356853.449,False,614.537,False
2023-03-01,7602,490,"Other Asia, nes",S19,536.618,1134318.831,False,2113.829,False
2023-03-01,7602,724,Spain,ESP,484.941,998082.499,False,2058.152,False
2023-03-01,7602,348,Hungary,HUN,457.806,1403019.317,False,3064.659,False
2023-03-01,7602,276,Germany,DEU,431.256,666031.531,False,1544.399,False
2023-03-01,7602,300,Greece,GRC,362.859,1028066.147,False,2833.239,False
2023-03-01,7602,792,Türkiye,TUR,218.330,445639.617,False,2041.129,False
2023-03-01,7602,56,Belgium,BEL,196.102,382081.479,False,1948.381,False
2023-03-01,7602,392,Japan,JPN,189.349,349399.763,False,1845.269,False
2023-03-01,7602,528,Netherlands,NLD,95.488,171186.179,False,1792.751,False
2023-03-01,7602,40,Austria,AUT,71.073,121856.142,False,1714.521,False
2023-03-01,7602,586,Pakistan,PAK,59.759,42198.802,False,706.150,False
2023-03-01,7602,784,United Arab Emirates,ARE,49.284,75506.411,False,1532.067,False
2023-03-01,7602,616,Poland,POL,46.294,167324.066,False,3614.379,False
2023-03-01,7602,50,Bangladesh,BGD,42.150,57548.540,False,1365.327,False
2023-03-01,7602,484,Mexico,MEX,40.317,66472.637,False,1648.750,False
2023-03-01,7602,364,Iran,IRN,25.900,46245.172,False,1785.528,False
2023-03-01,7602,788,Tunisia,TUN,20.088,41428.134,False,2062.332,False
2023-03-01,7602,251,France,FRA,1.313,14623.673,False,11137.603,False
2023-04-01,7602,0,World,W00,45271.032,89384476.649,False,1974.430,False
2023-04-01,7602,842,USA,USA,31257.066,59438711.481,False,1901.609,False
2023-04-01,7602,344,"China, Hong Kong SAR",HKG,4205.275,8500034.178,False,2021.279,False
2023-04-01,7602,410,Rep. of Korea,KOR,1703.610,4588378.630,False,2693.327,False
2023-04-01,7602,699,India,IND,1617.403,2850960.845,False,1762.678,False
2023-04-01,7602,458,Malaysia,MYS,1448.650,2439467.237,False,1683.959,False
2023-04-01,7602,156,China,CHN,1206.540,2749773.272,False,2279.057,False
2023-04-01,7602,764,Thailand,THA,1137.947,2088702.041,False,1835.500,False
2023-04-01,7602,348,Hungary,HUN,588.472,1799581.766,False,3058.058,False
2023-04-01,7602,76,Brazil,BRA,565.320,1366056.331,False,2416.430,False
2023-04-01,7602,724,Spain,ESP,229.246,645800.517,False,2817.063,False
2023-04-01,7602,392,Japan,JPN,208.219,337383.115,False,1620.328,False
2023-04-01,7602,380,Italy,ITA,135.522,462065.520,False,3409.524,False
2023-04-01,7602,616,Poland,POL,130.795,414334.343,False,3167.815,False
2023-04-01,7602,276,Germany,DEU,127.262,137333.354,False,1079.139,False
2023-04-01,7602,300,Greece,GRC,117.796,429405.590,False,3645.333,False
2023-04-01,7602,528,Netherlands,NLD,115.738,203402.141,False,1757.436,False
2023-04-01,7602,40,Austria,AUT,97.201,163776.440,False,1684.925,False
2023-04-01,7602,792,Türkiye,TUR,78.462,359208.802,False,4578.124,False
2023-04-01,7602,586,Pakistan,PAK,77.162,33585.337,False,435.257,False
2023-04-01,7602,490,"Other Asia, nes",S19,73.753,126844.656,False,1719.858,False
2023-04-01,7602,56,Belgium,BEL,65.348,96874.935,False,1482.447,False
2023-04-01,7602,704,Viet Nam,VNM,62.037,107428.144,False,1731.679,False
2023-04-01,7602,251,France,FRA,22.208,45367.975,False,2042.866,False
2023-05-01,7602,0,World,W00,51040.569,99422325.532,False,1947.908,False
2023-05-01,7602,842,USA,USA,34584.525,66815303.496,False,1931.942,False
2023-05-01,7602,344,"China, Hong Kong SAR",HKG,4072.900,7918560.997,False,1944.207,False
2023-05-01,7602,699,India,IND,2992.576,5220212.305,False,1744.388,False
2023-05-01,7602,458,Malaysia,MYS,1859.610,3662198.749,False,1969.337,False
2023-05-01,7602,764,Thailand,THA,1744.903,3304450.785,False,1893.773,False
2023-05-01,7602,156,China,CHN,1467.570,4044562.989,False,2755.959,False
2023-05-01,7602,410,Rep. of Korea,KOR,1280.590,1949695.182,False,1522.498,False
2023-05-01,7602,724,Spain,ESP,518.015,1095771.635,False,2115.328,False
2023-05-01,7602,348,Hungary,HUN,435.640,1309387.910,False,3005.665,False
2023-05-01,7602,490,"Other Asia, nes",S19,415.724,249979.530,False,601.311,False
2023-05-01,7602,380,Italy,ITA,228.442,686513.190,False,3005.197,False
2023-05-01,7602,392,Japan,JPN,197.497,342351.416,False,1733.451,False
2023-05-01,7602,76,Brazil,BRA,187.667,546929.221,False,2914.360,False
2023-05-01,7602,300,Greece,GRC,163.913,460398.271,False,2808.797,False
2023-05-01,7602,40,Austria,AUT,147.267,254538.346,False,1728.414,False
2023-05-01,7602,276,Germany,DEU,146.838,412916.891,False,2812.057,False
2023-05-01,7602,704,Viet Nam,VNM,145.947,265367.200,False,1818.244,False
2023-05-01,7602,56,Belgium,BEL,138.522,301022.440,False,2173.102,False
2023-05-01,7602,528,Netherlands,NLD,135.884,248744.019,False,1830.562,False
2023-05-01,7602,586,Pakistan,PAK,66.311,56060.419,False,845.417,False
2023-05-01,7602,616,Poland,POL,65.368,191365.967,False,2927.518,False
2023-05-01,7602,792,Türkiye,TUR,23.245,43932.429,False,1889.973,False
2023-05-01,7602,784,United Arab Emirates,ARE,20.818,33053.267,False,1587.725,False
2023-05-01,7602,116,Cambodia,KHM,0.797,9008.878,False,11303.486,False
2023-06-01,7602,0,World,W00,56610.254,111287343.062,False,1965.851,False
2023-06-01,7602,842,USA,USA,34047.319,64853974.933,False,1904.819,False
2023-06-01,7602,458,Malaysia,MYS,6290.590,12466020.227,False,1981.693,False
2023-06-01,7602,699,India,IND,4346.939,8116899.716,False,1867.268,False
2023-06-01,7602,764,Thailand,THA,2376.979,4935003.083,False,2076.166,False
2023-06-01,7602,344,"China, Hong Kong SAR",HKG,2303.330,4982488.833,False,2163.168,False
2023-06-01,7602,156,China,CHN,2198.090,5427212.950,False,2469.059,False
2023-06-01,7602,410,Rep. of Korea,KOR,2155.990,4030878.325,False,1869.618,False
2023-06-01,7602,392,Japan,JPN,598.825,1093284.417,False,1825.716,False
2023-06-01,7602,724,Spain,ESP,544.427,1559230.951,False,2863.985,False
2023-06-01,7602,76,Brazil,BRA,291.631,727750.622,False,2495.450,False
2023-06-01,7602,380,Italy,ITA,227.633,606784.428,False,2665.626,False
2023-06-01,7602,276,Germany,DEU,222.815,443201.082,False,1989.099,False
2023-06-01,7602,56,Belgium,BEL,150.500,209604.002,False,1392.718,False
2023-06-01,7602,704,Viet Nam,VNM,143.384,267595.236,False,1866.284,False
2023-06-01,7602,40,Austria,AUT,136.504,222644.618,False,1631.048,False
2023-06-01,7602,348,Hungary,HUN,130.659,401428.973,False,3072.341,False
2023-06-01,7602,528,Netherlands,NLD,110.886,194721.296,False,1756.049,False
2023-06-01,7602,792,Türkiye,TUR,109.617,209477.584,False,1910.995,False
2023-06-01,7602,586,Pakistan,PAK,48.089,56383.919,False,1172.491,False
2023-06-01,7602,300,Greece,GRC,44.008,194981.657,False,4430.596,False
2023-06-01,7602,203,Czechia,CZE,43.515,139351.731,False,3202.384,False
2023-06-01,7602,826,United Kingdom,GBR,24.988,42085.896,False,1684.244,False
2023-06-01,7602,442,Luxembourg,LUX,21.643,30827.925,False,1424.383,False
2023-06-01,7602,490,"Other Asia, nes",S19,21.146,35177.305,False,1663.544,False
2023-06-01,7602,784,United Arab Emirates,ARE,19.982,31715.108,False,1587.184,False
2023-06-01,7602,116,Cambodia,KHM,0.765,8618.244,False,11265.678,False
2023-07-01,7602,0,World,W00,58882.258,108324829.743,False,1839.685,False
2023-07-01,7602,842,USA,USA,37913.229,66750773.969,False,1760.620,False
2023-07-01,7602,699,India,IND,5519.200,11064719.499,False,2004.769,False
2023-07-01,7602,156,China,CHN,3527.563,8091922.107,False,2293.913,False
2023-07-01,7602,344,"China, Hong Kong SAR",HKG,3318.363,5603187.198,False,1688.540,False
2023-07-01,7602,458,Malaysia,MYS,2873.030,5126826.937,False,1784.467,False
2023-07-01,7602,764,Thailand,THA,1751.580,3499710.202,False,1998.030,False
2023-07-01,7602,410,Rep. of Korea,KOR,1517.280,2682564.831,False,1768.009,False
2023-07-01,7602,724,Spain,ESP,367.013,955230.670,False,2602.716,False
2023-07-01,7602,380,Italy,ITA,293.807,753509.338,False,2564.641,False
2023-07-01,7602,76,Brazil,BRA,257.802,573004.305,False,2222.653,False
2023-07-01,7602,792,Türkiye,TUR,240.898,488935.210,False,2029.636,False
2023-07-01,7602,348,Hungary,HUN,239.748,651272.896,False,2716.489,False
2023-07-01,7602,276,Germany,DEU,191.913,476842.313,False,2484.680,False
2023-07-01,7602,40,Austria,AUT,191.706,305385.007,False,1592.986,False
2023-07-01,7602,586,Pakistan,PAK,152.044,134902.399,False,887.259,False
2023-07-01,7602,56,Belgium,BEL,141.392,381903.988,False,2701.030,False
2023-07-01,7602,300,Greece,GRC,108.561,214477.901,False,1975.644,False
2023-07-01,7602,392,Japan,JPN,80.386,184813.978,False,2299.082,False
2023-07-01,7602,704,Viet Nam,VNM,61.726,117650.723,False,1906.016,False
2023-07-01,7602,528,Netherlands,NLD,49.025,152461.316,False,3109.869,False
2023-07-01,7602,826,United Kingdom,GBR,39.364,36579.879,False,929.272,False
2023-07-01,7602,784,United Arab Emirates,ARE,24.901,42707.300,False,1715.084,False
2023-07-01,7602,490,"Other Asia, nes",S19,21.727,35447.778,False,1631.508,False
2023-08-01,7602,0,World,W00,56514.283,103821123.275,False,1837.078,False
2023-08-01,7602,842,USA,USA,35325.875,61913197.660,False,1752.630,False
2023-08-01,7602,699,India,IND,4571.262,8608779.292,False,1883.239,False
2023-08-01,7602,156,China,CHN,4313.910,9789104.889,False,2269.195,False
2023-08-01,7602,764,Thailand,THA,2352.030,4637168.212,False,1971.560,False
2023-08-01,7602,410,Rep. of Korea,KOR,2341.650,3884246.733,False,1658.765,False
2023-08-01,7602,344,"China, Hong Kong SAR",HKG,2145.970,4102409.925,False,1911.681,False
2023-08-01,7602,458,Malaysia,MYS,1424.760,2612843.132,False,1833.883,False
2023-08-01,7602,380,Italy,ITA,1201.060,2731977.479,False,2274.639,False
2023-08-01,7602,724,Spain,ESP,647.960,1959924.147,False,3024.761,False
2023-08-01,7602,490,"Other Asia, nes",S19,357.500,243845.851,False,682.086,False
2023-08-01,7602,276,Germany,DEU,234.111,402036.616,False,1717.291,False
2023-08-01,7602,56,Belgium,BEL,230.878,291066.676,False,1260.695,False
2023-08-01,7602,792,Türkiye,TUR,207.720,347727.365,False,1674.020,False
2023-08-01,7602,348,Hungary,HUN,195.407,548367.115,False,2806.282,False
2023-08-01,7602,586,Pakistan,PAK,186.871,153831.223,False,823.195,False
2023-08-01,7602,704,Viet Nam,VNM,172.020,387979.153,False,2255.430,False
2023-08-01,7602,76,Brazil,BRA,148.668,301679.664,False,2029.217,False
2023-08-01,7602,392,Japan,JPN,116.088,189860.656,False,1635.489,False
2023-08-01,7602,40,Austria,AUT,92.215,176264.434,False,1911.451,False
2023-08-01,7602,203,Czechia,CZE,87.153,270570.381,False,3104.545,False
2023-08-01,7602,620,Portugal,PRT,50.176,54690.405,False,1089.971,False
2023-08-01,7602,251,France,FRA,43.562,101070.318,False,2320.149,False
2023-08-01,7602,300,Greece,GRC,39.731,51894.781,False,1306.153,False
2023-08-01,7602,528,Netherlands,NLD,23.666,41299.591,False,1745.102,False
2023-08-01,7602,752,Sweden,SWE,4.040,19287.578,False,4774.153,False
2023-09-01,7602,0,World,W00,56547.070,104057839.186,False,1840.199,False
2023-09-01,7602,842,USA,USA,32167.691,57832566.093,False,1797.846,False
2023-09-01,7602,156,China,CHN,5133.130,10942753.843,False,2131.790,False
2023-09-01,7602,699,India,IND,5080.830,8586602.327,False,1690.000,False
2023-09-01,7602,344,"China, Hong Kong SAR",HKG,3136.120,5820071.878,False,1855.819,False
2023-09-01,7602,458,Malaysia,MYS,2463.630,4142892.376,False,1681.621,False
2023-09-01,7602,764,Thailand,THA,1594.690,2736079.137,False,1715.744,False
2023-09-01,7602,410,Rep. of Korea,KOR,1507.920,2492088.305,False,1652.666,False
2023-09-01,7602,392,Japan,JPN,1218.320,2322918.207,False,1906.657,False
2023-09-01,7602,380,Italy,ITA,1126.480,2318503.346,False,2058.184,False
2023-09-01,7602,724,Spain,ESP,601.250,1663799.772,False,2767.235,False
2023-09-01,7602,76,Brazil,BRA,349.409,706935.259,False,2023.231,False
2023-09-01,7602,348,Hungary,HUN,348.403,969293.771,False,2782.105,False
2023-09-01,7602,56,Belgium,BEL,287.656,266657.426,False,927.001,False
2023-09-01,7602,490,"Other Asia, nes",S19,247.209,436342.271,False,1765.074,False
2023-09-01,7602,792,Türkiye,TUR,206.381,431185.938,False,2089.271,False
2023-09-01,7602,276,Germany,DEU,205.984,296266.088,False,1438.297,False
2023-09-01,7602,40,Austria,AUT,190.197,288678.555,False,1517.787,False
2023-09-01,7602,616,Poland,POL,174.334,523841.881,False,3004.818,False
2023-09-01,7602,704,Viet Nam,VNM,166.272,272126.890,False,1636.637,False
2023-09-01,7602,300,Greece,GRC,153.616,316265.155,False,2058.803,False
2023-09-01,7602,528,Netherlands,NLD,72.747,358958.880,False,4934.346,False
2023-09-01,7602,203,Czechia,CZE,43.449,130087.727,False,2994.033,False
2023-09-01,7602,682,Saudi Arabia,SAU,26.707,91938.103,False,3442.472,False
2023-09-01,7602,586,Pakistan,PAK,22.887,29437.327,False,1286.203,False
2023-09-01,7602,251,France,FRA,21.758,81548.632,False,3747.984,False
2023-10-01,7602,0,World,W00,55693.576,104391140.332,False,1874.384,False
2023-10-01,7602,842,USA,USA,34149.438,60711204.971,False,1777.810,False
2023-10-01,7602,699,India,IND,4777.090,11598245.083,False,2427.889,False
2023-10-01,7602,156,China,CHN,4190.780,8975591.057,False,2141.747,False
2023-10-01,7602,458,Malaysia,MYS,3584.800,5972259.398,False,1665.995,False
2023-10-01,7602,344,"China, Hong Kong SAR",HKG,2210.130,3895960.735,False,1762.774,False
2023-10-01,7602,410,Rep. of Korea,KOR,2133.238,3715347.982,False,1741.647,False
2023-10-01,7602,764,Thailand,THA,1243.236,2443016.723,False,1965.047,False
2023-10-01,7602,56,Belgium,BEL,506.956,784583.074,False,1547.635,False
2023-10-01,7602,724,Spain,ESP,480.252,1259287.354,False,2622.139,False
2023-10-01,7602,380,Italy,ITA,456.762,1114751.660,False,2440.553,False
2023-10-01,7602,392,Japan,JPN,454.876,915576.930,False,2012.806,False
2023-10-01,7602,76,Brazil,BRA,328.823,642656.599,False,1954.415,False
2023-10-01,7602,490,"Other Asia, nes",S19,251.537,446258.766,False,1774.128,False
2023-10-01,7602,276,Germany,DEU,214.103,347556.815,False,1623.316,False
2023-10-01,7602,792,Türkiye,TUR,194.488,369498.602,False,1899.853,False
2023-10-01,7602,300,Greece,GRC,151.213,346280.274,False,2290.017,False
2023-10-01,7602,616,Poland,POL,130.549,398867.074,False,3055.305,False
2023-10-01,7602,704,Viet Nam,VNM,80.718,146714.052,False,1817.613,False
2023-10-01,7602,586,Pakistan,PAK,44.956,50454.371,False,1122.306,False
2023-10-01,7602,251,France,FRA,43.633,119047.878,False,2728.391,False
2023-10-01,7602,702,Singapore,SGP,23.480,43204.111,False,1840.039,False
2023-10-01,7602,348,Hungary,HUN,21.836,59160.515,False,2709.311,False
2023-10-01,7602,528,Netherlands,NLD,20.682,35616.308,False,1722.092,False
2023-11-01,7602,0,World,W00,46288.875,87315685.185,False,1886.321,False
2023-11-01,7602,842,USA,USA,29087.298,50886631.216,False,1749.445,False
2023-11-01,7602,344,"China, Hong Kong SAR",HKG,3741.050,7146473.981,False,1910.286,False
2023-11-01,7602,156,China,CHN,3534.430,8364558.943,False,2366.593,False
2023-11-01,7602,458,Malaysia,MYS,2996.325,5132587.273,False,1712.961,False
2023-11-01,7602,699,India,IND,2935.688,7414364.853,False,2525.597,False
2023-11-01,7602,764,Thailand,THA,879.786,2023320.378,False,2299.787,False
2023-11-01,7602,410,Rep. of Korea,KOR,746.004,1098546.611,False,1472.575,False
2023-11-01,7602,724,Spain,ESP,363.689,789541.061,False,2170.924,False
2023-11-01,7602,76,Brazil,BRA,363.057,900681.535,False,2480.827,False
2023-11-01,7602,392,Japan,JPN,278.847,620337.810,False,2224.653,False
2023-11-01,7602,586,Pakistan,PAK,192.143,226440.161,False,1178.498,False
2023-11-01,7602,784,United Arab Emirates,ARE,185.406,167101.777,False,901.275,False
2023-11-01,7602,380,Italy,ITA,174.339,510505.017,False,2928.232,False
2023-11-01,7602,704,Viet Nam,VNM,168.618,304634.952,False,1806.657,False
2023-11-01,7602,348,Hungary,HUN,131.014,368168.265,False,2810.144,False
2023-11-01,7602,276,Germany,DEU,118.266,279246.701,False,2361.175,False
2023-11-01,7602,56,Belgium,BEL,116.588,157442.870,False,1350.421,False
2023-11-01,7602,300,Greece,GRC,86.528,380934.553,False,4402.443,False
2023-11-01,7602,528,Netherlands,NLD,67.048,122973.746,False,1834.115,False
2023-11-01,7602,372,Ireland,IRL,22.572,62797.834,False,2782.112,False
2023-11-01,7602,792,Türkiye,TUR,21.968,42458.806,False,1932.757,False
2023-11-01,7602,579,Norway,NOR,21.927,62445.766,False,2847.894,False
2023-11-01,7602,616,Poland,POL,21.771,60812.987,False,2793.302,False
2023-11-01,7602,251,France,FRA,21.714,60654.083,False,2793.317,False
2023-11-01,7602,203,Czechia,CZE,11.709,130025.309,False,11104.732,False
2023-11-01,7602,40,Austria,AUT,1.090,1998.696,False,1833.666,False
2023-12-01,7602,0,World,W00,47642.910,94799643.046,False,1989.795,False
2023-12-01,7602,842,USA,USA,24203.092,42625809.011,False,1761.172,False
2023-12-01,7602,458,Malaysia,MYS,4933.400,8749316.646,False,1773.486,False
2023-12-01,7602,156,China,CHN,4449.390,9428828.945,False,2119.128,False
2023-12-01,7602,344,"China, Hong Kong SAR",HKG,3395.010,7965141.170,False,2346.132,False
2023-12-01,7602,699,India,IND,3038.770,9452255.438,False,3110.553,False
2023-12-01,7602,410,Rep. of Korea,KOR,1511.800,2862129.662,False,1893.193,False
2023-12-01,7602,764,Thailand,THA,1471.789,3218585.139,False,2186.852,False
2023-12-01,7602,724,Spain,ESP,1075.550,2489600.250,False,2314.723,False
2023-12-01,7602,76,Brazil,BRA,872.246,1905464.857,False,2184.550,False
2023-12-01,7602,380,Italy,ITA,588.477,1571061.861,False,2669.708,False
2023-12-01,7602,348,Hungary,HUN,391.643,1072350.510,False,2738.082,False
2023-12-01,7602,300,Greece,GRC,374.001,896687.816,False,2397.555,False
2023-12-01,7602,392,Japan,JPN,302.426,560267.227,False,1852.576,False
2023-12-01,7602,792,Türkiye,TUR,185.070,357545.186,False,1931.946,False
2023-12-01,7602,276,Germany,DEU,167.420,306151.503,False,1828.644,False
2023-12-01,7602,704,Viet Nam,VNM,146.241,249430.277,False,1705.611,False
2023-12-01,7602,490,"Other Asia, nes",S19,140.666,262669.337,False,1867.326,False
2023-12-01,7602,616,Poland,POL,114.961,186340.050,False,1620.898,False
2023-12-01,7602,826,United Kingdom,GBR,90.505,232201.312,False,2565.619,False
2023-12-01,7602,56,Belgium,BEL,67.947,210309.170,False,3095.194,False
2023-12-01,7602,784,United Arab Emirates,ARE,50.573,45749.916,False,904.631,False
2023-12-01,7602,528,Netherlands,NLD,25.855,56260.253,False,2175.991,False
2023-12-01,7602,586,Pakistan,PAK,24.275,32582.118,False,1342.209,False
2023-12-01,7602,251,France,FRA,21.803,62905.392,False,2885.171,False
2024-01-01,7602,0,World,W00,45928.706,85149056.317,False,1853.940,False
2024-01-01,7602,842,USA,USA,31168.931,55043659.334,False,1765.978,False
2024-01-01,7602,458,Malaysia,MYS,2812.948,5315581.222,False,1889.683,False
2024-01-01,7602,156,China,CHN,2631.217,6212487.701,False,2361.070,False
2024-01-01,7602,344,"China, Hong Kong SAR",HKG,2081.810,4694091.391,False,2254.813,False
2024-01-01,7602,699,India,IND,1755.694,2901361.571,False,1652.544,False
2024-01-01,7602,410,Rep. of Korea,KOR,1552.693,2981592.784,False,1920.272,False
2024-01-01,7602,764,Thailand,THA,802.983,1748602.727,False,2177.634,False
2024-01-01,7602,380,Italy,ITA,584.394,1149579.452,False,1967.131,False
2024-01-01,7602,490,"Other Asia, nes",S19,555.962,1044308.669,False,1878.381,False
2024-01-01,7602,724,Spain,ESP,455.124,1102153.778,False,2421.656,False
2024-01-01,7602,76,Brazil,BRA,313.390,607715.945,False,1939.168,False
2024-01-01,7602,792,Türkiye,TUR,303.518,558842.858,False,1841.218,False
2024-01-01,7602,276,Germany,DEU,282.961,530033.906,False,1873.169,False
2024-01-01,7602,300,Greece,GRC,206.947,415852.931,False,2009.466,False
2024-01-01,7602,704,Viet Nam,VNM,182.858,329211.534,False,1800.367,False
2024-01-01,7602,348,Hungary,HUN,130.985,368407.143,False,2812.590,False
2024-01-01,7602,56,Belgium,BEL,63.172,101970.712,False,1614.176,False
2024-01-01,7602,586,Pakistan,PAK,23.115,15001.543,False,648.996,False
2024-01-01,7602,392,Japan,JPN,20.004,28601.114,False,1429.770,False
2024-02-01,7602,0,World,W00,48796.491,90830837.982,False,1861.422,False
2024-02-01,7602,842,USA,USA,29749.209,52887802.403,False,1777.789,False
2024-02-01,7602,156,China,CHN,4120.219,8853705.616,False,2148.843,False
2024-02-01,7602,699,India,IND,3236.750,4988561.367,False,1541.225,False
2024-02-01,7602,344,"China, Hong Kong SAR",HKG,2859.690,6323048.199,False,2211.096,False
2024-02-01,7602,458,Malaysia,MYS,2641.162,4806853.619,False,1819.977,False
2024-02-01,7602,764,Thailand,THA,1601.823,3567938.160,False,2227.423,False
2024-02-01,7602,410,Rep. of Korea,KOR,920.788,1694698.815,False,1840.488,False
2024-02-01,7602,490,"Other Asia, nes",S19,675.595,1274634.083,False,1886.684,False
2024-02-01,7602,300,Greece,GRC,473.229,1069399.580,False,2259.793,False
2024-02-01,7602,76,Brazil,BRA,439.825,884923.847,False,2011.991,False
2024-02-01,7602,724,Spain,ESP,400.726,897462.363,False,2239.591,False
2024-02-01,7602,276,Germany,DEU,345.510,565664.992,False,1637.188,False
2024-02-01,7602,348,Hungary,HUN,305.824,858260.983,False,2806.389,False
2024-02-01,7602,392,Japan,JPN,218.288,474127.454,False,2172.027,False
2024-02-01,7602,792,Türkiye,TUR,179.332,345309.904,False,1925.534,False
2024-02-01,7602,528,Netherlands,NLD,164.361,259894.967,False,1581.245,False
2024-02-01,7602,616,Poland,POL,109.323,307899.529,False,2816.420,False
2024-02-01,7602,203,Czechia,CZE,86.954,268157.440,False,3083.900,False
2024-02-01,7602,704,Viet Nam,VNM,59.321,107332.898,False,1809.358,False
2024-02-01,7602,784,United Arab Emirates,ARE,50.220,42311.566,False,842.524,False
2024-02-01,7602,380,Italy,ITA,44.438,136228.222,False,3065.580,False
2024-02-01,7602,702,Singapore,SGP,40.155,81114.452,False,2020.034,False
2024-02-01,7602,586,Pakistan,PAK,27.215,26300.663,False,966.403,False
2024-02-01,7602,56,Belgium,BEL,24.678,48986.726,False,1985.036,False
2024-02-01,7602,251,France,FRA,21.856,60220.134,False,2755.314,False
2024-03-01,7602,0,World,W00,51574.220,96488293.762,False,1870.863,False
2024-03-01,7602,842,USA,USA,32629.905,59542343.624,False,1824.778,False
2024-03-01,7602,156,China,CHN,5220.103,10978306.080,False,2103.082,False
2024-03-01,7602,699,India,IND,3354.480,5304024.473,False,1581.176,False
2024-03-01,7602,344,"China, Hong Kong SAR",HKG,2992.600,5787344.461,False,1933.885,False
2024-03-01,7602,764,Thailand,THA,2730.411,5831010.375,False,2135.580,False
2024-03-01,7602,458,Malaysia,MYS,1289.154,2192363.980,False,1700.622,False
2024-03-01,7602,410,Rep. of Korea,KOR,1153.500,1927109.086,False,1670.662,False
2024-03-01,7602,348,Hungary,HUN,479.820,1356925.644,False,2827.989,False
2024-03-01,7602,724,Spain,ESP,333.386,780642.996,False,2341.559,False
2024-03-01,7602,704,Viet Nam,VNM,204.285,359785.204,False,1761.192,False
2024-03-01,7602,392,Japan,JPN,189.750,375638.265,False,1979.648,False
2024-03-01,7602,300,Greece,GRC,175.118,464245.932,False,2651.046,False
2024-03-01,7602,203,Czechia,CZE,174.536,518456.174,False,2970.483,False
2024-03-01,7602,586,Pakistan,PAK,112.044,90880.094,False,811.111,False
2024-03-01,7602,784,United Arab Emirates,ARE,107.128,111994.607,False,1045.428,False
2024-03-01,7602,616,Poland,POL,88.457,272842.703,False,3084.467,False
2024-03-01,7602,56,Belgium,BEL,86.681,82017.185,False,946.196,False
2024-03-01,7602,528,Netherlands,NLD,85.298,147417.432,False,1728.264,False
2024-03-01,7602,76,Brazil,BRA,61.865,107908.523,False,1744.258,False
2024-03-01,7602,380,Italy,ITA,22.444,68989.883,False,3073.868,False
2024-03-01,7602,490,"Other Asia, nes",S19,22.383,39932.957,False,1784.075,False
2024-03-01,7602,251,France,FRA,21.752,60881.249,False,2798.881,False
2024-03-01,7602,276,Germany,DEU,21.480,50010.389,False,2328.230,False
2024-03-01,7602,826,United Kingdom,GBR,17.640,37222.445,False,2110.116,False
2024-04-01,7602,0,World,W00,54762.800,105724249.563,False,1930.585,False
2024-04-01,7602,842,USA,USA,34433.309,63128974.746,False,1833.369,False
2024-04-01,7602,156,China,CHN,4394.570,9866548.826,False,2245.168,False
2024-04-01,7602,699,India,IND,4081.504,8105600.964,False,1985.935,False
2024-04-01,7602,410,Rep. of Korea,KOR,3611.180,6863784.870,False,1900.704,False
2024-04-01,7602,458,Malaysia,MYS,2446.810,4583101.742,False,1873.093,False
2024-04-01,7602,764,Thailand,THA,1760.120,4686582.947,False,2662.650,False
2024-04-01,7602,344,"China, Hong Kong SAR",HKG,1247.740,2529370.307,False,2027.161,False
2024-04-01,7602,276,Germany,DEU,552.306,1040412.313,False,1883.761,False
2024-04-01,7602,724,Spain,ESP,542.129,1157651.996,False,2135.381,False
2024-04-01,7602,348,Hungary,HUN,260.713,757411.134,False,2905.153,False
2024-04-01,7602,300,Greece,GRC,230.402,576323.958,False,2501.384,False
2024-04-01,7602,586,Pakistan,PAK,214.507,229819.412,False,1071.384,False
2024-04-01,7602,704,Viet Nam,VNM,185.562,321022.392,False,1730.001,False
2024-04-01,7602,203,Czechia,CZE,152.019,436137.405,False,2868.966,False
2024-04-01,7602,392,Japan,JPN,133.540,293281.863,False,2196.210,False
2024-04-01,7602,48,Bahrain,BHR,98.792,196024.889,False,1984.218,False
2024-04-01,7602,528,Netherlands,NLD,88.129,295657.869,False,3354.831,False
2024-04-01,7602,792,Türkiye,TUR,82.494,152160.835,False,1844.508,False
2024-04-01,7602,76,Brazil,BRA,62.970,188557.128,False,2994.396,False
2024-04-01,7602,56,Belgium,BEL,45.000,19981.247,False,444.028,False
2024-04-01,7602,616,Poland,POL,44.516,116162.004,False,2609.444,False
2024-04-01,7602,784,United Arab Emirates,ARE,24.375,22653.889,False,929.390,False
2024-04-01,7602,380,Italy,ITA,24.160,45282.205,False,1874.263,False
2024-04-01,7602,768,Togo,TGO,24.160,50818.183,False,2103.402,False
2024-04-01,7602,251,France,FRA,21.793,60926.438,False,2795.688,False
2024-05-01,7602,0,World,W00,55202.013,115091354.716,False,2084.912,False
2024-05-01,7602,842,USA,USA,33882.644,67584006.183,False,1994.650,False
2024-05-01,7602,699,India,IND,5185.979,10307926.156,False,1987.653,False
2024-05-01,7602,156,China,CHN,3913.390,8486096.493,False,2168.477,False
2024-05-01,7602,458,Malaysia,MYS,3355.477,6796302.356,False,2025.436,False
2024-05-01,7602,344,"China, Hong Kong SAR",HKG,2373.990,6348245.241,False,2674.083,False
2024-05-01,7602,410,Rep. of Korea,KOR,2042.640,4251208.612,False,2081.232,False
2024-05-01,7602,764,Thailand,THA,1189.950,2921872.235,False,2455.458,False
2024-05-01,7602,276,Germany,DEU,1131.240,3123829.309,False,2761.420,False
2024-05-01,7602,724,Spain,ESP,612.736,1605577.235,False,2620.341,False
2024-05-01,7602,300,Greece,GRC,244.646,891656.939,False,3644.682,False
2024-05-01,7602,348,Hungary,HUN,239.492,747916.639,False,3122.930,False
2024-05-01,7602,704,Viet Nam,VNM,232.190,404793.029,False,1743.370,False
2024-05-01,7602,392,Japan,JPN,205.529,410913.760,False,1999.298,False
2024-05-01,7602,528,Netherlands,NLD,112.129,286994.363,False,2559.502,False
2024-05-01,7602,380,Italy,ITA,93.030,190036.601,False,2042.745,False
2024-05-01,7602,792,Türkiye,TUR,92.883,204383.869,False,2200.444,False
2024-05-01,7602,586,Pakistan,PAK,73.562,91908.946,False,1249.408,False
2024-05-01,7602,56,Belgium,BEL,56.651,98002.623,False,1729.936,False
2024-05-01,7602,784,United Arab Emirates,ARE,44.636,37518.451,False,840.542,False
2024-05-01,7602,251,France,FRA,43.459,135188.386,False,3110.711,False
2024-05-01,7602,490,"Other Asia, nes",S19,43.153,78406.924,False,1816.952,False
2024-05-01,7602,76,Brazil,BRA,13.666,34593.720,False,2531.371,False
2024-05-01,7602,826,United Kingdom,GBR,12.994,31984.860,False,2461.510,False
2024-05-01,7602,752,Sweden,SWE,5.947,21991.785,False,3697.963,False
2024-06-01,7602,0,World,W00,52136.365,110152082.575,False,2112.769,False
2024-06-01,7602,842,USA,USA,34227.853,70326375.018,False,2054.653,False
2024-06-01,7602,458,Malaysia,MYS,4228.700,8908111.158,False,2106.584,False
2024-06-01,7602,699,India,IND,4126.540,8224805.541,False,1993.148,False
2024-06-01,7602,156,China,CHN,2480.600,5685114.614,False,2291.830,False
2024-06-01,7602,410,Rep. of Korea,KOR,1770.510,3642542.914,False,2057.341,False
2024-06-01,7602,764,Thailand,THA,1360.990,3425288.124,False,2516.762,False
2024-06-01,7602,344,"China, Hong Kong SAR",HKG,1192.960,2646591.125,False,2218.508,False
2024-06-01,7602,724,Spain,ESP,1009.590,2609739.858,False,2584.950,False
2024-06-01,7602,276,Germany,DEU,593.497,1435796.201,False,2419.214,False
2024-06-01,7602,380,Italy,ITA,188.128,459621.448,False,2443.132,False
2024-06-01,7602,300,Greece,GRC,154.354,421472.046,False,2730.555,False
2024-06-01,7602,348,Hungary,HUN,152.486,486518.159,False,3190.576,False
2024-06-01,7602,392,Japan,JPN,116.275,254179.027,False,2186.016,False
2024-06-01,7602,528,Netherlands,NLD,101.758,750568.556,False,7376.015,False
2024-06-01,7602,792,Türkiye,TUR,87.191,198817.482,False,2280.252,False
2024-06-01,7602,586,Pakistan,PAK,68.233,111772.399,False,1638.099,False
2024-06-01,7602,704,Viet Nam,VNM,62.024,124310.819,False,2004.237,False
2024-06-01,7602,784,United Arab Emirates,ARE,49.909,49809.994,False,998.016,False
2024-06-01,7602,76,Brazil,BRA,45.187,103790.949,False,2296.921,False
2024-06-01,7602,490,"Other Asia, nes",S19,43.200,79409.511,False,1838.183,False
2024-06-01,7602,826,United Kingdom,GBR,24.893,55438.894,False,2227.088,False
2024-06-01,7602,48,Bahrain,BHR,20.918,51901.312,False,2481.179,False
2024-06-01,7602,56,Belgium,BEL,19.958,39608.070,False,1984.571,False
2024-06-01,7602,752,Sweden,SWE,7.919,30493.398,False,3850.663,False
2024-06-01,7602,616,Poland,POL,2.692,30005.959,False,11146.344,False
2024-07-01,7602,0,World,W00,56774.986,117877466.203,False,2076.222,False
2024-07-01,7602,842,USA,USA,37409.686,74091360.336,False,1980.539,False
2024-07-01,7602,699,India,IND,5409.449,10801419.623,False,1996.769,False
2024-07-01,7602,156,China,CHN,3111.690,7004210.342,False,2250.934,False
2024-07-01,7602,458,Malaysia,MYS,2487.912,5121563.707,False,2058.579,False
2024-07-01,7602,410,Rep. of Korea,KOR,1792.870,4339602.883,False,2420.478,False
2024-07-01,7602,344,"China, Hong Kong SAR",HKG,1747.459,3723455.756,False,2130.783,False
2024-07-01,7602,764,Thailand,THA,1590.080,4380556.333,False,2754.928,False
2024-07-01,7602,276,Germany,DEU,945.165,2439855.080,False,2581.407,False
2024-07-01,7602,348,Hungary,HUN,370.938,1118009.272,False,3014.006,False
2024-07-01,7602,724,Spain,ESP,346.233,776514.308,False,2242.751,False
2024-07-01,7602,392,Japan,JPN,302.589,610753.088,False,2018.425,False
2024-07-01,7602,56,Belgium,BEL,291.013,905873.596,False,3112.829,False
2024-07-01,7602,300,Greece,GRC,236.204,704215.520,False,2981.387,False
2024-07-01,7602,704,Viet Nam,VNM,161.459,338129.246,False,2094.211,False
2024-07-01,7602,616,Poland,POL,133.501,547398.450,False,4100.332,False
2024-07-01,7602,380,Italy,ITA,96.635,232837.243,False,2409.450,False
2024-07-01,7602,826,United Kingdom,GBR,87.219,267966.646,False,3072.343,False
2024-07-01,7602,784,United Arab Emirates,ARE,83.017,83812.049,False,1009.577,False
2024-07-01,7602,48,Bahrain,BHR,65.399,145565.458,False,2225.806,False
2024-07-01,7602,792,Türkiye,TUR,62.181,149942.785,False,2411.392,False
2024-07-01,7602,490,"Other Asia, nes",S19,25.210,44093.231,False,1749.037,False
2024-07-01,7602,528,Netherlands,NLD,19.077,50331.251,False,2638.321,False
2024-08-01,7602,0,World,W00,55848.455,113507575.012,False,2032.421,False
2024-08-01,7602,842,USA,USA,34898.303,67307719.089,False,1928.682,False
2024-08-01,7602,699,India,IND,3600.581,7755910.744,False,2154.072,False
2024-08-01,7602,156,China,CHN,3353.740,7135763.062,False,2127.703,False
2024-08-01,7602,458,Malaysia,MYS,3322.950,6915304.964,False,2081.074,False
2024-08-01,7602,410,Rep. of Korea,KOR,3073.740,6135512.483,False,1996.107,False
2024-08-01,7602,344,"China, Hong Kong SAR",HKG,2602.740,6150431.593,False,2363.060,False
2024-08-01,7602,764,Thailand,THA,1376.550,3859263.084,False,2803.576,False
2024-08-01,7602,276,Germany,DEU,649.476,1291569.868,False,1988.634,False
2024-08-01,7602,724,Spain,ESP,605.949,2002071.667,False,3304.027,False
2024-08-01,7602,484,Mexico,MEX,552.994,858024.226,False,1551.598,False
2024-08-01,7602,56,Belgium,BEL,345.836,578514.525,False,1672.800,False
2024-08-01,7602,340,Honduras,HND,245.130,389221.961,False,1587.819,False
2024-08-01,7602,203,Czechia,CZE,240.236,738510.931,False,3074.106,False
2024-08-01,7602,392,Japan,JPN,164.476,363784.686,False,2211.780,False
2024-08-01,7602,616,Poland,POL,153.689,471357.273,False,3066.955,False
2024-08-01,7602,348,Hungary,HUN,130.788,391411.445,False,2992.717,False
2024-08-01,7602,380,Italy,ITA,103.620,210348.674,False,2030.001,False
2024-08-01,7602,300,Greece,GRC,84.445,267322.136,False,3165.636,False
2024-08-01,7602,704,Viet Nam,VNM,58.574,119596.070,False,2041.794,False
2024-08-01,7602,784,United Arab Emirates,ARE,51.180,42690.907,False,834.133,False
2024-08-01,7602,581,United States Minor Outlying Islands,UMI,49.026,49183.177,False,1003.206,False
2024-08-01,7602,504,Morocco,MAR,43.520,126473.642,False,2906.104,False
2024-08-01,7602,792,Türkiye,TUR,33.760,72760.600,False,2155.231,False
2024-08-01,7602,490,"Other Asia, nes",S19,22.597,43095.254,False,1907.123,False
2024-08-01,7602,752,Sweden,SWE,21.891,68959.585,False,3150.134,False
2024-08-01,7602,48,Bahrain,BHR,21.827,48614.746,False,2227.276,False
2024-08-01,7602,251,France,FRA,21.787,68056.396,False,3123.716,False
2024-08-01,7602,440,Lithuania,LTU,19.050,46102.224,False,2420.064,False
2024-09-01,7602,0,World,W00,55161.264,109663965.459,False,1988.061,False
2024-09-01,7602,842,USA,USA,34508.943,67542183.408,False,1957.237,False
2024-09-01,7602,699,India,IND,5872.977,11187871.251,False,1904.974,False
2024-09-01,7602,458,Malaysia,MYS,4550.290,9164232.993,False,2013.989,False
2024-09-01,7602,156,China,CHN,2663.290,6011569.027,False,2257.197,False
2024-09-01,7602,344,"China, Hong Kong SAR",HKG,2279.780,4466950.341,False,1959.378,False
2024-09-01,7602,764,Thailand,THA,1603.034,3295241.847,False,2055.628,False
2024-09-01,7602,410,Rep. of Korea,KOR,850.979,1530114.999,False,1798.064,False
2024-09-01,7602,724,Spain,ESP,604.184,1455272.666,False,2408.658,False
2024-09-01,7602,276,Germany,DEU,513.906,1053593.542,False,2050.168,False
2024-09-01,7602,392,Japan,JPN,262.521,613968.751,False,2338.741,False
2024-09-01,7602,56,Belgium,BEL,261.732,636369.112,False,2431.377,False
2024-09-01,7602,380,Italy,ITA,232.152,572430.936,False,2465.759,False
2024-09-01,7602,300,Greece,GRC,201.833,543013.114,False,2690.408,False
2024-09-01,7602,704,Viet Nam,VNM,198.965,340978.753,False,1713.762,False
2024-09-01,7602,76,Brazil,BRA,104.673,248196.348,False,2371.159,False
2024-09-01,7602,203,Czechia,CZE,87.225,230282.113,False,2640.093,False
2024-09-01,7602,792,Türkiye,TUR,77.471,157788.777,False,2036.746,False
2024-09-01,7602,586,Pakistan,PAK,49.759,24499.841,False,492.370,False
2024-09-01,7602,340,Honduras,HND,49.364,135299.093,False,2740.845,False
2024-09-01,7602,616,Poland,POL,43.662,133201.089,False,3050.733,False
2024-09-01,7602,784,United Arab Emirates,ARE,33.426,46348.017,False,1386.586,False
2024-09-01,7602,48,Bahrain,BHR,26.222,46826.380,False,1785.767,False
2024-09-01,7602,251,France,FRA,21.922,68148.948,False,3108.701,False
2024-09-01,7602,348,Hungary,HUN,21.772,66663.662,False,3061.899,False
2024-09-01,7602,40,Austria,AUT,20.954,55611.124,False,2653.962,False
2024-09-01,7602,490,"Other Asia, nes",S19,20.228,37309.327,False,1844.440,False
2024-10-01,7602,0,World,W00,53546.385,113813398.452,False,2125.510,False
2024-10-01,7602,842,USA,USA,33958.161,69182178.703,False,2037.277,False
2024-10-01,7602,699,India,IND,4018.251,8027365.699,False,1997.726,False
2024-10-01,7602,156,China,CHN,3775.780,11807434.460,False,3127.151,False
2024-10-01,7602,458,Malaysia,MYS,3543.770,6818678.309,False,1924.131,False
2024-10-01,7602,344,"China, Hong Kong SAR",HKG,2498.190,5000248.723,False,2001.549,False
2024-10-01,7602,764,Thailand,THA,2157.268,5060860.226,False,2345.958,False
2024-10-01,7602,410,Rep. of Korea,KOR,1429.110,2874003.336,False,2011.044,False
2024-10-01,7602,724,Spain,ESP,581.842,1420516.647,False,2441.413,False
2024-10-01,7602,276,Germany,DEU,367.289,724131.860,False,1971.559,False
2024-10-01,7602,300,Greece,GRC,170.917,512031.657,False,2995.791,False
2024-10-01,7602,56,Belgium,BEL,168.205,441030.297,False,2621.981,False
2024-10-01,7602,392,Japan,JPN,157.440,348380.307,False,2212.781,False
2024-10-01,7602,704,Viet Nam,VNM,119.484,179347.208,False,1501.014,False
2024-10-01,7602,380,Italy,ITA,113.207,318076.741,False,2809.691,False
2024-10-01,7602,348,Hungary,HUN,109.209,337965.687,False,3094.669,False
2024-10-01,7602,76,Brazil,BRA,102.059,190790.253,False,1869.411,False
2024-10-01,7602,784,United Arab Emirates,ARE,87.466,122807.159,False,1404.056,False
2024-10-01,7602,528,Netherlands,NLD,74.873,207558.236,False,2772.137,False
2024-10-01,7602,792,Türkiye,TUR,70.201,139769.611,False,1990.992,False
2024-10-01,7602,203,Czechia,CZE,43.663,100223.333,False,2295.384,False
2024-11-01,7602,0,World,W00,49502.801,101468983.887,False,2049.762,False
2024-11-01,7602,842,USA,USA,32619.332,67368054.560,False,2065.280,False
2024-11-01,7602,764,Thailand,THA,3766.330,7249148.420,False,1924.725,False
2024-11-01,7602,156,China,CHN,2921.724,6453223.069,False,2208.704,False
2024-11-01,7602,699,India,IND,2632.349,4745073.157,False,1802.600,False
2024-11-01,7602,344,"China, Hong Kong SAR",HKG,1909.560,3590863.174,False,1880.466,False
2024-11-01,7602,410,Rep. of Korea,KOR,1611.300,3138919.674,False,1948.067,False
2024-11-01,7602,458,Malaysia,MYS,1044.400,1907451.774,False,1826.361,False
2024-11-01,7602,724,Spain,ESP,490.367,1357257.913,False,2767.841,False
2024-11-01,7602,792,Türkiye,TUR,427.659,962730.983,False,2251.165,False
2024-11-01,7602,276,Germany,DEU,373.723,767727.113,False,2054.268,False
2024-11-01,7602,380,Italy,ITA,364.583,751327.595,False,2060.786,False
2024-11-01,7602,300,Greece,GRC,264.318,729001.514,False,2758.047,False
2024-11-01,7602,56,Belgium,BEL,197.055,473755.597,False,2404.180,False
2024-11-01,7602,704,Viet Nam,VNM,196.178,408616.385,False,2082.886,False
2024-11-01,7602,76,Brazil,BRA,128.596,248564.129,False,1932.907,False
2024-11-01,7602,392,Japan,JPN,121.653,367614.368,False,3021.827,False
2024-11-01,7602,48,Bahrain,BHR,107.476,258422.881,False,2404.471,False
2024-11-01,7602,784,United Arab Emirates,ARE,69.954,130516.802,False,1865.752,False
2024-11-01,7602,826,United Kingdom,GBR,50.377,113346.308,False,2249.961,False
2024-11-01,7602,586,Pakistan,PAK,48.189,69389.957,False,1439.954,False
2024-11-01,7602,528,Netherlands,NLD,47.667,113610.458,False,2383.420,False
2024-11-01,7602,490,"Other Asia, nes",S19,25.673,46711.676,False,1819.486,False
2024-11-01,7602,40,Austria,AUT,23.000,64955.236,False,2824.141,False
2024-11-01,7602,251,France,FRA,21.975,69220.300,False,3149.957,False
2024-11-01,7602,352,Iceland,ISL,21.664,39657.642,False,1830.578,False
2024-11-01,7602,440,Lithuania,LTU,17.699,43823.202,False,2476.027,False
2024-12-01,7602,0,World,W00,53243.813,111877836.385,False,2101.236,False
2024-12-01,7602,842,USA,USA,31616.401,65538877.862,False,2072.939,False
2024-12-01,7602,699,India,IND,3770.500,6906197.781,False,1831.640,False
2024-12-01,7602,156,China,CHN,3542.750,8021822.398,False,2264.293,False
2024-12-01,7602,458,Malaysia,MYS,3487.860,6896637.979,False,1977.326,False
2024-12-01,7602,764,Thailand,THA,2902.686,5976105.839,False,2058.819,False
2024-12-01,7602,344,"China, Hong Kong SAR",HKG,2734.320,5972840.708,False,2184.397,False
2024-12-01,7602,410,Rep. of Korea,KOR,2075.010,3973029.962,False,1914.704,False
2024-12-01,7602,724,Spain,ESP,681.560,1676144.466,False,2459.276,False
2024-12-01,7602,792,Türkiye,TUR,463.925,1191059.801,False,2567.354,False
2024-12-01,7602,380,Italy,ITA,365.291,1343161.029,False,3676.962,False
2024-12-01,7602,392,Japan,JPN,333.378,725136.356,False,2175.118,False
2024-12-01,7602,56,Belgium,BEL,300.207,608391.513,False,2026.573,False
2024-12-01,7602,76,Brazil,BRA,274.257,579215.530,False,2111.944,False
2024-12-01,7602,300,Greece,GRC,247.786,1000106.401,False,4036.170,False
2024-12-01,7602,276,Germany,DEU,143.494,671602.028,False,4680.349,False
2024-12-01,7602,704,Viet Nam,VNM,116.019,246326.612,False,2123.158,False
2024-12-01,7602,826,United Kingdom,GBR,75.613,234105.470,False,3096.101,False
2024-12-01,7602,528,Netherlands,NLD,50.299,126139.591,False,2507.795,False
2024-12-01,7602,203,Czechia,CZE,43.687,140735.694,False,3221.455,False
2024-12-01,7602,490,"Other Asia, nes",S19,14.901,33974.576,False,2280.020,False
2024-12-01,7602,784,United Arab Emirates,ARE,3.062,7423.959,False,2424.546,False
2024-12-01,7602,586,Pakistan,PAK,0.802,8779.669,False,10947.218,False
2024-12-01,7602,581,United States Minor Outlying Islands,UMI,0.005,21.161,False,4232.200,False
2025-01-01,7602,0,World,W00,53834.816,113482129.739,False,2107.969,False
2025-01-01,7602,842,USA,USA,36020.043,75736802.661,False,2102.629,False
2025-01-01,7602,458,Malaysia,MYS,3387.046,6609992.077,False,1951.551,False
2025-01-01,7602,156,China,CHN,3340.196,7294885.202,False,2183.969,False
2025-01-01,7602,699,India,IND,2507.800,4697921.503,False,1873.324,False
2025-01-01,7602,344,"China, Hong Kong SAR",HKG,2351.193,4851021.219,False,2063.217,False
2025-01-01,7602,764,Thailand,THA,2275.284,5583346.852,False,2453.912,False
2025-01-01,7602,410,Rep. of Korea,KOR,1657.455,3302192.485,False,1992.327,False
2025-01-01,7602,724,Spain,ESP,343.075,823854.872,False,2401.384,False
2025-01-01,7602,56,Belgium,BEL,305.429,607401.801,False,1988.684,False
2025-01-01,7602,276,Germany,DEU,275.943,555964.415,False,2014.780,False
2025-01-01,7602,704,Viet Nam,VNM,258.593,543145.888,False,2100.389,False
2025-01-01,7602,380,Italy,ITA,206.607,547468.293,False,2649.805,False
2025-01-01,7602,203,Czechia,CZE,196.800,625149.995,False,3176.575,False
2025-01-01,7602,392,Japan,JPN,177.979,387048.767,False,2174.688,False
2025-01-01,7602,300,Greece,GRC,175.678,498916.448,False,2839.948,False
2025-01-01,7602,792,Türkiye,TUR,112.635,253772.639,False,2253.053,False
2025-01-01,7602,528,Netherlands,NLD,98.255,206998.115,False,2106.744,False
2025-01-01,7602,76,Brazil,BRA,78.519,151471.085,False,1929.101,False
2025-01-01,7602,826,United Kingdom,GBR,48.293,88615.907,False,1834.964,False
2025-01-01,7602,784,United Arab Emirates,ARE,9.525,7677.637,False,806.051,False
2025-01-01,7602,586,Pakistan,PAK,5.468,58490.389,False,10696.852,False
2025-01-01,7602,752,Sweden,SWE,3.000,49991.489,False,16663.830,False
2025-02-01,7602,0,World,W00,45240.977,98804188.659,False,2183.953,False
2025-02-01,7602,842,USA,USA,30081.012,66558622.386,False,2212.646,False
2025-02-01,7602,156,China,CHN,3703.699,8248283.416,False,2227.039,False
2025-02-01,7602,344,"China, Hong Kong SAR",HKG,2668.328,6064322.858,False,2272.705,False
2025-02-01,7602,410,Rep. of Korea,KOR,2513.657,4907337.463,False,1952.270,False
2025-02-01,7602,699,India,IND,1807.828,3293347.534,False,1821.715,False
2025-02-01,7602,764,Thailand,THA,1423.216,3114333.399,False,2188.237,False
2025-02-01,7602,458,Malaysia,MYS,1189.656,2168795.996,False,1823.045,False
2025-02-01,7602,704,Viet Nam,VNM,394.516,624832.822,False,1583.796,False
2025-02-01,7602,724,Spain,ESP,359.785,873056.292,False,2426.606,False
2025-02-01,7602,380,Italy,ITA,222.258,640012.068,False,2879.591,False
2025-02-01,7602,56,Belgium,BEL,164.499,425361.527,False,2585.800,False
2025-02-01,7602,76,Brazil,BRA,148.749,321864.631,False,2163.810,False
2025-02-01,7602,616,Poland,POL,131.142,423725.989,False,3231.047,False
2025-02-01,7602,300,Greece,GRC,108.259,344997.808,False,3186.782,False
2025-02-01,7602,276,Germany,DEU,74.803,190514.645,False,2546.885,False
2025-02-01,7602,203,Czechia,CZE,65.418,208897.140,False,3193.267,False
2025-02-01,7602,392,Japan,JPN,61.165,132221.248,False,2161.714,False
2025-02-01,7602,528,Netherlands,NLD,46.369,113463.957,False,2446.979,False
2025-02-01,7602,784,United Arab Emirates,ARE,31.198,26460.892,False,848.160,False
2025-02-01,7602,586,Pakistan,PAK,23.508,55184.546,False,2347.479,False
2025-02-01,7602,792,Türkiye,TUR,21.912,68552.044,False,3128.516,False
2025-03-01,7602,0,World,W00,61339.283,136841866.498,False,2230.901,False
2025-03-01,7602,842,USA,USA,41443.064,96225463.493,False,2321.871,False
2025-03-01,7602,156,China,CHN,4939.053,10205641.939,False,2066.316,False
2025-03-01,7602,458,Malaysia,MYS,3175.362,6336640.705,False,1995.565,False
2025-03-01,7602,699,India,IND,3137.984,5405403.937,False,1722.572,False
2025-03-01,7602,344,"China, Hong Kong SAR",HKG,3102.806,6840368.542,False,2204.575,False
2025-03-01,7602,410,Rep. of Korea,KOR,1864.906,3434320.446,False,1841.552,False
2025-03-01,7602,764,Thailand,THA,1574.686,3266934.420,False,2074.658,False
2025-03-01,7602,724,Spain,ESP,577.441,1387208.176,False,2402.338,False
2025-03-01,7602,380,Italy,ITA,405.217,1115777.306,False,2753.530,False
2025-03-01,7602,76,Brazil,BRA,261.190,563091.000,False,2155.867,False
2025-03-01,7602,56,Belgium,BEL,253.551,601224.131,False,2371.216,False
2025-03-01,7602,300,Greece,GRC,238.474,662231.570,False,2776.955,False
2025-03-01,7602,704,Viet Nam,VNM,164.991,392512.529,False,2378.994,False
2025-03-01,7602,392,Japan,JPN,46.465,94934.121,False,2043.132,False
2025-03-01,7602,276,Germany,DEU,30.748,123941.905,False,4030.893,False
2025-03-01,7602,586,Pakistan,PAK,26.155,10091.299,False,385.827,False
2025-03-01,7602,608,Philippines,PHL,25.006,34104.273,False,1363.844,False
2025-03-01,7602,784,United Arab Emirates,ARE,24.864,24000.438,False,965.269,False
2025-03-01,7602,792,Türkiye,TUR,23.614,53804.940,False,2278.519,False
2025-03-01,7602,528,Netherlands,NLD,22.761,54171.263,False,2380.004,False
2025-03-01,7602,616,Poland,POL,0.945,10000.066,False,10582.080,False
2025-04-01,7602,0,World,W00,52448.523,122044841.772,False,2326.945,False
2025-04-01,7602,842,USA,USA,32772.528,78535628.252,False,2396.386,False
2025-04-01,7602,156,China,CHN,3557.652,7840407.367,False,2203.815,False
2025-04-01,7602,458,Malaysia,MYS,3521.800,7486827.595,False,2125.853,False
2025-04-01,7602,344,"China, Hong Kong SAR",HKG,3188.384,8022746.061,False,2516.242,False
2025-04-01,7602,699,India,IND,3036.071,5910919.706,False,1946.898,False
2025-04-01,7602,410,Rep. of Korea,KOR,2497.091,5032522.657,False,2015.354,False
2025-04-01,7602,764,Thailand,THA,1523.354,3210073.797,False,2107.241,False
2025-04-01,7602,380,Italy,ITA,721.415,2064450.188,False,2861.668,False
2025-04-01,7602,724,Spain,ESP,387.753,934278.078,False,2409.467,False
2025-04-01,7602,56,Belgium,BEL,267.652,600674.444,False,2244.237,False
2025-04-01,7602,704,Viet Nam,VNM,205.498,533321.425,False,2595.263,False
2025-04-01,7602,392,Japan,JPN,188.686,549655.275,False,2913.069,False
2025-04-01,7602,76,Brazil,BRA,169.110,352794.587,False,2086.184,False
2025-04-01,7602,276,Germany,DEU,113.284,313236.691,False,2765.057,False
2025-04-01,7602,300,Greece,GRC,87.795,233364.293,False,2658.059,False
2025-04-01,7602,784,United Arab Emirates,ARE,58.866,77799.052,False,1321.630,False
2025-04-01,7602,360,Indonesia,IDN,58.467,102452.721,False,1752.317,False
2025-04-01,7602,792,Türkiye,TUR,47.751,111238.363,False,2329.550,False
2025-04-01,7602,528,Netherlands,NLD,23.702,52928.905,False,2233.099,False
2025-04-01,7602,440,Lithuania,LTU,18.895,50040.367,False,2648.339,False
2025-04-01,7602,586,Pakistan,PAK,1.830,19488.165,False,10649.270,False
2025-04-01,7602,616,Poland,POL,0.939,9993.784,False,10643.007,False
2025-05-01,7602,0,World,W00,56661.047,129313572.665,False,2282.231,False
2025-05-01,7602,842,USA,USA,37237.043,89227630.796,False,2396.206,False
2025-05-01,7602,344,"China, Hong Kong SAR",HKG,4498.373,9514559.089,False,2115.111,False
2025-05-01,7602,699,India,IND,4420.185,8372666.555,False,1894.189,False
2025-05-01,7602,156,China,CHN,3758.237,7854110.031,False,2089.839,False
2025-05-01,7602,764,Thailand,THA,2427.837,5358824.627,False,2207.242,False
2025-05-01,7602,410,Rep. of Korea,KOR,1664.877,3188327.290,False,1915.053,False
2025-05-01,7602,458,Malaysia,MYS,1341.489,2731096.762,False,2035.870,False
2025-05-01,7602,380,Italy,ITA,250.657,740518.727,False,2954.311,False
2025-05-01,7602,276,Germany,DEU,213.652,465294.537,False,2177.815,False
2025-05-01,7602,724,Spain,ESP,197.369,429941.836,False,2178.366,False
2025-05-01,7602,392,Japan,JPN,129.080,336321.578,False,2605.528,False
2025-05-01,7602,704,Viet Nam,VNM,102.404,218896.552,False,2137.578,False
2025-05-01,7602,300,Greece,GRC,86.268,231555.072,False,2684.136,False
2025-05-01,7602,76,Brazil,BRA,78.495,171242.305,False,2181.570,False
2025-05-01,7602,608,Philippines,PHL,69.351,98076.305,False,1414.202,False
2025-05-01,7602,784,United Arab Emirates,ARE,49.853,72199.646,False,1448.251,False
2025-05-01,7602,579,Norway,NOR,43.713,122337.567,False,2798.654,False
2025-05-01,7602,56,Belgium,BEL,40.980,89436.810,False,2182.450,False
2025-05-01,7602,586,Pakistan,PAK,25.835,24015.346,False,929.566,False
2025-05-01,7602,490,"Other Asia, nes",S19,24.431,56525.956,False,2313.698,False
2025-05-01,7602,616,Poland,POL,0.918,9995.276,False,10888.100,False
2025-06-01,7602,0,World,W00,56518.871,134256781.244,False,2375.433,False
2025-06-01,7602,842,USA,USA,42250.409,103446731.856,False,2448.420,False
2025-06-01,7602,344,"China, Hong Kong SAR",HKG,3440.193,8406760.140,False,2443.689,False
2025-06-01,7602,156,China,CHN,2655.721,5968356.798,False,2247.358,False
2025-06-01,7602,699,India,IND,2636.665,5659151.317,False,2146.329,False
2025-06-01,7602,458,Malaysia,MYS,2071.149,4062624.322,False,1961.532,False
2025-06-01,7602,410,Rep. of Korea,KOR,1250.383,2292536.851,False,1833.468,False
2025-06-01,7602,764,Thailand,THA,606.634,1240656.993,False,2045.149,False
2025-06-01,7602,380,Italy,ITA,309.159,647182.394,False,2093.364,False
2025-06-01,7602,400,Jordan,JOR,228.000,83237.755,False,365.078,False
2025-06-01,7602,724,Spain,ESP,196.066,389549.561,False,1986.829,False
2025-06-01,7602,276,Germany,DEU,162.922,342642.926,False,2103.110,False
2025-06-01,7602,76,Brazil,BRA,146.648,301237.636,False,2054.154,False
2025-06-01,7602,56,Belgium,BEL,97.224,179966.644,False,1851.052,False
2025-06-01,7602,792,Türkiye,TUR,95.385,203233.073,False,2130.661,False
2025-06-01,7602,300,Greece,GRC,85.994,529633.094,False,6158.954,False
2025-06-01,7602,392,Japan,JPN,74.253,140864.005,False,1897.082,False
2025-06-01,7602,704,Viet Nam,VNM,62.222,110871.027,False,1781.862,False
2025-06-01,7602,528,Netherlands,NLD,46.184,111675.639,False,2418.059,False
2025-06-01,7602,784,United Arab Emirates,ARE,41.078,34135.994,False,831.004,False
2025-06-01,7602,586,Pakistan,PAK,38.082,59664.111,False,1566.727,False
2025-06-01,7602,490,"Other Asia, nes",S19,24.500,46069.108,False,1880.372,False
2025-07-01,7602,0,World,W00,64013.769,152584256.260,False,2383.616,False
2025-07-01,7602,842,USA,USA,43182.743,109976778.373,False,2546.776,False
2025-07-01,7602,344,"China, Hong Kong SAR",HKG,4848.146,10120856.759,False,2087.573,False
2025-07-01,7602,156,China,CHN,4527.906,9520237.982,False,2102.570,False
2025-07-01,7602,699,India,IND,4217.490,8080650.233,False,1915.986,False
2025-07-01,7602,458,Malaysia,MYS,4121.274,8248474.696,False,2001.438,False
2025-07-01,7602,410,Rep. of Korea,KOR,1697.472,3396027.351,False,2000.638,False
2025-07-01,7602,764,Thailand,THA,500.307,1238322.234,False,2475.125,False
2025-07-01,7602,724,Spain,ESP,252.161,548877.805,False,2176.696,False
2025-07-01,7602,276,Germany,DEU,139.309,295921.701,False,2124.211,False
2025-07-01,7602,380,Italy,ITA,111.413,320236.891,False,2874.322,False
2025-07-01,7602,490,"Other Asia, nes",S19,75.173,113513.967,False,1510.036,False
2025-07-01,7602,56,Belgium,BEL,65.133,135079.276,False,2073.899,False
2025-07-01,7602,300,Greece,GRC,64.109,179945.548,False,2806.869,False
2025-07-01,7602,792,Türkiye,TUR,49.390,107884.964,False,2184.348,False
2025-07-01,7602,704,Viet Nam,VNM,40.411,81031.648,False,2005.188,False
2025-07-01,7602,392,Japan,JPN,38.789,75406.296,False,1944.012,False
2025-07-01,7602,784,United Arab Emirates,ARE,34.467,16100.599,False,467.131,False
2025-07-01,7602,528,Netherlands,NLD,22.051,53293.347,False,2416.822,False
2025-07-01,7602,608,Philippines,PHL,21.537,25631.715,False,1190.125,False
2025-07-01,7602,586,Pakistan,PAK,4.488,49984.874,False,11137.450,False
2025-08-01,7602,0,World,W00,63969.467,164294831.995,False,2568.332,False
2025-08-01,7602,842,USA,USA,44559.472,120564849.892,False,2705.706,False
2025-08-01,7602,344,"China, Hong Kong SAR",HKG,4954.122,12014381.308,False,2425.128,False
2025-08-01,7602,699,India,IND,2974.728,5756297.666,False,1935.067,False
2025-08-01,7602,156,China,CHN,2859.577,6445578.209,False,2254.032,False
2025-08-01,7602,458,Malaysia,MYS,2445.279,5072212.023,False,2074.288,False
2025-08-01,7602,410,Rep. of Korea,KOR,2329.257,4832440.974,False,2074.671,False
2025-08-01,7602,380,Italy,ITA,1271.439,2753758.889,False,2165.860,False
2025-08-01,7602,764,Thailand,THA,996.312,2998331.416,False,3009.430,False
2025-08-01,7602,392,Japan,JPN,399.346,976987.398,False,2446.468,False
2025-08-01,7602,56,Belgium,BEL,287.172,917327.203,False,3194.348,False
2025-08-01,7602,724,Spain,ESP,175.942,403456.747,False,2293.124,False
2025-08-01,7602,276,Germany,DEU,155.781,342301.842,False,2197.327,False
2025-08-01,7602,704,Viet Nam,VNM,150.069,285350.675,False,1901.463,False
2025-08-01,7602,300,Greece,GRC,116.577,304410.956,False,2611.244,False
2025-08-01,7602,76,Brazil,BRA,103.501,213398.784,False,2061.804,False
2025-08-01,7602,784,United Arab Emirates,ARE,97.954,254054.486,False,2593.610,False
2025-08-01,7602,490,"Other Asia, nes",S19,42.059,79721.780,False,1895.475,False
2025-08-01,7602,792,Türkiye,TUR,26.240,59971.744,False,2285.509,False
2025-08-01,7602,586,Pakistan,PAK,24.640,20000.000,False,811.688,False
2025-09-01,7602,0,World,W00,65289.442,177426249.306,False,2717.534,False
2025-09-01,7602,842,USA,USA,48260.398,137394421.964,False,2846.939,False
2025-09-01,7602,344,"China, Hong Kong SAR",HKG,6341.198,17354522.364,False,2736.789,False
2025-09-01,7602,156,China,CHN,2659.558,5807409.039,False,2183.599,False
2025-09-01,7602,699,India,IND,2643.989,5239093.794,False,1981.511,False
2025-09-01,7602,458,Malaysia,MYS,2085.342,4274896.192,False,2049.974,False
2025-09-01,7602,410,Rep. of Korea,KOR,941.615,1694674.756,False,1799.753,False
2025-09-01,7602,764,Thailand,THA,499.581,1689249.383,False,3381.332,False
2025-09-01,7602,380,Italy,ITA,361.192,843792.632,False,2336.133,False
2025-09-01,7602,724,Spain,ESP,270.741,577632.718,False,2133.525,False
2025-09-01,7602,392,Japan,JPN,264.340,596552.487,False,2256.762,False
2025-09-01,7602,56,Belgium,BEL,246.922,569279.595,False,2305.504,False
2025-09-01,7602,704,Viet Nam,VNM,242.385,414878.030,False,1711.649,False
2025-09-01,7602,276,Germany,DEU,193.460,410322.307,False,2120.967,False
2025-09-01,7602,586,Pakistan,PAK,97.398,181777.109,False,1866.333,False
2025-09-01,7602,300,Greece,GRC,65.463,175367.867,False,2678.885,False
2025-09-01,7602,792,Türkiye,TUR,45.138,102874.617,False,2279.113,False
2025-09-01,7602,784,United Arab Emirates,ARE,40.471,36089.394,False,891.735,False
2025-09-01,7602,826,United Kingdom,GBR,21.444,52999.498,False,2471.530,False
2025-09-01,7602,608,Philippines,PHL,8.807,10415.560,False,1182.646,False
2025-10-01,7602,0,World,W00,59784.673,158473698.338,False,2650.741,False
2025-10-01,7602,842,USA,USA,42569.244,118189370.917,False,2776.403,False
2025-10-01,7602,344,"China, Hong Kong SAR",HKG,6048.111,14139964.247,False,2337.914,False
2025-10-01,7602,156,China,CHN,3402.585,7736775.290,False,2273.793,False
2025-10-01,7602,699,India,IND,2332.825,5702151.937,False,2444.312,False
2025-10-01,7602,410,Rep. of Korea,KOR,1706.413,3681239.275,False,2157.297,False
2025-10-01,7602,458,Malaysia,MYS,1225.871,2465881.929,False,2011.535,False
2025-10-01,7602,764,Thailand,THA,665.409,2345419.522,False,3524.779,False
2025-10-01,7602,392,Japan,JPN,438.846,1030657.517,False,2348.563,False
2025-10-01,7602,56,Belgium,BEL,358.716,1021852.486,False,2848.639,False
2025-10-01,7602,276,Germany,DEU,267.671,567518.581,False,2120.209,False
2025-10-01,7602,380,Italy,ITA,235.515,572115.494,False,2429.210,False
2025-10-01,7602,724,Spain,ESP,197.527,398023.156,False,2015.032,False
2025-10-01,7602,704,Viet Nam,VNM,127.350,248374.785,False,1950.332,False
2025-10-01,7602,586,Pakistan,PAK,47.775,53839.337,False,1126.935,False
2025-10-01,7602,300,Greece,GRC,47.463,130559.605,False,2750.766,False
2025-10-01,7602,792,Türkiye,TUR,45.777,104367.496,False,2279.911,False
2025-10-01,7602,490,"Other Asia, nes",S19,23.790,44512.579,False,1871.063,False
2025-10-01,7602,784,United Arab Emirates,ARE,23.700,24576.186,False,1036.970,False
2025-10-01,7602,826,United Kingdom,GBR,20.085,16497.999,False,821.409,False
2025-11-01,7602,0,World,W00,64720.068,174562278.384,False,2697.189,False
2025-11-01,7602,842,USA,USA,42056.717,124210574.455,False,2953.406,False
2025-11-01,7602,344,"China, Hong Kong SAR",HKG,7369.133,15757296.044,False,2138.284,False
2025-11-01,7602,156,China,CHN,4577.254,10291539.705,False,2248.409,False
2025-11-01,7602,699,India,IND,3922.140,7737294.633,False,1972.723,False
2025-11-01,7602,458,Malaysia,MYS,2297.117,5087054.967,False,2214.539,False
2025-11-01,7602,410,Rep. of Korea,KOR,1331.896,2834043.805,False,2127.827,False
2025-11-01,7602,764,Thailand,THA,1185.577,3588807.334,False,3027.055,False
2025-11-01,7602,56,Belgium,BEL,552.106,1902873.193,False,3446.572,False
2025-11-01,7602,392,Japan,JPN,399.969,904060.876,False,2260.327,False
2025-11-01,7602,784,United Arab Emirates,ARE,236.275,404916.435,False,1713.751,False
2025-11-01,7602,724,Spain,ESP,212.339,470896.806,False,2217.665,False
2025-11-01,7602,704,Viet Nam,VNM,122.427,259975.108,False,2123.511,False
2025-11-01,7602,276,Germany,DEU,119.879,314905.767,False,2626.863,False
2025-11-01,7602,380,Italy,ITA,93.667,254760.685,False,2719.855,False
2025-11-01,7602,76,Brazil,BRA,67.012,149149.420,False,2225.712,False
2025-11-01,7602,826,United Kingdom,GBR,46.354,119948.794,False,2587.669,False
2025-11-01,7602,586,Pakistan,PAK,42.590,49079.013,False,1152.360,False
2025-11-01,7602,792,Türkiye,TUR,42.422,105107.745,False,2477.671,False
2025-11-01,7602,528,Netherlands,NLD,23.393,63017.566,False,2693.864,False
2025-11-01,7602,300,Greece,GRC,21.801,56976.033,False,2613.460,False
2025-12-01,7602,0,World,W00,75577.664,215678531.868,False,2853.734,False
2025-12-01,7602,842,USA,USA,52582.952,163929052.255,False,3117.532,False
2025-12-01,7602,344,"China, Hong Kong SAR",HKG,8478.762,18845447.475,False,2222.665,False
2025-12-01,7602,156,China,CHN,6217.522,14324300.751,False,2303.860,False
2025-12-01,7602,699,India,IND,2889.566,5936262.370,False,2054.379,False
2025-12-01,7602,410,Rep. of Korea,KOR,1415.662,2987437.866,False,2110.276,False
2025-12-01,7602,764,Thailand,THA,1326.353,3330027.843,False,2510.665,False
2025-12-01,7602,458,Malaysia,MYS,808.632,1696617.309,False,2098.133,False
2025-12-01,7602,380,Italy,ITA,496.877,1306962.588,False,2630.354,False
2025-12-01,7602,724,Spain,ESP,301.888,821775.734,False,2722.121,False
2025-12-01,7602,784,United Arab Emirates,ARE,275.728,375242.089,False,1360.914,False
2025-12-01,7602,276,Germany,DEU,233.329,557657.184,False,2390.004,False
2025-12-01,7602,56,Belgium,BEL,178.144,591204.063,False,3318.686,False
2025-12-01,7602,792,Türkiye,TUR,134.520,333541.601,False,2479.495,False
2025-12-01,7602,300,Greece,GRC,66.785,187326.532,False,2804.919,False
2025-12-01,7602,392,Japan,JPN,63.893,158959.883,False,2487.908,False
2025-12-01,7602,704,Viet Nam,VNM,32.238,178104.998,False,5524.691,False
2025-12-01,7602,586,Pakistan,PAK,28.240,13635.235,False,482.834,False
2025-12-01,7602,490,"Other Asia, nes",S19,24.790,46727.847,False,1884.947,False
2025-12-01,7602,76,Brazil,BRA,20.865,48248.589,False,2312.417,False
2025-12-01,7602,616,Poland,POL,0.918,9999.655,False,10892.870,False
2026-01-01,7602,0,World,W00,67566.887,209143907.411,False,3095.361,False
2026-01-01,7602,842,USA,USA,53050.394,173815707.650,False,3276.426,False
2026-01-01,7602,344,"China, Hong Kong SAR",HKG,5247.982,12539055.739,False,2389.310,False
2026-01-01,7602,699,India,IND,2575.014,5736214.806,False,2227.644,False
2026-01-01,7602,156,China,CHN,2570.554,6720871.186,False,2614.561,False
2026-01-01,7602,764,Thailand,THA,1627.553,4577843.362,False,2812.715,False
2026-01-01,7602,410,Rep. of Korea,KOR,744.780,1562085.566,False,2097.379,False
2026-01-01,7602,458,Malaysia,MYS,489.352,994333.859,False,2031.940,False
2026-01-01,7602,380,Italy,ITA,268.041,671772.068,False,2506.229,False
2026-01-01,7602,392,Japan,JPN,250.161,628360.377,False,2511.824,False
2026-01-01,7602,724,Spain,ESP,225.050,621335.686,False,2760.878,False
2026-01-01,7602,704,Viet Nam,VNM,162.545,365906.635,False,2251.110,False
2026-01-01,7602,792,Türkiye,TUR,136.302,321076.636,False,2355.627,False
2026-01-01,7602,56,Belgium,BEL,131.516,343402.628,False,2611.109,False
2026-01-01,7602,300,Greece,GRC,43.641,132858.070,False,3044.341,False
2026-01-01,7602,528,Netherlands,NLD,21.525,56026.781,False,2602.870,False
2026-01-01,7602,490,"Other Asia, nes",S19,20.892,39525.151,False,1891.880,False
2026-01-01,7602,616,Poland,POL,0.906,10010.984,False,11049.651,False
2026-01-01,7602,784,United Arab Emirates,ARE,0.679,7520.227,False,11075.445,False
2026-02-01,7602,0,World,W00,64171.020,211669072.190,False,3298.515,False
2026-02-01,7602,842,USA,USA,48986.540,170649532.151,False,3483.600,False
2026-02-01,7602,344,"China, Hong Kong SAR",HKG,6022.315,15678066.037,False,2603.329,False
2026-02-01,7602,699,India,IND,2514.747,6011932.973,False,2390.671,False
2026-02-01,7602,764,Thailand,THA,1788.479,6468023.414,False,3616.494,False
2026-02-01,7602,156,China,CHN,1623.368,4198571.960,False,2586.334,False
2026-02-01,7602,410,Rep. of Korea,KOR,1110.792,2440672.536,False,2197.236,False
2026-02-01,7602,56,Belgium,BEL,462.253,1884896.281,False,4077.629,False
2026-02-01,7602,380,Italy,ITA,432.668,1350151.622,False,3120.526,False
2026-02-01,7602,458,Malaysia,MYS,328.440,719454.972,False,2190.522,False
2026-02-01,7602,724,Spain,ESP,266.038,702555.706,False,2640.810,False
2026-02-01,7602,704,Viet Nam,VNM,230.154,500768.849,False,2175.799,False
2026-02-01,7602,392,Japan,JPN,156.345,383768.411,False,2454.625,False
2026-02-01,7602,579,Norway,NOR,66.832,204789.592,False,3064.245,False
2026-02-01,7602,300,Greece,GRC,44.396,140001.138,False,3153.463,False
2026-02-01,7602,792,Türkiye,TUR,41.719,102021.927,False,2445.455,False
2026-02-01,7602,528,Netherlands,NLD,36.679,104649.594,False,2853.120,False
2026-02-01,7602,826,United Kingdom,GBR,24.890,65000.895,False,2611.527,False
2026-02-01,7602,276,Germany,DEU,22.870,36820.312,False,1609.983,False
2026-02-01,7602,586,Pakistan,PAK,5.407,15848.785,False,2931.161,False
2026-02-01,7602,784,United Arab Emirates,ARE,4.761,9413.306,False,1977.170,False
2026-02-01,7602,608,Philippines,PHL,1.327,2131.729,False,1606.427,False
2026-03-01,7602,0,World,W00,81231.069,262572536.497,False,3232.415,False
2026-03-01,7602,842,USA,USA,62795.344,217759894.654,False,3467.771,False
2026-03-01,7602,344,"China, Hong Kong SAR",HKG,6570.586,16057258.686,False,2443.809,False
2026-03-01,7602,699,India,IND,3170.914,7446966.660,False,2348.524,False
2026-03-01,7602,156,China,CHN,2381.979,5724998.799,False,2403.463,False
2026-03-01,7602,458,Malaysia,MYS,1600.930,3792165.531,False,2368.727,False
2026-03-01,7602,410,Rep. of Korea,KOR,1412.225,3115952.189,False,2206.413,False
2026-03-01,7602,764,Thailand,THA,1283.909,3385467.787,False,2636.844,False
2026-03-01,7602,392,Japan,JPN,350.899,934742.645,False,2663.851,False
2026-03-01,7602,300,Greece,GRC,338.134,842231.777,False,2490.823,False
2026-03-01,7602,56,Belgium,BEL,304.756,883483.963,False,2898.988,False
2026-03-01,7602,380,Italy,ITA,252.197,746562.805,False,2960.237,False
2026-03-01,7602,724,Spain,ESP,167.570,449739.669,False,2683.891,False
2026-03-01,7602,276,Germany,DEU,165.298,462324.698,False,2796.916,False
2026-03-01,7602,704,Viet Nam,VNM,142.660,332545.725,False,2331.037,False
2026-03-01,7602,792,Türkiye,TUR,86.896,235469.020,False,2709.780,False
2026-03-01,7602,528,Netherlands,NLD,58.516,122259.158,False,2089.329,False
2026-03-01,7602,608,Philippines,PHL,47.673,104955.197,False,2201.565,False
2026-03-01,7602,586,Pakistan,PAK,28.342,13093.155,False,461.970,False
2026-03-01,7602,490,"Other Asia, nes",S19,24.875,50101.730,False,2014.140,False
2026-03-01,7602,826,United Kingdom,GBR,24.006,67999.840,False,2832.619,False
2026-03-01,7602,76,Brazil,BRA,20.865,38600.021,False,1849.989,False
2026-03-01,7602,784,United Arab Emirates,ARE,2.495,5722.788,False,2293.703,False
2026-04-01,7602,0,World,W00,88022.541,306225740.983,False,3478.947,False
2026-04-01,7602,842,USA,USA,66957.814,253472126.267,False,3785.550,False
2026-04-01,7602,344,"China, Hong Kong SAR",HKG,6844.733,17954738.273,False,2623.147,False
2026-04-01,7602,699,India,IND,4636.747,10586862.279,False,2283.252,False
2026-04-01,7602,764,Thailand,THA,1986.180,5764851.815,False,2902.482,False
2026-04-01,7602,156,China,CHN,1719.907,4158278.873,False,2417.735,False
2026-04-01,7602,458,Malaysia,MYS,1709.670,4433051.258,False,2592.928,False
2026-04-01,7602,410,Rep. of Korea,KOR,1385.212,3208586.618,False,2316.314,False
2026-04-01,7602,380,Italy,ITA,755.763,1786632.327,False,2364.011,False
2026-04-01,7602,392,Japan,JPN,413.637,1157791.822,False,2799.053,False
2026-04-01,7602,276,Germany,DEU,340.196,977571.658,False,2873.554,False
2026-04-01,7602,724,Spain,ESP,274.271,712317.935,False,2597.132,False
2026-04-01,7602,56,Belgium,BEL,260.237,739924.523,False,2843.272,False
2026-04-01,7602,702,Singapore,SGP,244.020,102527.845,False,420.162,False
2026-04-01,7602,528,Netherlands,NLD,200.836,461051.927,False,2295.664,False
2026-04-01,7602,704,Viet Nam,VNM,104.132,264146.463,False,2536.650,False
2026-04-01,7602,792,Türkiye,TUR,90.740,237451.437,False,2616.833,False
2026-04-01,7602,490,"Other Asia, nes",S19,49.150,116531.567,False,2370.937,False
2026-04-01,7602,586,Pakistan,PAK,25.029,16268.441,False,649.984,False
2026-04-01,7602,826,United Kingdom,GBR,24.267,75029.655,False,3091.839,False
2026-05-01,7602,0,World,W00,89988.954,318370665.070,False,3537.886,False
2026-05-01,7602,842,USA,USA,69552.600,262327564.334,False,3771.643,False
2026-05-01,7602,699,India,IND,6537.681,16305528.048,False,2494.084,False
2026-05-01,7602,344,"China, Hong Kong SAR",HKG,4219.683,12530005.752,False,2969.419,False
2026-05-01,7602,764,Thailand,THA,3560.147,10122945.063,False,2843.406,False
2026-05-01,7602,458,Malaysia,MYS,1798.519,4835494.115,False,2688.598,False
2026-05-01,7602,410,Rep. of Korea,KOR,1285.238,3516141.690,False,2735.790,False
2026-05-01,7602,156,China,CHN,998.569,2433345.802,False,2436.833,False
2026-05-01,7602,392,Japan,JPN,490.026,1295625.917,False,2643.994,False
2026-05-01,7602,380,Italy,ITA,406.617,1504583.049,False,3700.246,False
2026-05-01,7602,724,Spain,ESP,379.267,1130497.474,False,2980.743,False
2026-05-01,7602,528,Netherlands,NLD,184.578,584822.067,False,3168.428,False
2026-05-01,7602,276,Germany,DEU,121.695,433038.463,False,3558.392,False
2026-05-01,7602,56,Belgium,BEL,114.869,391166.269,False,3405.325,False
2026-05-01,7602,372,Ireland,IRL,93.492,282127.409,False,3017.664,False
2026-05-01,7602,300,Greece,GRC,72.687,293098.066,False,4032.331,False
2026-05-01,7602,704,Viet Nam,VNM,60.032,165035.138,False,2749.119,False
2026-05-01,7602,586,Pakistan,PAK,50.018,54819.757,False,1096.001,False
2026-05-01,7602,792,Türkiye,TUR,44.120,122757.650,False,2782.358,False
2026-05-01,7602,490,"Other Asia, nes",S19,19.116,42069.009,False,2200.722,False
2026-06-01,7602,0,World,W00,88464.978,334465304.680,False,3780.765,False
2026-06-01,7602,842,USA,USA,70492.241,286587474.392,False,4065.518,False
2026-06-01,7602,699,India,IND,5941.965,14249657.354,False,2398.139,False
2026-06-01,7602,344,"China, Hong Kong SAR",HKG,4326.931,12476885.051,False,2883.541,False
2026-06-01,7602,764,Thailand,THA,2890.788,8642673.725,False,2989.729,False
2026-06-01,7602,410,Rep. of Korea,KOR,1273.238,2986170.123,False,2345.335,False
2026-06-01,7602,458,Malaysia,MYS,1020.368,2333438.115,False,2286.859,False
2026-06-01,7602,380,Italy,ITA,678.149,1867866.321,False,2754.360,False
2026-06-01,7602,156,China,CHN,349.812,1151317.117,False,3291.245,False
2026-06-01,7602,724,Spain,ESP,297.449,870830.719,False,2927.664,False
2026-06-01,7602,372,Ireland,IRL,253.544,959923.222,False,3786.022,False
2026-06-01,7602,392,Japan,JPN,218.615,643639.991,False,2944.171,False
2026-06-01,7602,704,Viet Nam,VNM,166.911,268709.869,False,1609.899,False
2026-06-01,7602,528,Netherlands,NLD,105.226,348808.648,False,3314.852,False
2026-06-01,7602,300,Greece,GRC,73.513,259003.883,False,3523.239,False
2026-06-01,7602,586,Pakistan,PAK,70.056,61256.616,False,874.395,False
2026-06-01,7602,792,Türkiye,TUR,69.631,75860.824,False,1089.469,False
2026-06-01,7602,826,United Kingdom,GBR,64.494,147494.376,False,2286.947,False
2026-06-01,7602,276,Germany,DEU,44.539,131264.788,False,2947.188,False
2026-06-01,7602,56,Belgium,BEL,42.990,131283.307,False,3053.810,False
2026-06-01,7602,484,Mexico,MEX,41.867,146598.352,False,3501.525,False
2026-06-01,7602,616,Poland,POL,21.969,76544.595,False,3484.209,False
2026-06-01,7602,702,Singapore,SGP,20.682,48603.293,False,2350.029,False
2026-07-01,7602,0,World,W00,89900.858,342512546.990,False,3809.892,False
2026-07-01,7602,842,USA,USA,70436.259,289297308.937,False,4107.221,False
2026-07-01,7602,344,"China, Hong Kong SAR",HKG,6739.997,18579386.212,False,2756.587,False
2026-07-01,7602,699,India,IND,4734.960,12395752.881,False,2617.921,False
2026-07-01,7602,764,Thailand,THA,2437.433,7200327.324,False,2954.062,False
2026-07-01,7602,458,Malaysia,MYS,1425.407,3448149.787,False,2419.063,False
2026-07-01,7602,410,Rep. of Korea,KOR,1076.937,2674870.253,False,2483.776,False
2026-07-01,7602,156,China,CHN,772.292,2514334.209,False,3255.678,False
2026-07-01,7602,380,Italy,ITA,584.507,1495206.122,False,2558.064,False
2026-07-01,7602,392,Japan,JPN,415.043,1267411.444,False,3053.687,False
2026-07-01,7602,276,Germany,DEU,302.922,646401.538,False,2133.888,False
2026-07-01,7602,826,United Kingdom,GBR,253.543,1017909.266,False,4014.740,False
2026-07-01,7602,724,Spain,ESP,200.100,590142.092,False,2949.236,False
2026-07-01,7602,56,Belgium,BEL,96.909,191265.517,False,1973.661,False
2026-07-01,7602,792,Türkiye,TUR,88.196,244016.774,False,2766.756,False
2026-07-01,7602,579,Norway,NOR,67.241,235590.024,False,3503.666,False
2026-07-01,7602,300,Greece,GRC,63.100,206299.299,False,3269.403,False
2026-07-01,7602,704,Viet Nam,VNM,44.882,135301.199,False,3014.598,False
2026-07-01,7602,586,Pakistan,PAK,42.069,61800.187,False,1469.020,False
2026-07-01,7602,702,Singapore,SGP,42.066,134720.875,False,3202.607,False
2026-07-01,7602,528,Netherlands,NLD,41.870,79633.427,False,1901.921,False
2026-07-01,7602,490,"Other Asia, nes",S19,20.483,48583.995,False,2371.918,False
2026-07-01,7602,484,Mexico,MEX,14.642,48135.628,False,3287.504,False
