date,country,crude_t,semis_t,scrap_t,total_t,source
2021-08-01,Argentina,7140,105,0,7250,month
2021-08-01,Australia,18400,45,0,18500,month
2021-08-01,Austria,0,2100,0,2100,month
2021-08-01,Bahrain,6320,2150,0,8470,month
2021-08-01,Belgium,48,1070,0,1120,month
2021-08-01,Brazil,0,44,0,44,month
2021-08-01,Canada,219000,21900,36500,278000,month
2021-08-01,Chile,0,0,237,237,month
2021-08-01,China,65,20000,36,20100,month
2021-08-01,Colombia,0,871,554,1430,month
2021-08-01,Costa Rica,0,51,80,131,month
2021-08-01,France,281,371,8,660,month
2021-08-01,Germany,180,3340,67,3580,month
2021-08-01,Greece,0,2230,0,2230,month
2021-08-01,Guatemala,0,0,811,811,month
2021-08-01,Honduras,0,492,48,540,month
2021-08-01,Hong Kong,25,240,0,265,month
2021-08-01,India,4140,1810,0,5950,month
2021-08-01,Indonesia,0,1960,0,1960,month
2021-08-01,Italy,2,1500,0,1500,month
2021-08-01,Japan,0,3470,0,3470,month
2021-08-01,"Korea, Republic of",1300,3190,17,4510,month
2021-08-01,Malaysia,40,926,0,966,month
2021-08-01,Mexico,1470,5860,16300,23700,month
2021-08-01,Netherlands,37,244,413,694,month
2021-08-01,New Zealand,25,1,0,26,month
2021-08-01,Norway,40,534,0,574,month
2021-08-01,Oman,0,9050,0,9050,month
2021-08-01,Other,3,6430,1910,8340,month
2021-08-01,Qatar,3680,0,0,3680,month
2021-08-01,Romania,0,479,0,479,month
2021-08-01,Russia,25500,1320,0,26800,month
2021-08-01,Saudi Arabia,0,4760,19,4780,month
2021-08-01,South Africa,0,7290,0,7290,month
2021-08-01,Spain,145,1820,234,2200,month
2021-08-01,Sweden,0,808,0,808,month
2021-08-01,Switzerland,0,1030,0,1030,month
2021-08-01,Taiwan,43,280,5,328,month
2021-08-01,Thailand,158,8110,0,8270,month
2021-08-01,Total,319000,126000,57300,502000,month
2021-08-01,Turkey,21,5490,0,5510,month
2021-08-01,United Arab Emirates,30600,637,0,31300,month
2021-08-01,United Kingdom,19,361,52,432,month
2021-08-01,Vietnam,0,3440,0,3440,month
2021-09-01,Argentina,24400,64,0,24400,month
2021-09-01,Australia,6440,43,0,6480,month
2021-09-01,Austria,1500,3350,9,4860,month
2021-09-01,Bahrain,13000,2130,0,15100,month
2021-09-01,Belgium,6,874,0,880,month
2021-09-01,Brazil,0,37,0,37,month
2021-09-01,Canada,201000,19900,35800,257000,month
2021-09-01,Chile,0,0,100,100,month
2021-09-01,China,57,14900,11,14900,month
2021-09-01,Colombia,0,742,560,1300,month
2021-09-01,Costa Rica,0,20,328,348,month
2021-09-01,France,415,1380,11,1810,month
2021-09-01,Germany,359,2950,437,3750,month
2021-09-01,Greece,0,1720,0,1720,month
2021-09-01,Guatemala,0,0,792,792,month
2021-09-01,Honduras,0,463,20,483,month
2021-09-01,Hong Kong,0,492,0,492,month
2021-09-01,India,2630,1130,0,3750,month
2021-09-01,Indonesia,0,1680,4,1690,month
2021-09-01,Italy,0,661,0,661,month
2021-09-01,Japan,0,4410,0,4410,month
2021-09-01,"Korea, Republic of",1770,3040,0,4810,month
2021-09-01,Malaysia,79,574,0,653,month
2021-09-01,Mexico,970,6030,17600,24600,month
2021-09-01,Netherlands,18,111,192,321,month
2021-09-01,New Zealand,99,1,0,100,month
2021-09-01,Norway,0,306,0,306,month
2021-09-01,Oman,0,6380,0,6380,month
2021-09-01,Other,8,7000,2510,9520,month
2021-09-01,Qatar,6120,0,0,6120,month
2021-09-01,Romania,0,454,0,454,month
2021-09-01,Russia,9570,1420,0,11000,month
2021-09-01,Saudi Arabia,0,4440,0,4440,month
2021-09-01,South Africa,507,3510,0,4020,month
2021-09-01,Spain,35,1650,0,1680,month
2021-09-01,Sweden,0,790,0,790,month
2021-09-01,Switzerland,63,621,0,684,month
2021-09-01,Taiwan,0,294,1,295,month
2021-09-01,Thailand,95,2310,0,2400,month
2021-09-01,Total,285000,106000,58400,449000,month
2021-09-01,Turkey,19,5480,0,5500,month
2021-09-01,United Arab Emirates,15600,429,70,16100,month
2021-09-01,United Kingdom,1,698,0,699,month
2021-09-01,Vietnam,0,3480,0,3480,month
2021-10-01,Argentina,10300,0,0,10300,month
2021-10-01,Australia,7950,29,39,8010,month
2021-10-01,Austria,0,3320,0,3320,month
2021-10-01,Bahrain,17200,3430,0,20600,month
2021-10-01,Belgium,0,896,0,896,month
2021-10-01,Brazil,0,98,0,98,month
2021-10-01,Canada,233000,19500,33800,287000,month
2021-10-01,Chile,0,0,100,100,month
2021-10-01,China,133,10200,43,10300,month
2021-10-01,Colombia,0,670,186,856,month
2021-10-01,Costa Rica,0,34,238,272,month
2021-10-01,France,110,233,6,349,month
2021-10-01,Germany,245,2440,125,2810,month
2021-10-01,Greece,0,1400,0,1400,month
2021-10-01,Guatemala,0,0,746,746,month
2021-10-01,Honduras,0,546,15,561,month
2021-10-01,India,4160,1590,0,5750,month
2021-10-01,Indonesia,0,1790,0,1790,month
2021-10-01,Italy,24,1420,0,1450,month
2021-10-01,Japan,0,3290,14,3300,month
2021-10-01,"Korea, Republic of",898,1840,0,2740,month
2021-10-01,Malaysia,118,975,0,1090,month
2021-10-01,Mexico,1100,5800,17800,24700,month
2021-10-01,Netherlands,37,635,211,883,month
2021-10-01,New Zealand,0,0,0,0,month
2021-10-01,Norway,0,936,0,936,month
2021-10-01,Oman,0,7370,0,7370,month
2021-10-01,Other,61,6480,1770,8310,month
2021-10-01,Qatar,6500,0,0,6500,month
2021-10-01,Romania,0,352,0,352,month
2021-10-01,Russia,23600,904,0,24500,month
2021-10-01,Saudi Arabia,0,4020,0,4020,month
2021-10-01,South Africa,498,5670,0,6160,month
2021-10-01,Spain,108,1350,0,1460,month
2021-10-01,Sweden,0,731,0,731,month
2021-10-01,Switzerland,0,709,0,709,month
2021-10-01,Taiwan,0,447,5,452,month
2021-10-01,Thailand,157,7290,0,7440,month
2021-10-01,Total,339000,107000,55100,501000,month
2021-10-01,Turkey,872,5280,0,6160,month
2021-10-01,United Arab Emirates,31900,479,0,32400,month
2021-10-01,United Kingdom,10,444,23,477,month
2021-10-01,Vietnam,0,4360,4,4370,month
2021-11-01,Argentina,14100,0,0,14100,month
2021-11-01,Australia,7470,89,0,7560,month
2021-11-01,Austria,0,2850,0,2850,month
2021-11-01,Bahrain,24300,3360,0,27700,month
2021-11-01,Belgium,80,921,0,1000,month
2021-11-01,Brazil,0,19,36,55,month
2021-11-01,Canada,235000,20100,30600,286000,month
2021-11-01,Chile,0,0,121,121,month
2021-11-01,China,78,17400,9,17500,month
2021-11-01,Colombia,0,657,424,1080,month
2021-11-01,Costa Rica,0,20,175,195,month
2021-11-01,France,155,412,13,580,month
2021-11-01,Germany,250,3810,319,4380,month
2021-11-01,Greece,0,2930,0,2930,month
2021-11-01,Guatemala,0,0,697,697,month
2021-11-01,Honduras,0,516,56,572,month
2021-11-01,India,5630,1760,0,7390,month
2021-11-01,Indonesia,0,1590,3,1600,month
2021-11-01,Italy,13,1060,0,1080,month
2021-11-01,Japan,0,2850,0,2850,month
2021-11-01,"Korea, Republic of",1460,1370,0,2820,month
2021-11-01,Malaysia,58,1190,0,1250,month
2021-11-01,Mexico,566,5920,15400,21800,month
2021-11-01,Netherlands,62,846,399,1310,month
2021-11-01,New Zealand,0,0,0,0,month
2021-11-01,Norway,20,836,0,856,month
2021-11-01,Oman,0,5260,0,5260,month
2021-11-01,Other,0,8650,1800,10400,month
2021-11-01,Qatar,4450,0,0,4450,month
2021-11-01,Romania,0,440,0,440,month
2021-11-01,Russia,8630,912,0,9540,month
2021-11-01,Saudi Arabia,0,6280,0,6280,month
2021-11-01,South Africa,0,6460,0,6460,month
2021-11-01,Spain,1,1090,42,1130,month
2021-11-01,Sweden,0,678,0,678,month
2021-11-01,Switzerland,1,773,0,774,month
2021-11-01,Taiwan,0,249,0,249,month
2021-11-01,Thailand,94,7190,0,7290,month
2021-11-01,Total,338000,119000,50100,507000,month
2021-11-01,Turkey,2440,4650,0,7090,month
2021-11-01,United Arab Emirates,32600,885,40,33500,month
2021-11-01,United Kingdom,2,482,0,484,month
2021-11-01,Vietnam,0,4230,15,4240,month
2021-12-01,Argentina,510,0,0,510,month
2021-12-01,Australia,18000,25,0,18100,month
2021-12-01,Austria,0,1760,0,1760,month
2021-12-01,Bahrain,29600,2150,0,31700,month
2021-12-01,Belgium,20,875,0,895,month
2021-12-01,Brazil,0,127,22,149,month
2021-12-01,Canada,196000,16700,29700,242000,month
2021-12-01,Chile,0,0,423,423,month
2021-12-01,China,126,17000,24,17100,month
2021-12-01,Colombia,0,837,439,1280,month
2021-12-01,Costa Rica,0,5,122,127,month
2021-12-01,France,35,600,28,663,month
2021-12-01,Germany,315,3520,149,3990,month
2021-12-01,Greece,0,2200,30,2230,month
2021-12-01,Guatemala,0,0,745,745,month
2021-12-01,Honduras,0,483,18,501,month
2021-12-01,India,3060,1810,0,4870,month
2021-12-01,Indonesia,0,2130,0,2130,month
2021-12-01,Italy,10,873,0,883,month
2021-12-01,Japan,0,5070,11,5080,month
2021-12-01,"Korea, Republic of",161,4060,37,4260,month
2021-12-01,Malaysia,39,1280,0,1320,month
2021-12-01,Mexico,1640,6100,14700,22500,month
2021-12-01,Netherlands,111,747,285,1140,month
2021-12-01,New Zealand,0,3,0,3,month
2021-12-01,Norway,380,679,0,1060,month
2021-12-01,Oman,0,5430,0,5430,month
2021-12-01,Other,4,6750,1430,8190,month
2021-12-01,Qatar,5740,0,0,5740,month
2021-12-01,Romania,0,397,0,397,month
2021-12-01,Russia,22900,942,0,23800,month
2021-12-01,Saudi Arabia,0,4300,0,4300,month
2021-12-01,South Africa,0,3730,0,3730,month
2021-12-01,Spain,251,1360,24,1630,month
2021-12-01,Sweden,0,253,0,253,month
2021-12-01,Switzerland,0,248,3,251,month
2021-12-01,Taiwan,0,511,0,511,month
2021-12-01,Thailand,34,6740,2,6770,month
2021-12-01,Total,316000,109000,48400,474000,month
2021-12-01,Turkey,864,4090,0,4950,month
2021-12-01,United Arab Emirates,36900,348,199,37400,month
2021-12-01,United Kingdom,2,360,0,362,month
2021-12-01,Vietnam,0,4670,0,4670,month
2022-01-01,Argentina,12500,0,0,12500,month
2022-01-01,Australia,9560,2,0,9560,month
2022-01-01,Austria,0,1990,0,1990,month
2022-01-01,Bahrain,58200,5800,0,64000,month
2022-01-01,Belgium,14,692,0,706,month
2022-01-01,Brazil,1760,0,0,1760,month
2022-01-01,Canada,194000,15400,27000,236000,month
2022-01-01,Chile,0,0,560,560,month
2022-01-01,China,154,17600,11,17700,month
2022-01-01,Colombia,0,270,387,657,month
2022-01-01,Costa Rica,0,0,153,153,month
2022-01-01,France,59,251,36,346,month
2022-01-01,Germany,452,2070,276,2800,month
2022-01-01,Greece,0,2300,20,2320,month
2022-01-01,Guatemala,0,0,982,982,month
2022-01-01,Honduras,0,252,72,324,month
2022-01-01,India,3990,1570,0,5560,month
2022-01-01,Indonesia,0,1360,0,1360,month
2022-01-01,Italy,0,721,0,721,month
2022-01-01,Japan,0,2920,0,2920,month
2022-01-01,"Korea, Republic of",1700,7600,0,9300,month
2022-01-01,Malaysia,20,1150,0,1170,month
2022-01-01,Mexico,1710,5710,15400,22800,month
2022-01-01,Netherlands,109,187,1,297,month
2022-01-01,Norway,423,869,0,1290,month
2022-01-01,Oman,0,7010,0,7010,month
2022-01-01,Other,0,6920,1710,8630,month
2022-01-01,Qatar,7600,0,0,7600,month
2022-01-01,Romania,0,180,0,180,month
2022-01-01,Russia,18200,1010,0,19200,month
2022-01-01,Saudi Arabia,0,2250,0,2250,month
2022-01-01,South Africa,0,6780,0,6780,month
2022-01-01,Spain,124,784,0,908,month
2022-01-01,Sweden,0,639,0,639,month
2022-01-01,Switzerland,1,201,0,202,month
2022-01-01,Taiwan,0,435,3,438,month
2022-01-01,Thailand,192,7660,0,7850,month
2022-01-01,Total,343000,112000,46700,502000,month
2022-01-01,Turkey,1480,4020,0,5500,month
2022-01-01,United Arab Emirates,31600,892,97,32600,month
2022-01-01,United Kingdom,19,1860,0,1880,month
2022-01-01,Vietnam,0,2550,19,2570,month
2022-02-01,Argentina,9740,0,0,9740,month
2022-02-01,Australia,27100,36,0,27200,month
2022-02-01,Austria,0,1970,0,1970,month
2022-02-01,Bahrain,9740,2170,0,11900,month
2022-02-01,Belgium,32,838,0,870,month
2022-02-01,Brazil,0,2,0,2,month
2022-02-01,Canada,169000,15700,25200,210000,month
2022-02-01,Chile,0,0,21,21,month
2022-02-01,China,242,16400,16,16700,month
2022-02-01,Colombia,0,198,644,842,month
2022-02-01,Costa Rica,0,0,236,236,month
2022-02-01,France,195,216,9,420,month
2022-02-01,Germany,102,2170,72,2340,month
2022-02-01,Greece,0,2030,0,2030,month
2022-02-01,Guatemala,0,0,664,664,month
2022-02-01,Honduras,0,335,0,335,month
2022-02-01,India,9280,1650,0,10900,month
2022-02-01,Indonesia,0,1140,0,1140,month
2022-02-01,Italy,0,1000,0,1000,month
2022-02-01,Japan,0,3930,4,3930,month
2022-02-01,"Korea, Republic of",0,11700,0,11700,month
2022-02-01,Malaysia,0,548,0,548,month
2022-02-01,Mexico,1560,6310,17100,24900,month
2022-02-01,Netherlands,19,104,149,272,month
2022-02-01,Norway,38,769,0,807,month
2022-02-01,Oman,0,7010,0,7010,month
2022-02-01,Other,0,4820,2060,6880,month
2022-02-01,Qatar,2200,0,0,2200,month
2022-02-01,Romania,0,282,0,282,month
2022-02-01,Russia,7350,630,0,7980,month
2022-02-01,Saudi Arabia,0,207,0,207,month
2022-02-01,South Africa,40,4270,0,4310,month
2022-02-01,Spain,38,676,0,714,month
2022-02-01,Sweden,0,392,0,392,month
2022-02-01,Switzerland,1,72,0,73,month
2022-02-01,Taiwan,27,354,0,381,month
2022-02-01,Thailand,161,10100,0,10200,month
2022-02-01,Total,262000,107000,46200,415000,month
2022-02-01,Turkey,952,4350,0,5300,month
2022-02-01,United Arab Emirates,24100,512,0,24600,month
2022-02-01,United Kingdom,0,812,47,859,month
2022-02-01,Vietnam,0,3190,0,3190,month
2022-03-01,Argentina,23300,0,0,23300,month
2022-03-01,Australia,19300,17,0,19300,month
2022-03-01,Austria,25,3090,0,3110,month
2022-03-01,Bahrain,17600,3320,0,20900,month
2022-03-01,Belgium,82,981,0,1060,month
2022-03-01,Brazil,4030,122,0,4160,month
2022-03-01,Canada,183000,18600,33000,235000,month
2022-03-01,Chile,0,0,20,20,month
2022-03-01,China,37,16800,14,16800,month
2022-03-01,Colombia,0,392,364,756,month
2022-03-01,Costa Rica,0,0,200,200,month
2022-03-01,France,411,423,29,863,month
2022-03-01,Germany,408,2250,18,2670,month
2022-03-01,Greece,0,2640,23,2670,month
2022-03-01,Guatemala,0,0,495,495,month
2022-03-01,Honduras,0,209,288,497,month
2022-03-01,India,4580,1450,0,6030,month
2022-03-01,Indonesia,0,1200,0,1200,month
2022-03-01,Italy,0,1290,0,1290,month
2022-03-01,Japan,1,4200,0,4200,month
2022-03-01,"Korea, Republic of",3020,10100,29,13100,month
2022-03-01,Malaysia,64,1380,0,1440,month
2022-03-01,Mexico,918,7530,20800,29200,month
2022-03-01,Netherlands,108,269,199,576,month
2022-03-01,Norway,36,970,0,1010,month
2022-03-01,Oman,624,10400,0,11000,month
2022-03-01,Other,0,6340,2320,8660,month
2022-03-01,Qatar,5410,0,0,5410,month
2022-03-01,Romania,0,140,0,140,month
2022-03-01,Russia,36100,1240,0,37400,month
2022-03-01,Saudi Arabia,0,4440,0,4440,month
2022-03-01,South Africa,1910,3350,0,5260,month
2022-03-01,Spain,274,997,1,1270,month
2022-03-01,Sweden,0,708,0,708,month
2022-03-01,Switzerland,0,367,0,367,month
2022-03-01,Taiwan,27,350,0,377,month
2022-03-01,Thailand,249,10500,0,10800,month
2022-03-01,Total,341000,129000,57800,527000,month
2022-03-01,Turkey,1520,4650,0,6170,month
2022-03-01,United Arab Emirates,37600,577,0,38200,month
2022-03-01,United Kingdom,0,3640,0,3640,month
2022-03-01,Vietnam,0,4230,0,4230,month
2022-04-01,Argentina,3670,51,0,3720,month
2022-04-01,Australia,5920,0,0,5920,month
2022-04-01,Austria,0,2630,0,2630,month
2022-04-01,Bahrain,12100,8550,0,20600,month
2022-04-01,Belgium,2,602,0,604,month
2022-04-01,Brazil,518,158,662,1340,month
2022-04-01,Canada,233000,17400,31700,282000,month
2022-04-01,Chile,0,0,84,84,month
2022-04-01,China,61,15100,17,15100,month
2022-04-01,Colombia,0,273,657,930,month
2022-04-01,Costa Rica,0,20,278,298,month
2022-04-01,France,133,443,16,592,month
2022-04-01,Germany,91,1450,171,1710,month
2022-04-01,Greece,0,1670,21,1690,month
2022-04-01,Guatemala,0,0,747,747,month
2022-04-01,Honduras,0,161,102,263,month
2022-04-01,India,14300,1090,0,15400,month
2022-04-01,Indonesia,0,1630,0,1630,month
2022-04-01,Italy,0,1460,0,1460,month
2022-04-01,Japan,0,4740,26,4760,month
2022-04-01,"Korea, Republic of",2210,10900,38,13200,month
2022-04-01,Malaysia,20,1110,0,1130,month
2022-04-01,Mexico,1550,8130,18300,28000,month
2022-04-01,Netherlands,121,152,50,323,month
2022-04-01,Norway,91,1170,0,1260,month
2022-04-01,Oman,0,12700,0,12700,month
2022-04-01,Other,36,4590,2060,6690,month
2022-04-01,Qatar,8450,0,0,8450,month
2022-04-01,Romania,0,4,0,4,month
2022-04-01,Russia,18400,515,0,19000,month
2022-04-01,Saudi Arabia,0,2830,0,2830,month
2022-04-01,South Africa,232,2690,0,2920,month
2022-04-01,Spain,28,794,0,822,month
2022-04-01,Sweden,0,511,0,511,month
2022-04-01,Switzerland,0,272,0,272,month
2022-04-01,Taiwan,0,240,0,240,month
2022-04-01,Thailand,203,10600,0,10800,month
2022-04-01,Total,331000,125000,55000,511000,month
2022-04-01,Turkey,1250,5320,0,6580,month
2022-04-01,United Arab Emirates,28400,1030,0,29500,month
2022-04-01,United Kingdom,0,1050,0,1050,month
2022-04-01,Vietnam,5,3460,0,3460,month
2022-05-01,Argentina,16700,0,0,16700,month
2022-05-01,Australia,34500,41,0,34600,month
2022-05-01,Austria,0,3860,11,3880,month
2022-05-01,Bahrain,18000,5840,0,23900,month
2022-05-01,Belgium,59,1150,0,1210,month
2022-05-01,Brazil,1500,420,2010,3930,month
2022-05-01,Canada,254000,18300,36300,308000,month
2022-05-01,Chile,0,0,305,305,month
2022-05-01,China,181,19300,0,19400,month
2022-05-01,Colombia,0,371,625,996,month
2022-05-01,Costa Rica,0,19,260,279,month
2022-05-01,France,146,313,12,471,month
2022-05-01,Germany,259,3640,66,3970,month
2022-05-01,Greece,0,2080,17,2100,month
2022-05-01,Guatemala,0,0,971,971,month
2022-05-01,Honduras,0,264,357,621,month
2022-05-01,India,10100,2360,0,12400,month
2022-05-01,Indonesia,879,1410,0,2290,month
2022-05-01,Italy,396,1090,0,1490,month
2022-05-01,Japan,0,8330,0,8330,month
2022-05-01,"Korea, Republic of",508,12200,0,12700,month
2022-05-01,Malaysia,101,1880,0,1980,month
2022-05-01,Mexico,1010,7650,19800,28500,month
2022-05-01,Netherlands,57,427,45,529,month
2022-05-01,Norway,282,1210,0,1490,month
2022-05-01,Oman,0,10800,0,10800,month
2022-05-01,Other,0,9500,2010,11500,month
2022-05-01,Qatar,7700,0,0,7700,month
2022-05-01,Romania,0,135,0,135,month
2022-05-01,Russia,17700,839,0,18600,month
2022-05-01,Saudi Arabia,0,4350,0,4350,month
2022-05-01,South Africa,537,2520,0,3050,month
2022-05-01,Spain,112,810,0,922,month
2022-05-01,Sweden,0,1130,0,1130,month
2022-05-01,Switzerland,62,448,0,510,month
2022-05-01,Taiwan,14,356,0,370,month
2022-05-01,Thailand,198,9380,34,9610,month
2022-05-01,Total,404000,144000,62900,610000,month
2022-05-01,Turkey,828,4780,0,5610,month
2022-05-01,United Arab Emirates,38200,962,0,39200,month
2022-05-01,United Kingdom,2,1380,18,1400,month
2022-05-01,Vietnam,0,4110,4,4110,month
2022-06-01,Argentina,14000,31,0,14100,month
2022-06-01,Australia,34800,76,0,34900,month
2022-06-01,Austria,0,3860,14,3880,month
2022-06-01,Bahrain,45000,4200,0,49200,month
2022-06-01,Belgium,29,898,0,927,month
2022-06-01,Brazil,9510,47,1340,10900,month
2022-06-01,Canada,276000,17100,34400,328000,month
2022-06-01,Chile,0,0,162,162,month
2022-06-01,China,135,18500,32,18700,month
2022-06-01,Colombia,0,348,343,691,month
2022-06-01,Costa Rica,0,41,255,296,month
2022-06-01,France,251,1130,12,1400,month
2022-06-01,Germany,247,3760,157,4160,month
2022-06-01,Greece,0,2410,26,2440,month
2022-06-01,Guatemala,0,0,659,659,month
2022-06-01,Honduras,0,256,158,414,month
2022-06-01,India,8390,1750,0,10100,month
2022-06-01,Indonesia,0,944,0,944,month
2022-06-01,Italy,304,1430,4,1740,month
2022-06-01,Japan,0,3800,17,3820,month
2022-06-01,"Korea, Republic of",4170,11800,0,15900,month
2022-06-01,Malaysia,0,1080,0,1080,month
2022-06-01,Mexico,1090,7840,21100,30000,month
2022-06-01,Netherlands,61,137,153,351,month
2022-06-01,Norway,1080,821,0,1900,month
2022-06-01,Oman,0,8350,0,8350,month
2022-06-01,Other,28,5580,2200,7810,month
2022-06-01,Qatar,7960,0,0,7960,month
2022-06-01,Romania,0,45,0,45,month
2022-06-01,Russia,22100,1300,0,23400,month
2022-06-01,Saudi Arabia,0,1980,0,1980,month
2022-06-01,South Africa,81,1690,197,1960,month
2022-06-01,Spain,87,1570,0,1660,month
2022-06-01,Sweden,0,1310,0,1310,month
2022-06-01,Switzerland,9,760,0,769,month
2022-06-01,Taiwan,13,690,0,703,month
2022-06-01,Thailand,208,8440,26,8670,month
2022-06-01,Total,460000,124000,61300,645000,month
2022-06-01,Turkey,2010,4210,0,6220,month
2022-06-01,United Arab Emirates,31500,820,0,32300,month
2022-06-01,United Kingdom,0,866,25,891,month
2022-06-01,Vietnam,0,3870,0,3870,month
2022-07-01,Argentina,20000,0,0,20000,month
2022-07-01,Australia,4210,11,0,4220,month
2022-07-01,Austria,0,3120,11,3130,month
2022-07-01,Bahrain,29500,4350,2,33900,month
2022-07-01,Belgium,21,1040,0,1070,month
2022-07-01,Brazil,4310,366,743,5420,month
2022-07-01,Canada,189000,15400,31900,237000,month
2022-07-01,Chile,0,2,205,207,month
2022-07-01,China,89,22000,139,22200,month
2022-07-01,Colombia,0,217,369,586,month
2022-07-01,Costa Rica,0,13,238,251,month
2022-07-01,France,311,389,14,714,month
2022-07-01,Germany,104,6240,124,6460,month
2022-07-01,Greece,0,2480,64,2540,month
2022-07-01,Guatemala,0,0,780,780,month
2022-07-01,Honduras,0,275,259,534,month
2022-07-01,India,14700,1560,1,16300,month
2022-07-01,Indonesia,43,1150,0,1200,month
2022-07-01,Italy,0,1190,0,1190,month
2022-07-01,Japan,0,4510,0,4510,month
2022-07-01,"Korea, Republic of",3790,8890,0,12700,month
2022-07-01,Malaysia,0,1040,0,1040,month
2022-07-01,Mexico,1060,8320,20100,29500,month
2022-07-01,Netherlands,49,134,258,441,month
2022-07-01,Norway,34,697,0,731,month
2022-07-01,Oman,0,10300,0,10300,month
2022-07-01,Other,0,4850,1620,6470,month
2022-07-01,Qatar,12700,0,0,12700,month
2022-07-01,Romania,0,3,0,3,month
2022-07-01,Russia,30100,542,0,30600,month
2022-07-01,Saudi Arabia,0,2080,0,2080,month
2022-07-01,South Africa,101,5200,1180,6480,month
2022-07-01,Spain,178,1040,0,1220,month
2022-07-01,Sweden,1500,1060,0,2570,month
2022-07-01,Switzerland,16,211,99,326,month
2022-07-01,Taiwan,27,695,0,722,month
2022-07-01,Thailand,259,9840,37,10100,month
2022-07-01,Total,345000,129000,58100,532000,month
2022-07-01,Turkey,1280,4970,0,6250,month
2022-07-01,United Arab Emirates,31500,482,0,32000,month
2022-07-01,United Kingdom,16,1000,26,1040,month
2022-07-01,Vietnam,4,3280,0,3280,month
2022-08-01,Argentina,916,95,0,1010,month
2022-08-01,Australia,19100,19,0,19200,month
2022-08-01,Austria,0,2840,9,2850,month
2022-08-01,Bahrain,28,3470,0,3490,month
2022-08-01,Belgium,9,1200,0,1210,month
2022-08-01,Brazil,120,1910,18,2040,month
2022-08-01,Canada,227000,18400,34000,280000,month
2022-08-01,Chile,0,0,102,102,month
2022-08-01,China,224,20000,1,20200,month
2022-08-01,Colombia,0,217,495,712,month
2022-08-01,Costa Rica,0,20,146,166,month
2022-08-01,France,297,586,13,896,month
2022-08-01,Germany,97,4370,184,4650,month
2022-08-01,Greece,0,1990,0,1990,month
2022-08-01,Guatemala,0,0,737,737,month
2022-08-01,Honduras,0,233,276,509,month
2022-08-01,India,10200,1620,1,11800,month
2022-08-01,Indonesia,0,980,0,980,month
2022-08-01,Italy,626,1440,0,2070,month
2022-08-01,Japan,0,3770,6,3770,month
2022-08-01,"Korea, Republic of",4230,11500,0,15700,month
2022-08-01,Malaysia,0,873,0,873,month
2022-08-01,Mexico,1630,7980,16700,26300,month
2022-08-01,Netherlands,48,215,13,276,month
2022-08-01,Norway,1470,975,0,2440,month
2022-08-01,Oman,0,10300,0,10300,month
2022-08-01,Other,0,5770,1950,7720,month
2022-08-01,Qatar,1430,3,0,1440,month
2022-08-01,Romania,0,6,0,6,month
2022-08-01,Russia,14800,231,0,15000,month
2022-08-01,Saudi Arabia,0,3190,0,3190,month
2022-08-01,South Africa,40,4600,786,5430,month
2022-08-01,Spain,859,1270,0,2130,month
2022-08-01,Sweden,3460,1220,0,4690,month
2022-08-01,Switzerland,0,1350,0,1350,month
2022-08-01,Taiwan,54,746,0,800,month
2022-08-01,Thailand,225,7410,22,7660,month
2022-08-01,Total,360000,130000,55400,546000,month
2022-08-01,Turkey,1990,3260,0,5250,month
2022-08-01,United Arab Emirates,70700,1700,0,72400,month
2022-08-01,United Kingdom,0,1310,0,1310,month
2022-08-01,Vietnam,0,3360,0,3360,month
2022-09-01,Argentina,13800,50,0,13800,month
2022-09-01,Australia,10700,56,0,10800,month
2022-09-01,Austria,0,3500,10,3510,month
2022-09-01,Bahrain,21600,3840,0,25400,month
2022-09-01,Belgium,0,1780,0,1780,month
2022-09-01,Brazil,4070,3690,146,7910,month
2022-09-01,Canada,200000,17000,33000,250000,month
2022-09-01,Chile,0,0,82,82,month
2022-09-01,China,205,22200,203,22700,month
2022-09-01,Colombia,0,344,360,704,month
2022-09-01,Costa Rica,0,9,155,164,month
2022-09-01,France,26,735,19,780,month
2022-09-01,Germany,34,4330,244,4610,month
2022-09-01,Greece,0,3200,0,3200,month
2022-09-01,Guatemala,0,19,436,455,month
2022-09-01,Honduras,0,255,24,279,month
2022-09-01,India,5600,1300,0,6900,month
2022-09-01,Indonesia,0,966,0,966,month
2022-09-01,Italy,0,590,0,590,month
2022-09-01,Japan,0,4450,13,4460,month
2022-09-01,"Korea, Republic of",3080,10300,0,13400,month
2022-09-01,Malaysia,0,840,0,840,month
2022-09-01,Mexico,1200,5950,14200,21300,month
2022-09-01,Netherlands,26,225,200,451,month
2022-09-01,Norway,76,592,0,668,month
2022-09-01,Oman,0,15200,0,15200,month
2022-09-01,Other,1,4370,1140,5510,month
2022-09-01,Qatar,692,59,0,751,month
2022-09-01,Romania,0,13,0,13,month
2022-09-01,Russia,320,41,0,361,month
2022-09-01,Saudi Arabia,0,2760,0,2760,month
2022-09-01,South Africa,0,2600,0,2600,month
2022-09-01,Spain,161,722,0,883,month
2022-09-01,Sweden,0,1320,0,1320,month
2022-09-01,Switzerland,0,1410,0,1410,month
2022-09-01,Taiwan,0,497,0,497,month
2022-09-01,Thailand,94,4590,33,4710,month
2022-09-01,Total,317000,128000,50200,495000,month
2022-09-01,Turkey,1260,3260,0,4520,month
2022-09-01,United Arab Emirates,53500,675,0,54200,month
2022-09-01,United Kingdom,11,907,0,918,month
2022-09-01,Vietnam,0,2970,0,2970,month
2022-10-01,Argentina,17200,65,0,17300,month
2022-10-01,Australia,7440,40,0,7480,month
2022-10-01,Austria,0,3560,12,3570,month
2022-10-01,Bahrain,15900,3000,0,18900,month
2022-10-01,Belgium,20,1380,0,1400,month
2022-10-01,Brazil,1400,6540,37,7980,month
2022-10-01,Canada,205000,17400,34400,256000,month
2022-10-01,Chile,0,0,82,82,month
2022-10-01,China,54,18300,0,18400,month
2022-10-01,Colombia,0,291,610,901,month
2022-10-01,Costa Rica,0,0,94,94,month
2022-10-01,France,316,558,16,890,month
2022-10-01,Germany,257,3860,266,4380,month
2022-10-01,Greece,0,3730,52,3780,month
2022-10-01,Guatemala,0,20,393,413,month
2022-10-01,Honduras,0,175,130,305,month
2022-10-01,India,7120,2500,0,9620,month
2022-10-01,Indonesia,0,1700,0,1700,month
2022-10-01,Italy,29,1130,0,1160,month
2022-10-01,Japan,2,2560,0,2560,month
2022-10-01,"Korea, Republic of",373,8310,0,8690,month
2022-10-01,Malaysia,20,1560,0,1580,month
2022-10-01,Mexico,848,6250,15400,22400,month
2022-10-01,Netherlands,53,225,4,282,month
2022-10-01,Norway,1530,997,0,2530,month
2022-10-01,Oman,0,9980,0,9980,month
2022-10-01,Other,164,5300,880,6340,month
2022-10-01,Qatar,14500,24,0,14500,month
2022-10-01,Romania,0,3,0,3,month
2022-10-01,Russia,0,132,0,132,month
2022-10-01,Saudi Arabia,839,2960,0,3800,month
2022-10-01,South Africa,20,3470,0,3490,month
2022-10-01,Spain,177,1060,0,1240,month
2022-10-01,Sweden,0,864,0,864,month
2022-10-01,Switzerland,0,858,0,858,month
2022-10-01,Taiwan,0,338,0,338,month
2022-10-01,Thailand,0,8890,34,8920,month
2022-10-01,Total,322000,125000,52400,499000,month
2022-10-01,Turkey,434,3050,0,3480,month
2022-10-01,United Arab Emirates,48400,116,0,48500,month
2022-10-01,United Kingdom,0,1010,0,1010,month
2022-10-01,Vietnam,16,2300,0,2310,month
2022-11-01,Argentina,9060,16,0,9080,month
2022-11-01,Australia,4950,9,0,4960,month
2022-11-01,Austria,0,2740,9,2750,month
2022-11-01,Bahrain,10500,896,0,11400,month
2022-11-01,Belgium,274,1200,0,1480,month
2022-11-01,Brazil,0,1550,12,1560,month
2022-11-01,Canada,182000,30700,79700,293000,month
2022-11-01,Chile,0,0,97,97,month
2022-11-01,China,106,17000,2,17200,month
2022-11-01,Colombia,0,373,148,521,month
2022-11-01,Costa Rica,0,29,109,138,month
2022-11-01,France,199,344,11,554,month
2022-11-01,Germany,230,3720,290,4240,month
2022-11-01,Greece,0,2710,15,2720,month
2022-11-01,Guatemala,0,21,531,552,month
2022-11-01,Honduras,0,308,15,323,month
2022-11-01,India,16000,1920,0,17900,month
2022-11-01,Indonesia,22,1450,0,1470,month
2022-11-01,Italy,0,1530,0,1530,month
2022-11-01,Japan,0,2750,0,2750,month
2022-11-01,"Korea, Republic of",0,3730,108,3830,month
2022-11-01,Malaysia,0,841,0,841,month
2022-11-01,Mexico,935,5800,13000,19800,month
2022-11-01,Netherlands,99,127,196,422,month
2022-11-01,Norway,464,909,0,1370,month
2022-11-01,Oman,0,10400,0,10400,month
2022-11-01,Other,1610,3620,992,6220,month
2022-11-01,Qatar,7910,0,0,7910,month
2022-11-01,Romania,0,3,0,3,month
2022-11-01,Russia,11500,60,0,11500,month
2022-11-01,Saudi Arabia,20,2870,0,2890,month
2022-11-01,South Africa,40,4640,0,4680,month
2022-11-01,Spain,109,817,0,926,month
2022-11-01,Sweden,1350,1080,0,2440,month
2022-11-01,Switzerland,0,1190,0,1190,month
2022-11-01,Taiwan,0,341,0,341,month
2022-11-01,Thailand,0,3720,34,3760,month
2022-11-01,Total,279000,115000,95300,489000,month
2022-11-01,Turkey,44,3210,0,3250,month
2022-11-01,United Arab Emirates,31800,52,0,31800,month
2022-11-01,United Kingdom,21,563,0,584,month
2022-11-01,Vietnam,0,1440,0,1440,month
2022-12-01,Argentina,20000,17,0,20000,month
2022-12-01,Australia,29700,0,0,29700,month
2022-12-01,Austria,0,2790,8,2800,month
2022-12-01,Bahrain,22400,1760,0,24100,month
2022-12-01,Belgium,19,1320,0,1340,month
2022-12-01,Brazil,396,2170,0,2570,month
2022-12-01,Canada,257000,13000,29600,300000,month
2022-12-01,Chile,0,0,80,80,month
2022-12-01,China,46,23300,2,23400,month
2022-12-01,Colombia,0,247,88,335,month
2022-12-01,Costa Rica,0,20,146,166,month
2022-12-01,France,148,373,12,533,month
2022-12-01,Germany,173,4080,489,4740,month
2022-12-01,Greece,0,1860,30,1890,month
2022-12-01,Guatemala,0,0,385,385,month
2022-12-01,Honduras,0,52,115,167,month
2022-12-01,India,5600,1420,0,7020,month
2022-12-01,Indonesia,0,900,0,900,month
2022-12-01,Italy,0,1280,0,1280,month
2022-12-01,Japan,0,2490,16,2510,month
2022-12-01,"Korea, Republic of",100,4380,0,4480,month
2022-12-01,Malaysia,20,520,0,540,month
2022-12-01,Mexico,809,5270,12000,18100,month
2022-12-01,Netherlands,122,195,54,371,month
2022-12-01,New Zealand,346,0,0,346,month
2022-12-01,Norway,166,1170,0,1340,month
2022-12-01,Oman,0,5980,0,5980,month
2022-12-01,Other,2,3780,908,4690,month
2022-12-01,Qatar,8270,0,0,8270,month
2022-12-01,Romania,0,3,0,3,month
2022-12-01,Russia,7760,46,0,7810,month
2022-12-01,Saudi Arabia,1790,775,0,2560,month
2022-12-01,South Africa,41,3780,0,3820,month
2022-12-01,Spain,639,1070,0,1710,month
2022-12-01,Sweden,0,570,0,570,month
2022-12-01,Switzerland,0,1550,0,1550,month
2022-12-01,Taiwan,31,288,0,319,month
2022-12-01,Thailand,0,4360,21,4380,month
2022-12-01,Total,388000,96400,44000,528000,month
2022-12-01,Turkey,0,2950,0,2950,month
2022-12-01,United Arab Emirates,31600,34,0,31700,month
2022-12-01,United Kingdom,20,677,0,697,month
2022-12-01,Vietnam,14,1940,0,1950,month
2023-01-01,Argentina,0,17,0,17,month
2023-01-01,Australia,7310,1,0,7310,month
2023-01-01,Austria,0,2210,12,2220,month
2023-01-01,Bahrain,4590,640,0,5230,month
2023-01-01,Belgium,152,1460,0,1620,month
2023-01-01,Brazil,0,58,0,58,month
2023-01-01,Canada,230000,18000,31800,280000,month
2023-01-01,Chile,0,0,102,102,month
2023-01-01,China,14,22000,16,22000,month
2023-01-01,Colombia,0,163,76,239,month
2023-01-01,Costa Rica,0,0,177,177,month
2023-01-01,France,326,1010,7,1350,month
2023-01-01,Germany,91,2300,421,2820,month
2023-01-01,Greece,0,2010,0,2010,month
2023-01-01,Guatemala,0,0,278,278,month
2023-01-01,Honduras,0,87,95,182,month
2023-01-01,India,5010,1480,0,6490,month
2023-01-01,Indonesia,0,1050,0,1050,month
2023-01-01,Italy,367,841,0,1210,month
2023-01-01,Japan,0,2370,12,2390,month
2023-01-01,"Korea, Republic of",1820,4390,0,6210,month
2023-01-01,Malaysia,975,555,0,1530,month
2023-01-01,Mexico,993,5240,15600,21800,month
2023-01-01,Netherlands,127,212,71,410,month
2023-01-01,New Zealand,1780,0,0,1780,month
2023-01-01,Norway,484,200,0,684,month
2023-01-01,Oman,0,6780,0,6780,month
2023-01-01,Other,0,2450,1220,3670,month
2023-01-01,Qatar,7860,0,0,7860,month
2023-01-01,Romania,0,4,0,4,month
2023-01-01,Russia,5940,7,0,5950,month
2023-01-01,Saudi Arabia,1250,741,0,1990,month
2023-01-01,South Africa,20,6940,0,6960,month
2023-01-01,Spain,1200,808,0,2010,month
2023-01-01,Sweden,0,877,0,877,month
2023-01-01,Switzerland,0,270,0,270,month
2023-01-01,Taiwan,61,382,0,443,month
2023-01-01,Thailand,35,8220,53,8310,month
2023-01-01,Total,307000,99400,49900,456000,month
2023-01-01,Turkey,0,3540,0,3540,month
2023-01-01,United Arab Emirates,36400,127,0,36500,month
2023-01-01,United Kingdom,41,423,23,487,month
2023-01-01,Vietnam,0,1540,0,1540,month
2023-02-01,Argentina,12900,0,0,12900,month
2023-02-01,Australia,12100,9,0,12200,month
2023-02-01,Austria,0,2190,13,2200,month
2023-02-01,Bahrain,4290,397,0,4690,month
2023-02-01,Belgium,114,1080,0,1190,month
2023-02-01,Brazil,0,1,150,151,month
2023-02-01,Canada,160000,16600,31400,208000,month
2023-02-01,Chile,0,0,162,162,month
2023-02-01,China,103,10800,15,11000,month
2023-02-01,Colombia,0,201,497,698,month
2023-02-01,Costa Rica,0,18,291,309,month
2023-02-01,France,168,215,7,390,month
2023-02-01,Germany,125,2200,425,2750,month
2023-02-01,Greece,0,2620,40,2660,month
2023-02-01,Guatemala,0,0,853,853,month
2023-02-01,Honduras,0,187,260,447,month
2023-02-01,India,3660,1020,0,4680,month
2023-02-01,Indonesia,0,595,0,595,month
2023-02-01,Italy,80,842,0,922,month
2023-02-01,Japan,0,2470,0,2470,month
2023-02-01,"Korea, Republic of",199,2690,0,2890,month
2023-02-01,Malaysia,0,283,0,283,month
2023-02-01,Mexico,792,4210,18100,23100,month
2023-02-01,Netherlands,75,70,146,291,month
2023-02-01,New Zealand,99,0,0,99,month
2023-02-01,Norway,547,294,0,841,month
2023-02-01,Oman,0,5300,0,5300,month
2023-02-01,Other,139,2870,958,3960,month
2023-02-01,Qatar,13900,0,0,13900,month
2023-02-01,Romania,0,4,75,79,month
2023-02-01,Russia,0,1,0,1,month
2023-02-01,Saudi Arabia,86,575,0,661,month
2023-02-01,South Africa,726,5970,0,6700,month
2023-02-01,Spain,415,423,0,838,month
2023-02-01,Sweden,1500,764,0,2260,month
2023-02-01,Switzerland,0,647,0,647,month
2023-02-01,Taiwan,131,403,0,534,month
2023-02-01,Thailand,0,2540,33,2580,month
2023-02-01,Total,238000,72900,53400,365000,month
2023-02-01,Turkey,355,2150,0,2500,month
2023-02-01,United Arab Emirates,25500,135,0,25700,month
2023-02-01,United Kingdom,28,188,0,216,month
2023-02-01,Vietnam,0,1910,0,1910,month
2023-03-01,Argentina,29500,0,0,29500,month
2023-03-01,Australia,13900,1,0,13900,month
2023-03-01,Austria,0,3100,9,3110,month
2023-03-01,Bahrain,6530,786,0,7320,month
2023-03-01,Belgium,142,1200,0,1340,month
2023-03-01,Brazil,0,2,513,515,month
2023-03-01,Canada,216000,19000,34700,270000,month
2023-03-01,Chile,0,0,379,379,month
2023-03-01,China,65,12000,15,12100,month
2023-03-01,Colombia,0,194,1080,1280,month
2023-03-01,Costa Rica,0,40,217,257,month
2023-03-01,France,531,400,16,947,month
2023-03-01,Germany,246,1630,537,2410,month
2023-03-01,Greece,0,2980,0,2980,month
2023-03-01,Guatemala,0,0,704,704,month
2023-03-01,Honduras,0,167,279,446,month
2023-03-01,India,2690,1680,0,4370,month
2023-03-01,Indonesia,0,862,0,862,month
2023-03-01,Italy,198,1230,0,1430,month
2023-03-01,Japan,0,4510,16,4530,month
2023-03-01,"Korea, Republic of",242,5730,0,5970,month
2023-03-01,Malaysia,99,429,0,527,month
2023-03-01,Mexico,1350,5130,17500,23900,month
2023-03-01,Netherlands,70,149,193,413,month
2023-03-01,New Zealand,2000,1,0,2000,month
2023-03-01,Norway,438,386,0,824,month
2023-03-01,Oman,0,8310,0,8310,month
2023-03-01,Other,51,3390,1360,4800,month
2023-03-01,Qatar,6370,0,0,6370,month
2023-03-01,Romania,0,2,36,38,month
2023-03-01,Russia,2020,11,0,2030,month
2023-03-01,Saudi Arabia,748,450,0,1200,month
2023-03-01,South Africa,50,2570,0,2620,month
2023-03-01,Spain,419,909,0,1330,month
2023-03-01,Sweden,1000,1370,0,2370,month
2023-03-01,Switzerland,0,1400,0,1400,month
2023-03-01,Taiwan,158,471,0,630,month
2023-03-01,Thailand,35,1280,24,1340,month
2023-03-01,Total,316000,89200,58300,463000,month
2023-03-01,Turkey,417,5420,790,6630,month
2023-03-01,United Arab Emirates,30400,209,0,30600,month
2023-03-01,United Kingdom,5,366,20,391,month
2023-03-01,Vietnam,0,1400,0,1400,month
2023-04-01,Argentina,3560,0,0,3560,month
2023-04-01,Australia,32300,35,0,32400,month
2023-04-01,Austria,0,2860,12,2880,month
2023-04-01,Bahrain,5720,1690,0,7400,month
2023-04-01,Belgium,60,1660,0,1720,month
2023-04-01,Brazil,0,431,993,1420,month
2023-04-01,Canada,237000,15800,32900,286000,month
2023-04-01,Chile,0,0,165,165,month
2023-04-01,China,69,14700,13,14800,month
2023-04-01,Colombia,0,285,1600,1890,month
2023-04-01,Costa Rica,0,29,128,157,month
2023-04-01,France,312,942,16,1270,month
2023-04-01,Germany,133,1420,548,2100,month
2023-04-01,Greece,0,1140,15,1150,month
2023-04-01,Guatemala,0,0,1710,1710,month
2023-04-01,Honduras,0,55,334,390,month
2023-04-01,India,7510,1230,0,8730,month
2023-04-01,Indonesia,0,973,0,973,month
2023-04-01,Italy,401,1110,0,1510,month
2023-04-01,Japan,0,4330,0,4330,month
2023-04-01,"Korea, Republic of",4100,10800,432,15400,month
2023-04-01,Malaysia,0,351,0,351,month
2023-04-01,Mexico,1650,5400,15900,23000,month
2023-04-01,Netherlands,112,151,23,286,month
2023-04-01,New Zealand,1600,0,0,1600,month
2023-04-01,Norway,512,294,0,806,month
2023-04-01,Oman,0,6560,0,6560,month
2023-04-01,Other,0,3150,1600,4750,month
2023-04-01,Qatar,9280,0,0,9280,month
2023-04-01,Romania,0,3,0,3,month
2023-04-01,Russia,0,6,0,6,month
2023-04-01,Saudi Arabia,0,1220,0,1220,month
2023-04-01,South Africa,30,1940,258,2230,month
2023-04-01,Spain,102,697,144,943,month
2023-04-01,Sweden,0,776,0,776,month
2023-04-01,Switzerland,0,1080,0,1080,month
2023-04-01,Taiwan,175,327,0,503,month
2023-04-01,Thailand,156,1950,19,2130,month
2023-04-01,Total,375000,90400,57100,522000,month
2023-04-01,Turkey,96,4770,41,4910,month
2023-04-01,United Arab Emirates,69800,103,0,69900,month
2023-04-01,United Kingdom,20,524,236,780,month
2023-04-01,Vietnam,0,1560,0,1560,month
2023-05-01,Argentina,18300,4,0,18300,month
2023-05-01,Australia,59100,38,0,59200,month
2023-05-01,Austria,0,2930,8,2940,month
2023-05-01,Bahrain,7740,1350,0,9080,month
2023-05-01,Belgium,187,1080,0,1270,month
2023-05-01,Brazil,0,1470,1200,2670,month
2023-05-01,Canada,212000,19200,35200,266000,month
2023-05-01,Chile,0,0,149,149,month
2023-05-01,China,49,6860,59,6970,month
2023-05-01,Colombia,0,180,726,906,month
2023-05-01,Costa Rica,0,45,149,194,month
2023-05-01,France,1080,743,13,1830,month
2023-05-01,Germany,147,1830,791,2770,month
2023-05-01,Greece,0,976,14,990,month
2023-05-01,Guatemala,0,0,852,852,month
2023-05-01,Honduras,0,278,260,538,month
2023-05-01,India,4770,913,0,5680,month
2023-05-01,Indonesia,99,920,0,1020,month
2023-05-01,Italy,163,1140,0,1300,month
2023-05-01,Japan,0,4020,47,4070,month
2023-05-01,"Korea, Republic of",1120,10600,309,12000,month
2023-05-01,Malaysia,0,477,0,477,month
2023-05-01,Mexico,1780,5210,22600,29600,month
2023-05-01,Netherlands,147,225,0,373,month
2023-05-01,New Zealand,1790,0,0,1790,month
2023-05-01,Norway,374,284,0,658,month
2023-05-01,Oman,100,5540,0,5640,month
2023-05-01,Other,4,3590,2000,5590,month
2023-05-01,Qatar,8380,0,0,8380,month
2023-05-01,Romania,0,11,0,11,month
2023-05-01,Russia,0,0,0,0,month
2023-05-01,Saudi Arabia,0,1050,0,1050,month
2023-05-01,South Africa,0,5620,2570,8190,month
2023-05-01,Spain,177,956,404,1540,month
2023-05-01,Sweden,0,1310,0,1310,month
2023-05-01,Switzerland,0,882,0,882,month
2023-05-01,Taiwan,13,329,0,342,month
2023-05-01,Thailand,52,2090,14,2160,month
2023-05-01,Total,407000,85900,67600,560000,month
2023-05-01,Turkey,215,1560,20,1800,month
2023-05-01,United Arab Emirates,89100,157,200,89400,month
2023-05-01,United Kingdom,3,605,23,632,month
2023-05-01,Vietnam,0,1530,0,1530,month
2023-06-01,Argentina,19500,51,0,19482,ytd_diff
2023-06-01,Australia,24600,1,0,24600,ytd_diff
2023-06-01,Austria,0,2650,12,2730,ytd_diff
2023-06-01,Bahrain,12230,1560,0,13900,ytd_diff
2023-06-01,Belgium,70,2043,0,2130,ytd_diff
2023-06-01,Brazil,0,1970,734,2720,ytd_diff
2023-06-01,Canada,213000,18000,34800,277000,ytd_diff
2023-06-01,Chile,0,0,61,61,ytd_diff
2023-06-01,China,128,10500,15,10700,ytd_diff
2023-06-01,Colombia,0,211,376,588,ytd_diff
2023-06-01,Costa Rica,0,32,242,284,ytd_diff
2023-06-01,France,918,563,12,1490,ytd_diff
2023-06-01,Germany,165,2770,756,3800,ytd_diff
2023-06-01,Greece,0,1490,1,1520,ytd_diff
2023-06-01,Guatemala,0,0,873,873,ytd_diff
2023-06-01,Honduras,0,284,19,307,ytd_diff
2023-06-01,India,2460,1430,10,3790,ytd_diff
2023-06-01,Indonesia,0,811,0,812,ytd_diff
2023-06-01,Italy,4,1170,0,1180,ytd_diff
2023-06-01,Japan,1,1543,0,1522,ytd_diff
2023-06-01,"Korea, Republic of",1560,9520,0,11050,ytd_diff
2023-06-01,Malaysia,7,336,76,405,ytd_diff
2023-06-01,Mexico,1250,5140,25600,32800,ytd_diff
2023-06-01,Netherlands,157,120,0,281,ytd_diff
2023-06-01,New Zealand,750,0,0,750,ytd_diff
2023-06-01,Norway,368,309,0,687,ytd_diff
2023-06-01,Oman,225,5990,0,6290,ytd_diff
2023-06-01,Other,40,3180,1720,4930,ytd_diff
2023-06-01,Qatar,1270,54,0,1320,ytd_diff
2023-06-01,Romania,0,65,0,65,ytd_diff
2023-06-01,Russia,0,0,0,9,ytd_diff
2023-06-01,Saudi Arabia,0,1157,0,1147,ytd_diff
2023-06-01,South Africa,20,2980,1690,4670,ytd_diff
2023-06-01,Spain,134,1020,0,1160,ytd_diff
2023-06-01,Sweden,0,610,0,610,ytd_diff
2023-06-01,Switzerland,19,531,0,551,ytd_diff
2023-06-01,Taiwan,27,294,0,329,ytd_diff
2023-06-01,Thailand,122,2360,17,2490,ytd_diff
2023-06-01,Total,349000,87100,67700,498000,ytd_diff
2023-06-01,Turkey,84,2410,0,2430,ytd_diff
2023-06-01,United Arab Emirates,56600,247,427,57400,ytd_diff
2023-06-01,United Kingdom,21,692,0,708,ytd_diff
2023-06-01,Vietnam,0,2350,0,2350,ytd_diff
2023-07-01,Argentina,0,18,0,18,month
2023-07-01,Australia,19400,1,0,19400,month
2023-07-01,Austria,0,2450,13,2470,month
2023-07-01,Bahrain,9370,1840,0,11200,month
2023-07-01,Belgium,295,747,0,1040,month
2023-07-01,Brazil,0,4250,116,4370,month
2023-07-01,Canada,257000,17400,38200,313000,month
2023-07-01,Chile,0,0,22,22,month
2023-07-01,China,82,7300,15,7400,month
2023-07-01,Colombia,0,239,444,682,month
2023-07-01,Costa Rica,0,0,66,66,month
2023-07-01,France,762,407,13,1180,month
2023-07-01,Germany,76,3350,674,4100,month
2023-07-01,Greece,0,2570,0,2580,month
2023-07-01,Guatemala,0,0,587,587,month
2023-07-01,Honduras,0,252,21,273,month
2023-07-01,India,2440,1070,0,3510,month
2023-07-01,Indonesia,19,589,0,608,month
2023-07-01,Italy,726,1160,0,1880,month
2023-07-01,Japan,21,957,0,978,month
2023-07-01,"Korea, Republic of",2370,4280,0,6650,month
2023-07-01,Malaysia,13,404,19,435,month
2023-07-01,Mexico,1370,5160,19700,26200,month
2023-07-01,Netherlands,149,112,38,299,month
2023-07-01,New Zealand,360,0,0,360,month
2023-07-01,Norway,312,481,0,793,month
2023-07-01,Oman,0,4510,0,4510,month
2023-07-01,Other,19,3820,1340,5170,month
2023-07-01,Qatar,8330,51,0,8380,month
2023-07-01,Romania,0,22,0,22,month
2023-07-01,Russia,0,1,0,1,month
2023-07-01,Saudi Arabia,0,643,0,643,month
2023-07-01,South Africa,0,2820,1010,3830,month
2023-07-01,Spain,676,1150,72,1890,month
2023-07-01,Sweden,0,1170,0,1170,month
2023-07-01,Switzerland,0,549,0,549,month
2023-07-01,Taiwan,305,266,0,571,month
2023-07-01,Thailand,52,2840,17,2910,month
2023-07-01,Total,331000,78900,62300,472000,month
2023-07-01,Turkey,86,3190,0,3270,month
2023-07-01,United Arab Emirates,26400,172,0,26600,month
2023-07-01,United Kingdom,3,878,0,882,month
2023-07-01,Vietnam,0,1810,0,1810,month
2023-08-01,Argentina,9870,0,0,9870,month
2023-08-01,Australia,13200,16,0,13200,month
2023-08-01,Austria,0,2300,5,2310,month
2023-08-01,Bahrain,8410,2650,0,11100,month
2023-08-01,Belgium,20,1590,0,1610,month
2023-08-01,Brazil,0,1960,369,2330,month
2023-08-01,Canada,221000,19500,35900,276000,month
2023-08-01,Chile,0,0,20,20,month
2023-08-01,China,31,8510,21,8560,month
2023-08-01,Colombia,0,240,602,842,month
2023-08-01,Costa Rica,0,50,128,178,month
2023-08-01,France,772,465,11,1250,month
2023-08-01,Germany,144,2550,557,3250,month
2023-08-01,Greece,0,4310,14,4330,month
2023-08-01,Guatemala,0,0,673,673,month
2023-08-01,Honduras,0,335,49,385,month
2023-08-01,India,1080,1130,0,2210,month
2023-08-01,Indonesia,0,622,0,622,month
2023-08-01,Italy,197,1020,0,1220,month
2023-08-01,Japan,0,722,6,728,month
2023-08-01,"Korea, Republic of",1280,10200,0,11500,month
2023-08-01,Malaysia,0,522,0,522,month
2023-08-01,Mexico,1370,4670,21400,27500,month
2023-08-01,Netherlands,57,132,24,213,month
2023-08-01,New Zealand,699,0,0,699,month
2023-08-01,Norway,389,888,0,1280,month
2023-08-01,Oman,0,3130,0,3130,month
2023-08-01,Other,19,4170,1300,5490,month
2023-08-01,Qatar,807,0,0,807,month
2023-08-01,Romania,0,57,0,57,month
2023-08-01,Russia,0,0,0,0,month
2023-08-01,Saudi Arabia,0,1030,0,1030,month
2023-08-01,South Africa,0,3550,1000,4550,month
2023-08-01,Spain,288,616,0,904,month
2023-08-01,Sweden,0,1220,0,1220,month
2023-08-01,Switzerland,0,608,0,608,month
2023-08-01,Taiwan,115,245,0,361,month
2023-08-01,Thailand,139,3290,11,3440,month
2023-08-01,Total,283000,87200,62100,432000,month
2023-08-01,Turkey,144,1770,0,1920,month
2023-08-01,United Arab Emirates,23100,146,0,23200,month
2023-08-01,United Kingdom,20,660,24,704,month
2023-08-01,Vietnam,0,2330,0,2330,month
2023-09-01,Argentina,34900,0,0,34900,month
2023-09-01,Australia,8260,0,0,8260,month
2023-09-01,Austria,0,2080,13,2090,month
2023-09-01,Bahrain,9670,2190,0,11900,month
2023-09-01,Belgium,7,1780,0,1780,month
2023-09-01,Brazil,0,1960,292,2250,month
2023-09-01,Canada,210000,16000,33000,259000,month
2023-09-01,Chile,0,0,21,21,month
2023-09-01,China,27,6290,57,6380,month
2023-09-01,Colombia,0,291,450,741,month
2023-09-01,Costa Rica,0,34,172,206,month
2023-09-01,France,471,260,10,742,month
2023-09-01,Germany,20,1810,544,2370,month
2023-09-01,Greece,0,2890,22,2910,month
2023-09-01,Guatemala,0,0,1240,1240,month
2023-09-01,Honduras,0,144,11,155,month
2023-09-01,India,3300,948,0,4250,month
2023-09-01,Indonesia,0,651,0,651,month
2023-09-01,Italy,0,543,1,544,month
2023-09-01,Japan,0,995,26,1020,month
2023-09-01,"Korea, Republic of",1420,7850,0,9270,month
2023-09-01,Malaysia,0,758,0,758,month
2023-09-01,Mexico,905,4240,14500,19600,month
2023-09-01,Netherlands,55,99,0,155,month
2023-09-01,New Zealand,831,0,0,831,month
2023-09-01,Norway,466,393,0,859,month
2023-09-01,Oman,0,5780,0,5780,month
2023-09-01,Other,0,3530,1250,4780,month
2023-09-01,Qatar,7480,0,0,7480,month
2023-09-01,Romania,0,65,0,65,month
2023-09-01,Russia,0,0,0,0,month
2023-09-01,Saudi Arabia,0,1230,0,1230,month
2023-09-01,South Africa,42,743,0,784,month
2023-09-01,Spain,250,606,0,856,month
2023-09-01,Sweden,0,970,0,970,month
2023-09-01,Switzerland,0,595,0,595,month
2023-09-01,Taiwan,84,330,0,414,month
2023-09-01,Thailand,122,2100,9,2230,month
2023-09-01,Total,309000,73900,51600,435000,month
2023-09-01,Turkey,155,2900,0,3050,month
2023-09-01,United Arab Emirates,31000,129,0,31200,month
2023-09-01,United Kingdom,0,651,71,722,month
2023-09-01,Vietnam,0,2080,0,2080,month
2023-10-01,Argentina,18,0,0,18,month
2023-10-01,Australia,8000,40,0,8040,month
2023-10-01,Austria,0,1870,6,1880,month
2023-10-01,Bahrain,10800,2260,0,13100,month
2023-10-01,Belgium,59,1040,0,1100,month
2023-10-01,Brazil,0,3270,144,3410,month
2023-10-01,Canada,233000,15500,34700,284000,month
2023-10-01,Chile,0,0,60,60,month
2023-10-01,China,93,5430,58,5580,month
2023-10-01,Colombia,0,272,354,626,month
2023-10-01,Costa Rica,0,48,140,188,month
2023-10-01,France,738,236,11,986,month
2023-10-01,Germany,90,1690,370,2150,month
2023-10-01,Greece,0,3090,0,3090,month
2023-10-01,Guatemala,0,0,518,518,month
2023-10-01,Honduras,0,181,46,227,month
2023-10-01,India,1860,819,6,2690,month
2023-10-01,Indonesia,0,897,0,897,month
2023-10-01,Italy,0,687,2,689,month
2023-10-01,Japan,0,735,0,735,month
2023-10-01,"Korea, Republic of",2590,9830,0,12400,month
2023-10-01,Malaysia,0,724,0,724,month
2023-10-01,Mexico,1060,5110,18600,24700,month
2023-10-01,Netherlands,32,125,8,165,month
2023-10-01,New Zealand,99,0,0,99,month
2023-10-01,Norway,541,1000,0,1540,month
2023-10-01,Oman,0,4570,0,4570,month
2023-10-01,Other,0,3710,1190,4900,month
2023-10-01,Qatar,7980,18,0,8000,month
2023-10-01,Romania,0,14,0,14,month
2023-10-01,Russia,0,0,0,0,month
2023-10-01,Saudi Arabia,0,891,0,891,month
2023-10-01,South Africa,15,973,0,988,month
2023-10-01,Spain,106,806,0,912,month
2023-10-01,Sweden,0,1090,0,1090,month
2023-10-01,Switzerland,37,400,0,437,month
2023-10-01,Taiwan,121,357,0,478,month
2023-10-01,Thailand,87,2620,13,2720,month
2023-10-01,Total,313000,77600,56500,447000,month
2023-10-01,Turkey,276,3400,0,3670,month
2023-10-01,United Arab Emirates,45300,327,0,45600,month
2023-10-01,United Kingdom,24,936,272,1230,month
2023-10-01,Vietnam,0,2610,0,2610,month
2023-11-01,Argentina,0,3,0,3,month
2023-11-01,Australia,4870,4,0,4880,month
2023-11-01,Austria,0,2020,5,2030,month
2023-11-01,Bahrain,10600,2550,0,13200,month
2023-11-01,Belgium,20,964,0,983,month
2023-11-01,Brazil,0,2080,229,2310,month
2023-11-01,Canada,209000,11800,30200,252000,month
2023-11-01,Chile,0,0,0,0,month
2023-11-01,China,50,6280,37,6370,month
2023-11-01,Colombia,0,314,519,833,month
2023-11-01,Costa Rica,0,27,56,82,month
2023-11-01,France,668,226,15,909,month
2023-11-01,Germany,125,1870,853,2840,month
2023-11-01,Greece,0,2940,14,2960,month
2023-11-01,Guatemala,0,15,870,885,month
2023-11-01,Honduras,0,250,51,301,month
2023-11-01,India,6570,1510,0,8070,month
2023-11-01,Indonesia,0,674,0,674,month
2023-11-01,Italy,36,1290,4,1330,month
2023-11-01,Japan,0,831,21,851,month
2023-11-01,"Korea, Republic of",547,11700,0,12200,month
2023-11-01,Malaysia,0,1230,0,1230,month
2023-11-01,Mexico,1170,4310,14900,20400,month
2023-11-01,Netherlands,39,67,0,106,month
2023-11-01,New Zealand,1330,0,0,1330,month
2023-11-01,Norway,298,752,0,1050,month
2023-11-01,Oman,0,3090,0,3090,month
2023-11-01,Other,3,4360,1020,5380,month
2023-11-01,Qatar,5760,0,0,5760,month
2023-11-01,Romania,0,9,0,9,month
2023-11-01,Russia,0,0,0,0,month
2023-11-01,Saudi Arabia,0,876,0,876,month
2023-11-01,South Africa,14,1360,0,1370,month
2023-11-01,Spain,129,993,0,1120,month
2023-11-01,Sweden,0,1080,0,1080,month
2023-11-01,Switzerland,0,780,0,780,month
2023-11-01,Taiwan,94,254,0,348,month
2023-11-01,Thailand,70,1150,8,1230,month
2023-11-01,Total,277000,74000,49000,400000,month
2023-11-01,Turkey,178,2900,0,3080,month
2023-11-01,United Arab Emirates,35400,136,0,35500,month
2023-11-01,United Kingdom,0,880,162,1040,month
2023-11-01,Vietnam,0,2350,0,2350,month
2023-12-01,Argentina,25000,0,0,25000,month
2023-12-01,Australia,6420,0,0,6420,month
2023-12-01,Austria,0,1510,6,1520,month
2023-12-01,Bahrain,3080,3960,0,7050,month
2023-12-01,Belgium,39,721,0,760,month
2023-12-01,Brazil,0,1960,0,1960,month
2023-12-01,Canada,236000,15300,24900,276000,month
2023-12-01,Chile,0,0,0,0,month
2023-12-01,China,58,12400,17,12400,month
2023-12-01,Colombia,0,486,199,685,month
2023-12-01,Costa Rica,0,70,118,189,month
2023-12-01,France,629,386,9,1020,month
2023-12-01,Germany,0,1720,569,2290,month
2023-12-01,Greece,0,1820,0,1820,month
2023-12-01,Guatemala,0,0,709,709,month
2023-12-01,Honduras,0,641,10,651,month
2023-12-01,India,6060,2260,0,8320,month
2023-12-01,Indonesia,0,1370,0,1370,month
2023-12-01,Italy,246,1330,7,1580,month
2023-12-01,Japan,0,1090,0,1090,month
2023-12-01,"Korea, Republic of",862,8790,0,9660,month
2023-12-01,Malaysia,0,1160,0,1160,month
2023-12-01,Mexico,1040,4760,13700,19500,month
2023-12-01,Netherlands,74,25,85,184,month
2023-12-01,New Zealand,1060,0,0,1060,month
2023-12-01,Norway,456,951,0,1410,month
2023-12-01,Oman,0,3950,0,3950,month
2023-12-01,Other,45,5440,1170,6660,month
2023-12-01,Qatar,6890,18,0,6910,month
2023-12-01,Romania,0,0,0,0,month
2023-12-01,Russia,0,12,0,12,month
2023-12-01,Saudi Arabia,0,1030,0,1030,month
2023-12-01,South Africa,0,600,0,600,month
2023-12-01,Spain,25,996,0,1020,month
2023-12-01,Sweden,0,936,0,936,month
2023-12-01,Switzerland,0,963,0,963,month
2023-12-01,Taiwan,67,408,0,476,month
2023-12-01,Thailand,87,1310,5,1410,month
2023-12-01,Total,311000,85900,41800,439000,month
2023-12-01,Turkey,183,2500,0,2680,month
2023-12-01,United Arab Emirates,22700,483,0,23100,month
2023-12-01,United Kingdom,24,511,305,840,month
2023-12-01,Vietnam,0,4100,0,4100,month
2024-01-01,Argentina,10200,0,0,10200,month
2024-01-01,Australia,5900,4,0,5900,month
2024-01-01,Austria,3,1570,3,1580,month
2024-01-01,Bahrain,5170,3950,0,9130,month
2024-01-01,Belgium,1,1410,0,1410,month
2024-01-01,Brazil,0,818,0,818,month
2024-01-01,Canada,233000,21300,31600,286000,month
2024-01-01,Chile,0,0,20,20,month
2024-01-01,China,60,15800,15,15900,month
2024-01-01,Colombia,0,317,563,880,month
2024-01-01,Costa Rica,0,52,122,173,month
2024-01-01,France,965,354,5,1320,month
2024-01-01,Germany,82,1830,624,2540,month
2024-01-01,Greece,0,5400,0,5400,month
2024-01-01,Guatemala,0,18,750,768,month
2024-01-01,Honduras,0,694,123,817,month
2024-01-01,India,8260,2320,0,10600,month
2024-01-01,Indonesia,0,1400,0,1400,month
2024-01-01,Italy,1100,1450,0,2550,month
2024-01-01,Japan,0,1970,7,1980,month
2024-01-01,"Korea, Republic of",359,9940,0,10300,month
2024-01-01,Malaysia,0,982,0,982,month
2024-01-01,Mexico,665,4670,17100,22400,month
2024-01-01,Netherlands,125,33,0,158,month
2024-01-01,New Zealand,1030,0,0,1030,month
2024-01-01,Norway,386,227,0,613,month
2024-01-01,Oman,0,2920,0,2920,month
2024-01-01,Other,2,5520,1270,6790,month
2024-01-01,Qatar,4020,0,0,4020,month
2024-01-01,Romania,0,10,0,10,month
2024-01-01,Russia,0,0,0,0,month
2024-01-01,Saudi Arabia,0,560,0,560,month
2024-01-01,South Africa,0,673,101,774,month
2024-01-01,Spain,212,758,0,970,month
2024-01-01,Sweden,0,711,0,711,month
2024-01-01,Switzerland,0,169,0,169,month
2024-01-01,Taiwan,84,209,0,293,month
2024-01-01,Thailand,70,1390,3,1460,month
2024-01-01,Total,297000,98400,52400,448000,month
2024-01-01,Turkey,80,2820,0,2900,month
2024-01-01,United Arab Emirates,26000,180,0,26100,month
2024-01-01,United Kingdom,0,1120,115,1240,month
2024-01-01,Vietnam,0,4790,0,4790,month
2024-02-01,Argentina,20600,0,0,20600,month
2024-02-01,Australia,6150,25,0,6180,month
2024-02-01,Austria,0,1880,5,1890,month
2024-02-01,Bahrain,3380,2900,0,6280,month
2024-02-01,Belgium,20,2060,0,2080,month
2024-02-01,Brazil,5,3230,174,3410,month
2024-02-01,Canada,269000,16500,30100,316000,month
2024-02-01,Chile,0,19,337,356,month
2024-02-01,China,64,14700,18,14800,month
2024-02-01,Colombia,0,390,144,535,month
2024-02-01,Costa Rica,0,31,92,123,month
2024-02-01,France,1090,354,13,1460,month
2024-02-01,Germany,16,1140,552,1710,month
2024-02-01,Greece,0,3560,30,3590,month
2024-02-01,Guatemala,0,0,1140,1140,month
2024-02-01,Honduras,0,576,172,748,month
2024-02-01,India,4070,3070,0,7150,month
2024-02-01,Indonesia,25,2020,0,2040,month
2024-02-01,Italy,0,1070,0,1070,month
2024-02-01,Japan,0,1240,0,1240,month
2024-02-01,"Korea, Republic of",1020,12700,0,13700,month
2024-02-01,Malaysia,0,1120,0,1120,month
2024-02-01,Mexico,523,4440,15800,20800,month
2024-02-01,Netherlands,38,78,0,116,month
2024-02-01,New Zealand,542,0,0,542,month
2024-02-01,Norway,382,783,0,1170,month
2024-02-01,Oman,0,3480,0,3480,month
2024-02-01,Other,30,5560,2030,7620,month
2024-02-01,Qatar,9090,0,0,9090,month
2024-02-01,Romania,0,19,20,39,month
2024-02-01,Russia,0,7,0,7,month
2024-02-01,Saudi Arabia,0,467,0,467,month
2024-02-01,South Africa,20,252,0,272,month
2024-02-01,Spain,64,1250,0,1320,month
2024-02-01,Sweden,0,687,0,687,month
2024-02-01,Switzerland,0,450,0,450,month
2024-02-01,Taiwan,35,304,0,339,month
2024-02-01,Thailand,87,1560,4,1650,month
2024-02-01,Total,344000,97700,50800,492000,month
2024-02-01,Turkey,20,3480,0,3500,month
2024-02-01,United Arab Emirates,27300,95,0,27400,month
2024-02-01,United Kingdom,7,938,123,1070,month
2024-02-01,Vietnam,0,5350,0,5350,month
2024-03-01,Argentina,10300,0,0,10300,month
2024-03-01,Australia,7910,7,0,7920,month
2024-03-01,Austria,1,1920,8,1930,month
2024-03-01,Bahrain,5940,4070,0,10000,month
2024-03-01,Belgium,43,2370,0,2410,month
2024-03-01,Brazil,0,2210,643,2850,month
2024-03-01,Canada,219000,20000,33000,272000,month
2024-03-01,Chile,0,0,164,164,month
2024-03-01,China,50,11500,9,11500,month
2024-03-01,Colombia,0,602,258,860,month
2024-03-01,Costa Rica,0,65,87,153,month
2024-03-01,France,596,413,8,1020,month
2024-03-01,Germany,8,1690,471,2170,month
2024-03-01,Greece,0,2950,2,2950,month
2024-03-01,Guatemala,0,0,901,901,month
2024-03-01,Honduras,0,654,123,777,month
2024-03-01,India,3680,2630,0,6310,month
2024-03-01,Indonesia,167,1160,0,1330,month
2024-03-01,Italy,35,1260,4,1300,month
2024-03-01,Japan,0,1490,7,1500,month
2024-03-01,"Korea, Republic of",798,5720,0,6520,month
2024-03-01,Malaysia,0,1100,1,1100,month
2024-03-01,Mexico,520,4730,15400,20700,month
2024-03-01,Netherlands,161,48,0,209,month
2024-03-01,New Zealand,562,0,0,562,month
2024-03-01,Norway,339,754,0,1090,month
2024-03-01,Oman,0,4820,0,4820,month
2024-03-01,Other,24,7160,1820,9000,month
2024-03-01,Qatar,3050,0,0,3050,month
2024-03-01,Romania,0,47,0,47,month
2024-03-01,Russia,0,19,0,19,month
2024-03-01,Saudi Arabia,0,1120,0,1120,month
2024-03-01,South Africa,101,538,0,639,month
2024-03-01,Spain,145,539,0,683,month
2024-03-01,Sweden,0,790,0,790,month
2024-03-01,Switzerland,0,466,0,466,month
2024-03-01,Taiwan,0,345,0,345,month
2024-03-01,Thailand,226,1810,2,2030,month
2024-03-01,Total,270000,95700,53000,418000,month
2024-03-01,Turkey,91,3280,0,3380,month
2024-03-01,United Arab Emirates,15900,248,0,16100,month
2024-03-01,United Kingdom,20,1200,51,1270,month
2024-03-01,Vietnam,0,5950,0,5950,month
2024-04-01,Argentina,7640,0,0,7640,month
2024-04-01,Australia,8730,19,0,8740,month
2024-04-01,Austria,0,2150,6,2160,month
2024-04-01,Bahrain,14800,4650,0,19400,month
2024-04-01,Belgium,0,2120,0,2120,month
2024-04-01,Brazil,0,7060,49,7110,month
2024-04-01,Canada,243000,20900,34800,299000,month
2024-04-01,Chile,0,0,525,525,month
2024-04-01,China,34,15100,1,15100,month
2024-04-01,Colombia,0,493,658,1150,month
2024-04-01,Costa Rica,0,4,87,91,month
2024-04-01,France,382,909,13,1300,month
2024-04-01,Germany,229,1450,496,2180,month
2024-04-01,Greece,0,3140,28,3170,month
2024-04-01,Guatemala,0,0,1070,1070,month
2024-04-01,Honduras,0,803,41,843,month
2024-04-01,India,5330,3290,0,8620,month
2024-04-01,Indonesia,187,1350,0,1540,month
2024-04-01,Italy,0,925,2,927,month
2024-04-01,Japan,0,2010,0,2010,month
2024-04-01,"Korea, Republic of",553,11900,27,12500,month
2024-04-01,Malaysia,0,1150,0,1150,month
2024-04-01,Mexico,343,4820,16200,21400,month
2024-04-01,Netherlands,148,93,0,241,month
2024-04-01,New Zealand,1090,1,0,1090,month
2024-04-01,Norway,415,895,0,1310,month
2024-04-01,Oman,0,4180,0,4180,month
2024-04-01,Other,24,6140,1880,8050,month
2024-04-01,Qatar,3640,4,0,3640,month
2024-04-01,Romania,0,50,0,50,month
2024-04-01,Russia,0,0,0,0,month
2024-04-01,Saudi Arabia,0,686,0,686,month
2024-04-01,South Africa,0,2070,0,2070,month
2024-04-01,Spain,60,1110,0,1170,month
2024-04-01,Sweden,0,1120,0,1120,month
2024-04-01,Switzerland,0,825,0,825,month
2024-04-01,Taiwan,1,318,0,320,month
2024-04-01,Thailand,261,1320,0,1580,month
2024-04-01,Total,330000,113000,55900,500000,month
2024-04-01,Turkey,0,3050,0,3050,month
2024-04-01,United Arab Emirates,43100,253,0,43400,month
2024-04-01,United Kingdom,0,886,37,923,month
2024-04-01,Vietnam,0,5980,0,5980,month
2024-05-01,Argentina,7740,17,0,7760,month
2024-05-01,Australia,3880,17,0,3900,month
2024-05-01,Austria,0,2180,6,2180,month
2024-05-01,Bahrain,8590,4530,0,13100,month
2024-05-01,Belgium,0,1700,0,1700,month
2024-05-01,Brazil,0,3280,787,4060,month
2024-05-01,Canada,202000,19200,34200,256000,month
2024-05-01,Chile,0,0,198,198,month
2024-05-01,China,40,19900,40,19900,month
2024-05-01,Colombia,0,639,961,1600,month
2024-05-01,Costa Rica,0,105,136,241,month
2024-05-01,France,867,1010,14,1890,month
2024-05-01,Germany,52,1300,639,1990,month
2024-05-01,Greece,0,3740,0,3740,month
2024-05-01,Guatemala,0,0,1130,1130,month
2024-05-01,Honduras,0,872,43,915,month
2024-05-01,India,6590,2070,0,8660,month
2024-05-01,Indonesia,38,1180,0,1220,month
2024-05-01,Italy,170,1220,14,1400,month
2024-05-01,Japan,4,1050,14,1070,month
2024-05-01,"Korea, Republic of",641,19200,0,19900,month
2024-05-01,Malaysia,0,1330,0,1330,month
2024-05-01,Mexico,151,5230,17500,22900,month
2024-05-01,Netherlands,94,100,14,208,month
2024-05-01,New Zealand,50,1,0,51,month
2024-05-01,Norway,363,1260,0,1620,month
2024-05-01,Oman,0,6780,0,6780,month
2024-05-01,Other,0,9770,1630,11400,month
2024-05-01,Qatar,1710,0,0,1710,month
2024-05-01,Romania,0,16,0,16,month
2024-05-01,Russia,0,0,0,0,month
2024-05-01,Saudi Arabia,0,991,0,991,month
2024-05-01,South Africa,0,1160,0,1160,month
2024-05-01,Spain,272,1630,0,1900,month
2024-05-01,Sweden,0,957,0,957,month
2024-05-01,Switzerland,0,597,0,597,month
2024-05-01,Taiwan,30,352,18,400,month
2024-05-01,Thailand,175,1320,2,1490,month
2024-05-01,Total,270000,120000,57400,448000,month
2024-05-01,Turkey,0,2460,0,2460,month
2024-05-01,United Arab Emirates,36200,195,0,36400,month
2024-05-01,United Kingdom,20,735,27,783,month
2024-05-01,Vietnam,0,2100,5,2110,month
2024-06-01,Argentina,35300,0,0,35300,month
2024-06-01,Australia,5400,10,0,5410,month
2024-06-01,Austria,0,2770,2,2770,month
2024-06-01,Bahrain,9540,3550,0,13100,month
2024-06-01,Belgium,0,1330,0,1330,month
2024-06-01,Brazil,0,4080,1630,5710,month
2024-06-01,Canada,232000,17800,34500,285000,month
2024-06-01,Chile,0,0,141,141,month
2024-06-01,China,71,13300,37,13400,month
2024-06-01,Colombia,0,487,595,1080,month
2024-06-01,Costa Rica,0,99,101,200,month
2024-06-01,France,675,1180,56,1910,month
2024-06-01,Germany,0,1030,890,1920,month
2024-06-01,Greece,0,1990,2,1990,month
2024-06-01,Guatemala,0,0,1250,1250,month
2024-06-01,Honduras,0,676,149,825,month
2024-06-01,India,18500,3570,0,22000,month
2024-06-01,Indonesia,93,714,0,808,month
2024-06-01,Italy,195,1040,1,1230,month
2024-06-01,Japan,0,1430,65,1490,month
2024-06-01,"Korea, Republic of",853,18600,0,19500,month
2024-06-01,Malaysia,0,945,0,945,month
2024-06-01,Mexico,310,3940,17100,21300,month
2024-06-01,Netherlands,197,149,38,384,month
2024-06-01,New Zealand,158,0,0,158,month
2024-06-01,Norway,271,976,0,1250,month
2024-06-01,Oman,0,4150,0,4150,month
2024-06-01,Other,0,8380,2130,10500,month
2024-06-01,Qatar,2860,0,0,2860,month
2024-06-01,Romania,0,23,18,42,month
2024-06-01,Russia,0,0,0,0,month
2024-06-01,Saudi Arabia,0,1210,0,1210,month
2024-06-01,South Africa,0,327,0,327,month
2024-06-01,Spain,438,1020,143,1600,month
2024-06-01,Sweden,0,925,0,925,month
2024-06-01,Switzerland,0,765,0,765,month
2024-06-01,Taiwan,4,268,0,273,month
2024-06-01,Thailand,226,4670,0,4890,month
2024-06-01,Total,340000,106000,58900,505000,month
2024-06-01,Turkey,1,1560,0,1560,month
2024-06-01,United Arab Emirates,32600,138,0,32800,month
2024-06-01,United Kingdom,0,491,25,516,month
2024-06-01,Vietnam,0,2260,0,2260,month
2024-07-01,Argentina,2840,5,0,2840,month
2024-07-01,Australia,8720,32,0,8750,month
2024-07-01,Austria,0,2250,1,2250,month
2024-07-01,Bahrain,9540,3320,0,12900,month
2024-07-01,Belgium,39,1820,0,1860,month
2024-07-01,Brazil,0,2710,702,3410,month
2024-07-01,Canada,235000,17900,37500,291000,month
2024-07-01,Chile,0,0,118,118,month
2024-07-01,China,185,15900,95,16100,month
2024-07-01,Colombia,0,484,1050,1530,month
2024-07-01,Costa Rica,0,77,117,194,month
2024-07-01,France,1060,570,11,1650,month
2024-07-01,Germany,51,2160,935,3150,month
2024-07-01,Greece,0,2340,0,2340,month
2024-07-01,Guatemala,0,0,1280,1280,month
2024-07-01,Honduras,0,683,72,755,month
2024-07-01,India,2440,1910,0,4350,month
2024-07-01,Indonesia,0,674,0,674,month
2024-07-01,Italy,842,1200,6,2050,month
2024-07-01,Japan,0,1770,110,1880,month
2024-07-01,"Korea, Republic of",0,20300,0,20300,month
2024-07-01,Malaysia,0,1450,0,1450,month
2024-07-01,Mexico,181,4250,21100,25600,month
2024-07-01,Netherlands,112,164,15,290,month
2024-07-01,New Zealand,39,0,0,40,month
2024-07-01,Norway,19,1340,0,1360,month
2024-07-01,Oman,0,6160,0,6160,month
2024-07-01,Other,0,6930,2370,9300,month
2024-07-01,Qatar,1590,5,0,1590,month
2024-07-01,Romania,0,7,0,7,month
2024-07-01,Russia,0,0,0,0,month
2024-07-01,Saudi Arabia,0,977,0,977,month
2024-07-01,South Africa,0,2660,0,2660,month
2024-07-01,Spain,599,1250,0,1850,month
2024-07-01,Sweden,0,1110,0,1110,month
2024-07-01,Switzerland,0,739,0,739,month
2024-07-01,Taiwan,27,312,37,376,month
2024-07-01,Thailand,173,4690,1,4860,month
2024-07-01,Total,293000,113000,65600,472000,month
2024-07-01,Turkey,202,1920,0,2130,month
2024-07-01,United Arab Emirates,28900,436,0,29300,month
2024-07-01,United Kingdom,20,1270,0,1290,month
2024-07-01,Vietnam,0,1330,5,1330,month
2024-08-01,Argentina,8270,0,0,8270,month
2024-08-01,Australia,9910,56,0,9970,month
2024-08-01,Austria,0,2430,0,2430,month
2024-08-01,Bahrain,8670,2200,0,10900,month
2024-08-01,Belgium,0,1770,0,1770,month
2024-08-01,Brazil,0,3500,1020,4510,month
2024-08-01,Canada,203000,16300,35200,254000,month
2024-08-01,Chile,0,0,136,136,month
2024-08-01,China,0,7830,20,7840,month
2024-08-01,Colombia,0,321,582,903,month
2024-08-01,Costa Rica,0,83,160,243,month
2024-08-01,France,1700,1090,19,2810,month
2024-08-01,Germany,17,1790,835,2650,month
2024-08-01,Greece,0,2730,2,2730,month
2024-08-01,Guatemala,0,0,1130,1130,month
2024-08-01,Honduras,0,813,241,1050,month
2024-08-01,India,661,2090,0,2750,month
2024-08-01,Indonesia,311,607,0,918,month
2024-08-01,Italy,200,1720,32,1950,month
2024-08-01,Japan,1,827,85,912,month
2024-08-01,"Korea, Republic of",1350,18000,0,19300,month
2024-08-01,Malaysia,0,1180,0,1180,month
2024-08-01,Mexico,188,4870,20700,25800,month
2024-08-01,Netherlands,87,65,26,178,month
2024-08-01,New Zealand,20,0,0,20,month
2024-08-01,Norway,208,857,0,1060,month
2024-08-01,Oman,0,4560,0,4560,month
2024-08-01,Other,1,6530,1750,8290,month
2024-08-01,Qatar,6360,8,0,6370,month
2024-08-01,Romania,0,98,0,98,month
2024-08-01,Russia,0,0,0,0,month
2024-08-01,Saudi Arabia,0,109,0,109,month
2024-08-01,South Africa,0,384,0,384,month
2024-08-01,Spain,66,1450,0,1520,month
2024-08-01,Sweden,0,1180,0,1180,month
2024-08-01,Switzerland,0,62,0,62,month
2024-08-01,Taiwan,1,289,0,291,month
2024-08-01,Thailand,174,3290,0,3460,month
2024-08-01,Total,268000,93500,61900,423000,month
2024-08-01,Turkey,39,1370,0,1410,month
2024-08-01,United Arab Emirates,26500,387,0,26900,month
2024-08-01,United Kingdom,37,1280,26,1350,month
2024-08-01,Vietnam,0,1380,0,1380,month
2024-09-01,Argentina,33700,0,0,33700,month
2024-09-01,Australia,7540,108,0,7650,month
2024-09-01,Austria,0,1910,0,1910,month
2024-09-01,Bahrain,6670,3310,0,9980,month
2024-09-01,Belgium,0,1770,76,1850,month
2024-09-01,Brazil,0,1070,854,1930,month
2024-09-01,Canada,246000,17600,34700,298000,month
2024-09-01,Chile,0,0,85,85,month
2024-09-01,China,27,6310,23,6360,month
2024-09-01,Colombia,0,304,1040,1340,month
2024-09-01,Costa Rica,0,42,64,107,month
2024-09-01,France,166,993,23,1180,month
2024-09-01,Germany,55,1920,511,2480,month
2024-09-01,Greece,0,3080,41,3120,month
2024-09-01,Guatemala,0,0,533,533,month
2024-09-01,Honduras,0,718,28,745,month
2024-09-01,India,916,2990,0,3910,month
2024-09-01,Indonesia,0,807,0,807,month
2024-09-01,Italy,0,715,0,716,month
2024-09-01,Japan,0,639,59,697,month
2024-09-01,"Korea, Republic of",1050,15500,0,16500,month
2024-09-01,Malaysia,0,1970,1,1970,month
2024-09-01,Mexico,231,4190,22200,26600,month
2024-09-01,Netherlands,63,38,0,101,month
2024-09-01,New Zealand,533,0,0,533,month
2024-09-01,Norway,0,364,0,364,month
2024-09-01,Oman,0,6940,0,6940,month
2024-09-01,Other,0,6950,2600,9550,month
2024-09-01,Qatar,2730,7,0,2730,month
2024-09-01,Romania,0,379,0,379,month
2024-09-01,Russia,0,0,0,0,month
2024-09-01,Saudi Arabia,0,429,0,429,month
2024-09-01,South Africa,0,2560,0,2560,month
2024-09-01,Spain,435,1100,49,1580,month
2024-09-01,Sweden,0,814,0,814,month
2024-09-01,Switzerland,0,50,0,50,month
2024-09-01,Taiwan,0,127,0,127,month
2024-09-01,Thailand,262,2840,1,3100,month
2024-09-01,Total,332000,94100,63000,489000,month
2024-09-01,Turkey,0,2130,0,2130,month
2024-09-01,United Arab Emirates,31200,343,102,31600,month
2024-09-01,United Kingdom,21,1240,73,1330,month
2024-09-01,Vietnam,0,1890,0,1890,month
2024-10-01,Argentina,1780,0,0,1780,month
2024-10-01,Australia,4690,45,0,4730,month
2024-10-01,Austria,0,2640,2,2640,month
2024-10-01,Bahrain,11300,3470,0,14800,month
2024-10-01,Belgium,20,1230,112,1360,month
2024-10-01,Brazil,0,10,74,84,month
2024-10-01,Canada,241000,19300,34300,295000,month
2024-10-01,Chile,0,0,248,248,month
2024-10-01,China,20,11700,25,11700,month
2024-10-01,Colombia,0,420,599,1020,month
2024-10-01,Costa Rica,0,27,279,305,month
2024-10-01,France,993,98,18,1110,month
2024-10-01,Germany,0,1230,659,1890,month
2024-10-01,Greece,0,3650,4,3660,month
2024-10-01,Guatemala,0,2,1090,1090,month
2024-10-01,Honduras,0,816,143,959,month
2024-10-01,India,4700,2430,0,7130,month
2024-10-01,Indonesia,0,694,0,694,month
2024-10-01,Italy,394,985,0,1380,month
2024-10-01,Japan,0,704,87,791,month
2024-10-01,"Korea, Republic of",96,15100,0,15200,month
2024-10-01,Malaysia,0,1270,0,1270,month
2024-10-01,Mexico,310,4250,21200,25800,month
2024-10-01,Netherlands,65,56,0,121,month
2024-10-01,New Zealand,0,0,0,0,month
2024-10-01,Norway,19,614,0,634,month
2024-10-01,Oman,0,5240,0,5240,month
2024-10-01,Other,0,7010,2630,9640,month
2024-10-01,Qatar,2540,0,0,2540,month
2024-10-01,Romania,0,519,186,705,month
2024-10-01,Russia,0,0,0,0,month
2024-10-01,Saudi Arabia,0,1240,0,1240,month
2024-10-01,South Africa,0,449,0,449,month
2024-10-01,Spain,246,1510,40,1790,month
2024-10-01,Sweden,0,1060,0,1060,month
2024-10-01,Switzerland,0,52,0,52,month
2024-10-01,Taiwan,0,348,18,366,month
2024-10-01,Thailand,175,3340,0,3510,month
2024-10-01,Total,297000,96200,61700,455000,month
2024-10-01,Turkey,137,2130,0,2270,month
2024-10-01,United Arab Emirates,28300,441,0,28700,month
2024-10-01,United Kingdom,1,807,0,807,month
2024-10-01,Vietnam,0,1320,0,1320,month
2024-11-01,Argentina,3770,50,0,3820,month
2024-11-01,Australia,10000,12,0,10100,month
2024-11-01,Austria,0,2820,3,2820,month
2024-11-01,Bahrain,17200,6830,0,24000,month
2024-11-01,Belgium,0,1320,96,1420,month
2024-11-01,Brazil,0,745,492,1240,month
2024-11-01,Canada,200000,15700,32800,249000,month
2024-11-01,Chile,0,0,151,151,month
2024-11-01,China,7,13300,37,13300,month
2024-11-01,Colombia,0,247,843,1090,month
2024-11-01,Costa Rica,0,33,145,178,month
2024-11-01,France,1110,374,19,1500,month
2024-11-01,Germany,0,1370,912,2290,month
2024-11-01,Greece,0,2520,5,2530,month
2024-11-01,Guatemala,0,0,1210,1210,month
2024-11-01,Honduras,0,236,245,480,month
2024-11-01,India,4020,2730,0,6750,month
2024-11-01,Indonesia,483,522,0,1010,month
2024-11-01,Italy,0,1000,0,1000,month
2024-11-01,Japan,0,1140,147,1280,month
2024-11-01,"Korea, Republic of",367,18900,0,19300,month
2024-11-01,Malaysia,0,863,0,863,month
2024-11-01,Mexico,336,3850,21700,25900,month
2024-11-01,Netherlands,77,14,0,90,month
2024-11-01,New Zealand,468,0,0,468,month
2024-11-01,Norway,0,1020,0,1020,month
2024-11-01,Oman,148,11100,0,11300,month
2024-11-01,Other,0,6210,1680,7880,month
2024-11-01,Qatar,1340,3,0,1340,month
2024-11-01,Romania,0,266,0,266,month
2024-11-01,Russia,0,0,0,0,month
2024-11-01,Saudi Arabia,0,3210,0,3210,month
2024-11-01,South Africa,0,3070,0,3070,month
2024-11-01,Spain,116,1540,47,1710,month
2024-11-01,Sweden,0,765,0,765,month
2024-11-01,Switzerland,0,43,0,43,month
2024-11-01,Taiwan,12,265,1,278,month
2024-11-01,Thailand,88,3000,0,3090,month
2024-11-01,Total,263000,110000,60800,433000,month
2024-11-01,Turkey,130,1760,0,1890,month
2024-11-01,United Arab Emirates,23200,436,49,23700,month
2024-11-01,United Kingdom,18,932,230,1180,month
2024-11-01,Vietnam,0,1410,0,1410,month
2024-12-01,Argentina,22500,0,0,22500,month
2024-12-01,Australia,3530,47,0,3570,month
2024-12-01,Austria,0,2520,1,2520,month
2024-12-01,Bahrain,8380,4360,0,12700,month
2024-12-01,Belgium,20,1070,0,1090,month
2024-12-01,Brazil,0,367,361,728,month
2024-12-01,Canada,216000,11700,31500,259000,month
2024-12-01,Chile,0,0,21,21,month
2024-12-01,China,28,9140,1,9170,month
2024-12-01,Colombia,0,303,1100,1410,month
2024-12-01,Costa Rica,0,17,146,163,month
2024-12-01,France,159,295,33,488,month
2024-12-01,Germany,5,1320,1340,2660,month
2024-12-01,Greece,0,1030,38,1070,month
2024-12-01,Guatemala,0,0,822,822,month
2024-12-01,Honduras,0,619,40,659,month
2024-12-01,India,15000,1680,0,16700,month
2024-12-01,Indonesia,0,340,0,340,month
2024-12-01,Italy,0,1210,39,1250,month
2024-12-01,Japan,0,864,61,925,month
2024-12-01,"Korea, Republic of",213,15500,0,15700,month
2024-12-01,Malaysia,0,1260,3,1260,month
2024-12-01,Mexico,277,2910,20100,23300,month
2024-12-01,Netherlands,67,54,2,123,month
2024-12-01,New Zealand,395,0,0,395,month
2024-12-01,Norway,0,1460,0,1460,month
2024-12-01,Oman,0,5360,0,5360,month
2024-12-01,Other,3,4290,2750,7040,month
2024-12-01,Qatar,5090,0,0,5090,month
2024-12-01,Romania,0,91,0,91,month
2024-12-01,Russia,0,0,0,0,month
2024-12-01,Saudi Arabia,0,7300,0,7300,month
2024-12-01,South Africa,0,1820,0,1820,month
2024-12-01,Spain,78,463,0,540,month
2024-12-01,Sweden,0,1010,0,1010,month
2024-12-01,Switzerland,0,16,0,16,month
2024-12-01,Taiwan,27,226,0,253,month
2024-12-01,Thailand,157,3910,0,4070,month
2024-12-01,Total,297000,86500,59200,442000,month
2024-12-01,Turkey,0,2120,246,2360,month
2024-12-01,United Arab Emirates,24700,98,0,24800,month
2024-12-01,United Kingdom,33,996,554,1580,month
2024-12-01,Vietnam,0,733,0,733,month
2025-01-01,Argentina,12100,34,0,12100,month
2025-01-01,Australia,5230,22,0,5250,month
2025-01-01,Austria,0,1520,0,1520,month
2025-01-01,Bahrain,12700,9950,0,22700,month
2025-01-01,Belgium,0,2070,0,2070,month
2025-01-01,Brazil,0,282,371,653,month
2025-01-01,Canada,248000,20100,36400,304000,month
2025-01-01,Chile,0,0,60,60,month
2025-01-01,China,58,12400,39,12500,month
2025-01-01,Colombia,0,366,333,698,month
2025-01-01,Costa Rica,0,8,136,144,month
2025-01-01,France,15,446,17,479,month
2025-01-01,Germany,58,1100,893,2050,month
2025-01-01,Greece,0,4980,41,5020,month
2025-01-01,Guatemala,0,0,1210,1210,month
2025-01-01,Honduras,0,765,142,906,month
2025-01-01,India,6280,1380,0,7670,month
2025-01-01,Indonesia,0,497,0,497,month
2025-01-01,Italy,497,1160,0,1650,month
2025-01-01,Japan,2,818,157,978,month
2025-01-01,"Korea, Republic of",727,21400,0,22100,month
2025-01-01,Malaysia,0,1610,2,1610,month
2025-01-01,Mexico,354,3760,19800,23900,month
2025-01-01,Netherlands,103,84,0,187,month
2025-01-01,New Zealand,1230,3,0,1240,month
2025-01-01,Norway,0,1420,0,1420,month
2025-01-01,Oman,0,5900,0,5900,month
2025-01-01,Other,2,15100,2340,17400,month
2025-01-01,Qatar,101,0,0,101,month
2025-01-01,Romania,0,427,0,427,month
2025-01-01,Russia,0,0,0,0,month
2025-01-01,Saudi Arabia,0,4570,0,4570,month
2025-01-01,South Africa,0,1340,0,1340,month
2025-01-01,Spain,566,1880,146,2590,month
2025-01-01,Sweden,0,794,0,794,month
2025-01-01,Switzerland,14,19,0,33,month
2025-01-01,Taiwan,27,223,7,257,month
2025-01-01,Thailand,280,3620,2,3900,month
2025-01-01,Total,335000,125000,63400,523000,month
2025-01-01,Turkey,19,2630,742,3400,month
2025-01-01,United Arab Emirates,46900,489,0,47400,month
2025-01-01,United Kingdom,12,836,487,1340,month
2025-01-01,Vietnam,0,919,0,919,month
2025-02-01,Argentina,9330,0,0,9330,month
2025-02-01,Australia,8090,0,0,8090,month
2025-02-01,Austria,0,2610,1,2620,month
2025-02-01,Bahrain,3840,2560,0,6400,month
2025-02-01,Belgium,18,1810,0,1830,month
2025-02-01,Brazil,12000,811,208,13000,month
2025-02-01,Canada,209000,18600,30100,258000,month
2025-02-01,Chile,0,0,154,154,month
2025-02-01,China,75,6610,7,6700,month
2025-02-01,Colombia,0,345,1360,1710,month
2025-02-01,Costa Rica,0,59,191,251,month
2025-02-01,France,96,579,19,693,month
2025-02-01,Germany,0,868,582,1450,month
2025-02-01,Greece,0,2100,21,2120,month
2025-02-01,Guatemala,0,0,955,955,month
2025-02-01,Honduras,0,449,354,802,month
2025-02-01,India,4830,1960,0,6790,month
2025-02-01,Indonesia,0,1420,0,1420,month
2025-02-01,Italy,0,682,99,781,month
2025-02-01,Japan,20,410,53,484,month
2025-02-01,"Korea, Republic of",683,18000,130,18800,month
2025-02-01,Malaysia,0,483,2,485,month
2025-02-01,Mexico,2770,3720,21600,28100,month
2025-02-01,Netherlands,30,10,34,74,month
2025-02-01,New Zealand,275,0,0,275,month
2025-02-01,Norway,0,1280,0,1280,month
2025-02-01,Oman,0,7010,0,7010,month
2025-02-01,Other,0,4990,2210,7200,month
2025-02-01,Qatar,0,0,0,0,month
2025-02-01,Romania,0,647,0,647,month
2025-02-01,Russia,0,0,0,0,month
2025-02-01,Saudi Arabia,0,9490,0,9490,month
2025-02-01,South Africa,17800,2180,0,20000,month
2025-02-01,Spain,189,1250,101,1530,month
2025-02-01,Sweden,0,624,0,624,month
2025-02-01,Switzerland,0,39,0,39,month
2025-02-01,Taiwan,0,244,0,244,month
2025-02-01,Thailand,227,4760,8,4990,month
2025-02-01,Total,298000,101000,59700,459000,month
2025-02-01,Turkey,4,1750,74,1820,month
2025-02-01,United Arab Emirates,28900,564,96,29500,month
2025-02-01,United Kingdom,16,689,1360,2070,month
2025-02-01,Vietnam,0,1060,0,1060,month
2025-03-01,Argentina,18000,16,0,18000,month
2025-03-01,Australia,5370,72,0,5440,month
2025-03-01,Bahrain,17500,1990,0,19500,month
2025-03-01,Belgium,39,1970,25,2030,month
2025-03-01,Brazil,0,607,0,607,month
2025-03-01,Canada,250000,17600,41500,309000,month
2025-03-01,Chile,0,11,85,96,month
2025-03-01,China,21,3700,9,3730,month
2025-03-01,Colombia,0,383,1190,1570,month
2025-03-01,Costa Rica,0,89,264,353,month
2025-03-01,France,449,316,36,801,month
2025-03-01,Germany,28,1520,1170,2720,month
2025-03-01,Greece,0,3040,77,3110,month
2025-03-01,Guatemala,0,0,1650,1650,month
2025-03-01,Honduras,0,535,658,1190,month
2025-03-01,India,27400,1530,0,28900,month
2025-03-01,Indonesia,5210,815,0,6020,month
2025-03-01,Italy,0,1330,226,1560,month
2025-03-01,Japan,0,558,12,570,month
2025-03-01,"Korea, Republic of",3050,19300,121,22500,month
2025-03-01,Malaysia,3420,669,4,4100,month
2025-03-01,Mexico,1120,4020,28100,33200,month
2025-03-01,Netherlands,241,68,48,356,month
2025-03-01,New Zealand,0,0,0,0,month
2025-03-01,Norway,39,717,0,756,month
2025-03-01,Oman,0,7890,0,7890,month
2025-03-01,Other,0,9090,3460,12600,month
2025-03-01,Qatar,8600,1,0,8600,month
2025-03-01,Romania,0,254,0,254,month
2025-03-01,Saudi Arabia,0,5970,0,5970,month
2025-03-01,South Africa,1890,2000,0,3890,month
2025-03-01,Spain,390,2300,163,2860,month
2025-03-01,Sweden,0,1570,0,1570,month
2025-03-01,Switzerland,0,24,0,24,month
2025-03-01,Taiwan,40,178,0,218,month
2025-03-01,Thailand,227,3240,18,3490,month
2025-03-01,Total,438000,98600,81500,619000,month
2025-03-01,Turkey,0,1910,340,2250,month
2025-03-01,United Arab Emirates,95600,332,0,95900,month
2025-03-01,United Kingdom,38,1410,2350,3800,month
2025-03-01,Vietnam,0,1610,0,1610,month
2025-04-01,Argentina,300,0,0,268,ytd_diff
2025-04-01,Australia,4560,24,0,4560,ytd_diff
2025-04-01,Austria,0,9040,26,8990,ytd_diff
2025-04-01,Azerbaijan,0,18360,0,18360,ytd_diff
2025-04-01,Bahrain,10700,3894,0,14600,ytd_diff
2025-04-01,Belgium,4,1010,193,1210,ytd_diff
2025-04-01,Brazil,0,210,1011,1220,ytd_diff
2025-04-01,Canada,166000,16400,33200,221000,ytd_diff
2025-04-01,Chile,0,0,0,0,ytd_diff
2025-04-01,China,0,4100,39,4190,ytd_diff
2025-04-01,Colombia,0,157,1590,1750,ytd_diff
2025-04-01,Costa Rica,0,0,0,0,ytd_diff
2025-04-01,Ecuador,0,5490,489,5980,ytd_diff
2025-04-01,France,492,343,78,910,ytd_diff
2025-04-01,Germany,63,1320,1320,2660,ytd_diff
2025-04-01,Greece,0,3450,0,3480,ytd_diff
2025-04-01,Guatemala,0,0,2130,2130,ytd_diff
2025-04-01,Honduras,0,382,624,1006,ytd_diff
2025-04-01,India,11820,2090,72,14060,ytd_diff
2025-04-01,Indonesia,0,1351,0,1339,ytd_diff
2025-04-01,Italy,5,1340,218,1570,ytd_diff
2025-04-01,Japan,0,860,42,900,ytd_diff
2025-04-01,"Korea, Republic of",526,22600,0,22200,ytd_diff
2025-04-01,Malaysia,20,510,28,550,ytd_diff
2025-04-01,Mexico,78,3360,22000,25600,ytd_diff
2025-04-01,Netherlands,0,0,0,0,ytd_diff
2025-04-01,New Zealand,5,23,0,25,ytd_diff
2025-04-01,Norway,0,1073,0,1073,ytd_diff
2025-04-01,Oman,0,7840,0,7840,ytd_diff
2025-04-01,Other,671,0,2240,0,ytd_diff
2025-04-01,Panama,0,0,1943,1943,ytd_diff
2025-04-01,Poland,0,1551,460,2014,ytd_diff
2025-04-01,Qatar,7777,0,0,7777,ytd_diff
2025-04-01,Romania,0,1152,0,1152,ytd_diff
2025-04-01,Saudi Arabia,0,2090,0,2070,ytd_diff
2025-04-01,South Africa,100,1090,0,1130,ytd_diff
2025-04-01,Spain,66,1985,418,2450,ytd_diff
2025-04-01,Sweden,0,860,0,860,ytd_diff
2025-04-01,Switzerland,0,0,0,0,ytd_diff
2025-04-01,Taiwan,0,0,0,0,ytd_diff
2025-04-01,Thailand,106,2750,11,2880,ytd_diff
2025-04-01,Total,243000,100700,70300,413000,ytd_diff
2025-04-01,Turkey,0,3970,403,4390,ytd_diff
2025-04-01,United Arab Emirates,34600,192,333,35500,ytd_diff
2025-04-01,United Kingdom,13,975,2350,3390,ytd_diff
2025-04-01,Vietnam,0,3880,0,3880,ytd_diff
2025-05-01,Argentina,0,32,0,32,month
2025-05-01,Australia,3240,0,0,3240,month
2025-05-01,Austria,0,2460,44,2510,month
2025-05-01,Azerbaijan,0,1640,0,1640,month
2025-05-01,Bahrain,18700,906,0,19600,month
2025-05-01,Belgium,19,1170,0,1190,month
2025-05-01,Brazil,0,2410,3270,5680,month
2025-05-01,Canada,147000,13800,37800,198000,month
2025-05-01,China,6,4600,2,4610,month
2025-05-01,Colombia,0,183,2050,2230,month
2025-05-01,Ecuador,76,1610,74,1760,month
2025-05-01,France,658,337,18,1010,month
2025-05-01,Germany,0,1410,1010,2420,month
2025-05-01,Greece,0,2250,70,2320,month
2025-05-01,Guatemala,0,0,1340,1340,month
2025-05-01,Honduras,0,638,96,734,month
2025-05-01,India,4380,1110,48,5540,month
2025-05-01,Indonesia,22,749,49,821,month
2025-05-01,Italy,5,1220,0,1220,month
2025-05-01,Japan,1,670,39,710,month
2025-05-01,"Korea, Republic of",304,21700,308,22400,month
2025-05-01,Malaysia,0,300,1,300,month
2025-05-01,Mexico,262,3440,24500,28200,month
2025-05-01,New Zealand,395,0,0,395,month
2025-05-01,Norway,0,567,0,567,month
2025-05-01,Oman,0,9060,0,9060,month
2025-05-01,Other,78,2090,3140,5310,month
2025-05-01,Panama,0,0,377,377,month
2025-05-01,Poland,0,429,218,646,month
2025-05-01,Qatar,423,0,0,423,month
2025-05-01,Romania,0,528,0,528,month
2025-05-01,Saudi Arabia,0,1410,22,1430,month
2025-05-01,South Africa,0,2170,0,2170,month
2025-05-01,Spain,114,845,802,1760,month
2025-05-01,Sweden,0,1380,0,1380,month
2025-05-01,Thailand,261,4750,10,5020,month
2025-05-01,Total,227000,93300,76700,397000,month
2025-05-01,Turkey,3,2320,307,2630,month
2025-05-01,United Arab Emirates,51400,48,67,51500,month
2025-05-01,United Kingdom,25,285,1000,1310,month
2025-05-01,Vietnam,0,4730,0,4730,month
2025-06-01,Argentina,20600,15,0,20600,month
2025-06-01,Australia,3970,9,0,3980,month
2025-06-01,Austria,0,2130,2,2130,month
2025-06-01,Azerbaijan,0,3520,0,3520,month
2025-06-01,Bahrain,10200,1150,0,11300,month
2025-06-01,Belgium,20,1790,0,1810,month
2025-06-01,Brazil,0,2070,475,2540,month
2025-06-01,Canada,149000,14100,42000,205000,month
2025-06-01,China,2,2070,6,2080,month
2025-06-01,Colombia,0,237,489,725,month
2025-06-01,Ecuador,0,1460,211,1670,month
2025-06-01,France,876,617,9,1500,month
2025-06-01,Germany,0,1160,1050,2210,month
2025-06-01,Greece,0,3160,3,3170,month
2025-06-01,Guatemala,0,0,1400,1400,month
2025-06-01,Honduras,0,882,230,1110,month
2025-06-01,India,45500,884,116,46500,month
2025-06-01,Indonesia,815,1340,0,2150,month
2025-06-01,Italy,0,975,126,1100,month
2025-06-01,Japan,0,885,8,893,month
2025-06-01,"Korea, Republic of",0,21900,141,22100,month
2025-06-01,Malaysia,0,392,24,415,month
2025-06-01,Mexico,44,3350,24100,27500,month
2025-06-01,New Zealand,2070,0,0,2070,month
2025-06-01,Norway,0,613,0,613,month
2025-06-01,Oman,0,9500,0,9500,month
2025-06-01,Other,50,2650,3630,6330,month
2025-06-01,Panama,0,0,597,597,month
2025-06-01,Poland,0,333,121,454,month
2025-06-01,Qatar,801,0,0,801,month
2025-06-01,Romania,0,472,0,472,month
2025-06-01,Saudi Arabia,0,5460,22,5480,month
2025-06-01,South Africa,11500,1140,0,12700,month
2025-06-01,Spain,145,1410,449,2010,month
2025-06-01,Sweden,0,1300,0,1300,month
2025-06-01,Thailand,35,3550,68,3650,month
2025-06-01,Total,277000,98300,77200,453000,month
2025-06-01,Turkey,0,2840,211,3050,month
2025-06-01,United Arab Emirates,31600,793,22,32400,month
2025-06-01,United Kingdom,0,306,1700,2010,month
2025-06-01,Vietnam,1,3790,0,3790,month
2025-07-01,Argentina,4100,4,0,4110,month
2025-07-01,Australia,1560,53,0,1610,month
2025-07-01,Austria,0,2440,0,2440,month
2025-07-01,Azerbaijan,0,1180,0,1180,month
2025-07-01,Bahrain,5980,1470,0,7450,month
2025-07-01,Belgium,0,2310,0,2310,month
2025-07-01,Brazil,0,2740,0,2740,month
2025-07-01,Canada,101000,13400,34100,148000,month
2025-07-01,China,4,2790,23,2810,month
2025-07-01,Colombia,0,145,1240,1390,month
2025-07-01,Ecuador,0,1410,6,1420,month
2025-07-01,France,828,450,15,1290,month
2025-07-01,Germany,37,1300,174,1510,month
2025-07-01,Greece,0,3260,0,3260,month
2025-07-01,Guatemala,0,13,78,91,month
2025-07-01,Honduras,0,794,380,1170,month
2025-07-01,India,3430,1040,0,4460,month
2025-07-01,Indonesia,0,1650,0,1650,month
2025-07-01,Italy,0,1300,0,1300,month
2025-07-01,Japan,0,767,24,790,month
2025-07-01,"Korea, Republic of",277,20200,41,20500,month
2025-07-01,Malaysia,0,453,3,456,month
2025-07-01,Mexico,119,3260,15000,18400,month
2025-07-01,New Zealand,692,0,0,692,month
2025-07-01,Norway,19,707,0,726,month
2025-07-01,Oman,0,8150,0,8150,month
2025-07-01,Other,42,2030,1170,3240,month
2025-07-01,Panama,0,0,82,82,month
2025-07-01,Poland,0,272,0,272,month
2025-07-01,Qatar,1370,1,0,1370,month
2025-07-01,Romania,0,579,0,579,month
2025-07-01,Saudi Arabia,0,5390,0,5390,month
2025-07-01,South Africa,4200,1950,0,6150,month
2025-07-01,Spain,34,811,6,852,month
2025-07-01,Sweden,0,1710,0,1710,month
2025-07-01,Thailand,138,4150,8,4300,month
2025-07-01,Total,160000,95000,52600,307000,month
2025-07-01,Turkey,0,1950,0,1950,month
2025-07-01,United Arab Emirates,35900,540,186,36600,month
2025-07-01,United Kingdom,21,349,78,449,month
2025-07-01,Vietnam,0,4010,0,4010,month
2025-08-01,Argentina,8400,0,0,8400,month
2025-08-01,Australia,2470,23,0,2500,month
2025-08-01,Austria,0,2380,0,2380,month
2025-08-01,Azerbaijan,0,584,0,584,month
2025-08-01,Bahrain,6640,1140,0,7780,month
2025-08-01,Belgium,0,2030,0,2030,month
2025-08-01,Brazil,225,5090,0,5310,month
2025-08-01,Canada,111000,14000,34600,160000,month
2025-08-01,China,25,2100,35,2160,month
2025-08-01,Colombia,0,168,598,766,month
2025-08-01,Ecuador,0,1540,13,1560,month
2025-08-01,France,2330,938,22,3290,month
2025-08-01,Germany,8,1590,137,1740,month
2025-08-01,Greece,0,3150,1,3150,month
2025-08-01,Guatemala,0,13,124,137,month
2025-08-01,Honduras,0,420,414,834,month
2025-08-01,India,29400,948,0,30400,month
2025-08-01,Indonesia,940,2130,0,3070,month
2025-08-01,Italy,0,965,40,1010,month
2025-08-01,Japan,0,526,116,642,month
2025-08-01,"Korea, Republic of",1750,19600,82,21400,month
2025-08-01,Malaysia,0,375,1,376,month
2025-08-01,Mexico,144,3160,13500,16800,month
2025-08-01,New Zealand,1380,0,0,1380,month
2025-08-01,Norway,0,532,0,532,month
2025-08-01,Oman,0,953,0,953,month
2025-08-01,Other,174,1680,734,2590,month
2025-08-01,Panama,0,0,77,77,month
2025-08-01,Poland,0,398,0,398,month
2025-08-01,Qatar,434,0,0,434,month
2025-08-01,Romania,0,378,0,378,month
2025-08-01,Saudi Arabia,0,6660,0,6660,month
2025-08-01,South Africa,0,1860,0,1860,month
2025-08-01,Spain,133,725,69,927,month
2025-08-01,Sweden,0,2210,0,2210,month
2025-08-01,Thailand,0,4540,37,4580,month
2025-08-01,Total,211000,89400,50600,351000,month
2025-08-01,Turkey,0,2350,0,2360,month
2025-08-01,United Arab Emirates,45100,47,0,45200,month
2025-08-01,United Kingdom,0,1400,39,1440,month
2025-08-01,Vietnam,0,2820,0,2820,month
2025-09-01,Argentina,21200,9,0,21200,month
2025-09-01,Australia,3060,33,0,3090,month
2025-09-01,Austria,0,2340,0,2340,month
2025-09-01,Azerbaijan,0,989,0,989,month
2025-09-01,Bahrain,14000,318,0,14400,month
2025-09-01,Belgium,0,776,118,894,month
2025-09-01,Brazil,0,3830,0,3830,month
2025-09-01,Canada,123000,15300,39000,177000,month
2025-09-01,China,2,2130,10,2140,month
2025-09-01,Colombia,0,182,586,768,month
2025-09-01,Ecuador,0,1360,59,1420,month
2025-09-01,France,571,329,24,924,month
2025-09-01,Germany,0,1410,136,1540,month
2025-09-01,Greece,0,2800,1,2810,month
2025-09-01,Guatemala,0,0,104,104,month
2025-09-01,Honduras,0,486,471,957,month
2025-09-01,India,1010,659,0,1670,month
2025-09-01,Indonesia,0,1310,0,1310,month
2025-09-01,Italy,0,971,0,971,month
2025-09-01,Japan,0,524,6,530,month
2025-09-01,"Korea, Republic of",520,20100,600,21200,month
2025-09-01,Malaysia,0,383,0,383,month
2025-09-01,Mexico,91,3140,14400,17600,month
2025-09-01,New Zealand,0,0,0,0,month
2025-09-01,Norway,0,133,0,133,month
2025-09-01,Oman,0,344,0,344,month
2025-09-01,Other,22,2530,938,3490,month
2025-09-01,Panama,0,0,107,107,month
2025-09-01,Poland,0,239,0,239,month
2025-09-01,Qatar,2000,0,0,2000,month
2025-09-01,Romania,0,466,0,466,month
2025-09-01,Saudi Arabia,0,4440,0,4440,month
2025-09-01,South Africa,0,2270,0,2270,month
2025-09-01,Spain,35,442,0,477,month
2025-09-01,Sweden,0,1610,0,1610,month
2025-09-01,Thailand,35,4500,52,4590,month
2025-09-01,Total,194000,84200,56700,335000,month
2025-09-01,Turkey,0,3170,0,3170,month
2025-09-01,United Arab Emirates,27800,107,105,28000,month
2025-09-01,United Kingdom,1240,2370,1,3610,month
2025-09-01,Vietnam,0,2130,0,2130,month
2025-10-01,Argentina,7840,0,0,7840,month
2025-10-01,Australia,4980,18,0,5000,month
2025-10-01,Austria,0,2010,0,2010,month
2025-10-01,Azerbaijan,0,347,0,347,month
2025-10-01,Bahrain,12700,714,0,13400,month
2025-10-01,Belgium,22,829,114,965,month
2025-10-01,Brazil,0,9800,0,9800,month
2025-10-01,Canada,143000,11400,32900,187000,month
2025-10-01,China,0,16700,14,16800,month
2025-10-01,Colombia,0,185,621,806,month
2025-10-01,Ecuador,0,1290,38,1330,month
2025-10-01,France,862,597,28,1490,month
2025-10-01,Germany,41,1310,109,1460,month
2025-10-01,Greece,0,4190,4,4190,month
2025-10-01,Guatemala,0,0,149,149,month
2025-10-01,Honduras,0,376,269,645,month
2025-10-01,India,1950,681,0,2630,month
2025-10-01,Indonesia,0,1840,0,1840,month
2025-10-01,Italy,1,923,0,924,month
2025-10-01,Japan,0,916,22,937,month
2025-10-01,"Korea, Republic of",783,19900,1420,22100,month
2025-10-01,Malaysia,5,344,1,349,month
2025-10-01,Mexico,93,3320,17900,21300,month
2025-10-01,New Zealand,171,0,50,221,month
2025-10-01,Norway,0,592,0,592,month
2025-10-01,Oman,0,653,0,653,month
2025-10-01,Other,128,7510,809,8450,month
2025-10-01,Panama,0,0,107,107,month
2025-10-01,Poland,0,255,11,267,month
2025-10-01,Qatar,1700,0,0,1700,month
2025-10-01,Romania,0,257,0,257,month
2025-10-01,Saudi Arabia,0,4290,0,4290,month
2025-10-01,South Africa,0,2760,0,2760,month
2025-10-01,Spain,53,550,0,603,month
2025-10-01,Sweden,0,1420,0,1420,month
2025-10-01,Thailand,173,3090,6,3260,month
2025-10-01,Total,208000,104000,54600,367000,month
2025-10-01,Turkey,40,1790,0,1830,month
2025-10-01,United Arab Emirates,33600,141,0,33800,month
2025-10-01,United Kingdom,327,1260,0,1590,month
2025-10-01,Vietnam,0,1900,0,1900,month
2025-11-01,Argentina,11500,0,0,11500,month
2025-11-01,Australia,7440,36,0,7480,month
2025-11-01,Austria,0,3640,19,3660,month
2025-11-01,Azerbaijan,0,12,0,12,month
2025-11-01,Bahrain,14200,322,0,14500,month
2025-11-01,Belgium,0,2060,0,2060,month
2025-11-01,Brazil,0,1920,0,1920,month
2025-11-01,Canada,144000,8490,31000,184000,month
2025-11-01,China,3,19100,97,19200,month
2025-11-01,Colombia,0,350,671,1020,month
2025-11-01,Ecuador,0,1120,76,1200,month
2025-11-01,France,954,262,18,1230,month
2025-11-01,Germany,0,2760,175,2930,month
2025-11-01,Greece,0,3390,0,3390,month
2025-11-01,Guatemala,0,0,88,88,month
2025-11-01,Honduras,0,258,612,870,month
2025-11-01,India,2320,465,0,2790,month
2025-11-01,Indonesia,0,1670,0,1670,month
2025-11-01,Italy,1,1010,29,1040,month
2025-11-01,Japan,0,1800,0,1800,month
2025-11-01,"Korea, Republic of",755,19200,1000,20900,month
2025-11-01,Malaysia,4,650,0,654,month
2025-11-01,Mexico,121,2830,13500,16500,month
2025-11-01,New Zealand,0,0,0,0,month
2025-11-01,Norway,19,467,0,487,month
2025-11-01,Oman,0,2460,0,2460,month
2025-11-01,Other,20,10000,987,11000,month
2025-11-01,Panama,0,0,56,56,month
2025-11-01,Poland,0,314,0,314,month
2025-11-01,Qatar,0,1,0,1,month
2025-11-01,Romania,0,103,0,103,month
2025-11-01,Saudi Arabia,0,7700,0,7700,month
2025-11-01,South Africa,0,2570,0,2570,month
2025-11-01,Spain,63,1270,44,1380,month
2025-11-01,Sweden,0,1800,0,1800,month
2025-11-01,Thailand,173,2400,110,2690,month
2025-11-01,Total,208000,106000,48600,362000,month
2025-11-01,Turkey,10,1380,0,1390,month
2025-11-01,United Arab Emirates,25600,231,183,26000,month
2025-11-01,United Kingdom,0,1200,0,1200,month
2025-11-01,Vietnam,0,2700,0,2700,month
2025-12-01,Argentina,15300,5,0,15300,month
2025-12-01,Australia,4660,26,0,4690,month
2025-12-01,Austria,0,2950,0,2950,month
2025-12-01,Azerbaijan,0,607,0,607,month
2025-12-01,Bahrain,8760,413,0,9180,month
2025-12-01,Belgium,20,4270,18,4310,month
2025-12-01,Brazil,0,5690,0,5690,month
2025-12-01,Canada,153000,7940,40400,201000,month
2025-12-01,China,27,11500,36,11500,month
2025-12-01,Colombia,0,155,606,762,month
2025-12-01,Ecuador,0,1340,85,1430,month
2025-12-01,France,2590,1380,6,3980,month
2025-12-01,Germany,18,4820,175,5010,month
2025-12-01,Greece,0,2820,4,2820,month
2025-12-01,Guatemala,0,0,205,205,month
2025-12-01,Honduras,0,424,1260,1690,month
2025-12-01,India,7140,800,0,7940,month
2025-12-01,Indonesia,2000,1920,0,3920,month
2025-12-01,Italy,0,1210,0,1210,month
2025-12-01,Japan,0,842,8,849,month
2025-12-01,"Korea, Republic of",817,21200,1100,23100,month
2025-12-01,Malaysia,2,712,3,718,month
2025-12-01,Mexico,79,2540,15300,18000,month
2025-12-01,New Zealand,256,0,0,256,month
2025-12-01,Norway,0,327,0,327,month
2025-12-01,Oman,0,2930,0,2930,month
2025-12-01,Other,31,10100,1290,11400,month
2025-12-01,Panama,0,0,78,78,month
2025-12-01,Poland,0,131,0,131,month
2025-12-01,Qatar,3000,0,0,3000,month
2025-12-01,Romania,0,294,0,294,month
2025-12-01,Saudi Arabia,0,4060,259,4320,month
2025-12-01,South Africa,0,2510,0,2510,month
2025-12-01,Spain,77,1060,19,1150,month
2025-12-01,Sweden,0,1130,0,1130,month
2025-12-01,Thailand,225,2540,168,2930,month
2025-12-01,Total,219000,105000,61400,385000,month
2025-12-01,Turkey,0,1850,0,1850,month
2025-12-01,United Arab Emirates,21300,381,270,21900,month
2025-12-01,United Kingdom,0,1040,0,1040,month
2025-12-01,Vietnam,0,2960,0,2960,month
2026-01-01,Argentina,12300,0,0,12300,month
2026-01-01,Australia,9740,32,112,9880,month
2026-01-01,Austria,0,2390,0,2390,month
2026-01-01,Azerbaijan,0,255,0,255,month
2026-01-01,Bahrain,8850,581,0,9430,month
2026-01-01,Belgium,0,3770,0,3770,month
2026-01-01,Brazil,200,6990,0,7190,month
2026-01-01,Canada,166000,9170,45500,221000,month
2026-01-01,China,2,16200,1,16200,month
2026-01-01,Colombia,0,100,300,400,month
2026-01-01,Ecuador,0,1210,20,1230,month
2026-01-01,France,789,2960,5,3750,month
2026-01-01,Germany,34,4530,103,4670,month
2026-01-01,Greece,0,3330,1,3330,month
2026-01-01,Guatemala,0,0,142,142,month
2026-01-01,Honduras,0,619,527,1150,month
2026-01-01,India,14100,1420,0,15500,month
2026-01-01,Indonesia,1350,1710,0,3060,month
2026-01-01,Italy,0,926,9,934,month
2026-01-01,Japan,0,1370,0,1370,month
2026-01-01,"Korea, Republic of",1420,33000,1380,35800,month
2026-01-01,Malaysia,3,415,19,437,month
2026-01-01,Mexico,258,2870,16700,19900,month
2026-01-01,New Zealand,720,0,0,720,month
2026-01-01,Norway,0,302,0,302,month
2026-01-01,Oman,214,3270,0,3480,month
2026-01-01,Other,123,7640,1980,9740,month
2026-01-01,Panama,0,0,102,102,month
2026-01-01,Poland,0,232,0,232,month
2026-01-01,Qatar,5080,29,0,5110,month
2026-01-01,Romania,0,236,0,236,month
2026-01-01,Saudi Arabia,0,1430,78,1510,month
2026-01-01,South Africa,1240,3490,0,4730,month
2026-01-01,Spain,33,894,93,1020,month
2026-01-01,Sweden,0,1460,0,1460,month
2026-01-01,Thailand,220,6420,70,6710,month
2026-01-01,Total,267000,124000,67600,459000,month
2026-01-01,Turkey,0,1600,0,1600,month
2026-01-01,United Arab Emirates,44500,410,489,45400,month
2026-01-01,United Kingdom,23,1050,0,1080,month
2026-01-01,Vietnam,0,1940,0,1940,month
2026-02-01,Argentina,11300,0,0,11300,month
2026-02-01,Australia,9010,2,565,9580,month
2026-02-01,Austria,2,3010,0,3020,month
2026-02-01,Azerbaijan,0,382,0,382,month
2026-02-01,Bahrain,2730,378,0,3110,month
2026-02-01,Belgium,0,5150,0,5150,month
2026-02-01,Brazil,0,7920,18,7940,month
2026-02-01,Canada,151000,9570,49200,209000,month
2026-02-01,China,6,23000,33,23000,month
2026-02-01,Colombia,0,154,1420,1570,month
2026-02-01,Ecuador,0,1120,27,1150,month
2026-02-01,France,512,2640,3,3160,month
2026-02-01,Germany,0,7390,177,7560,month
2026-02-01,Greece,0,3640,0,3640,month
2026-02-01,Guatemala,0,42,272,315,month
2026-02-01,Honduras,0,531,187,718,month
2026-02-01,India,18200,1190,39,19500,month
2026-02-01,Indonesia,0,1530,0,1530,month
2026-02-01,Italy,0,925,67,992,month
2026-02-01,Japan,0,735,11,746,month
2026-02-01,"Korea, Republic of",956,29200,1810,32000,month
2026-02-01,Malaysia,6,580,0,586,month
2026-02-01,Mexico,218,2480,26000,28700,month
2026-02-01,New Zealand,8,0,96,105,month
2026-02-01,Norway,0,529,0,529,month
2026-02-01,Oman,480,2620,0,3100,month
2026-02-01,Other,47,2170,2740,4960,month
2026-02-01,Panama,0,0,282,282,month
2026-02-01,Poland,0,130,0,130,month
2026-02-01,Qatar,1400,0,0,1400,month
2026-02-01,Romania,0,414,0,414,month
2026-02-01,Saudi Arabia,0,2860,537,3400,month
2026-02-01,South Africa,0,5150,0,5160,month
2026-02-01,Spain,113,752,0,865,month
2026-02-01,Sweden,0,2000,0,2000,month
2026-02-01,Switzerland,0,6840,0,6840,month
2026-02-01,Thailand,87,1910,249,2240,month
2026-02-01,Total,232000,132000,86400,451000,month
2026-02-01,Turkey,0,2050,673,2720,month
2026-02-01,United Arab Emirates,35800,310,1010,37100,month
2026-02-01,United Kingdom,628,1200,1030,2860,month
2026-02-01,Vietnam,0,1850,0,1850,month
2026-03-01,Argentina,16800,0,0,16800,month
2026-03-01,Australia,7530,20,566,8110,month
2026-03-01,Austria,0,3440,0,3440,month
2026-03-01,Azerbaijan,0,1800,0,1800,month
2026-03-01,Bahrain,14300,221,0,14500,month
2026-03-01,Belgium,19,4740,0,4760,month
2026-03-01,Brazil,0,10600,81,10700,month
2026-03-01,Canada,170000,11600,63000,245000,month
2026-03-01,China,21,30600,110,30700,month
2026-03-01,Colombia,0,274,2020,2290,month
2026-03-01,Ecuador,0,897,96,993,month
2026-03-01,France,736,3250,5,4000,month
2026-03-01,Germany,56,16000,317,16300,month
2026-03-01,Greece,0,3860,1,3860,month
2026-03-01,Guatemala,0,32,356,388,month
2026-03-01,Honduras,0,719,461,1180,month
2026-03-01,India,19500,1760,0,21200,month
2026-03-01,Indonesia,1300,1620,0,2920,month
2026-03-01,Italy,0,1280,0,1280,month
2026-03-01,Japan,0,1150,28,1180,month
2026-03-01,"Korea, Republic of",809,32900,1360,35000,month
2026-03-01,Malaysia,10,1300,1,1310,month
2026-03-01,Mexico,162,2860,30300,33300,month
2026-03-01,New Zealand,117,0,24,141,month
2026-03-01,Norway,19,339,0,358,month
2026-03-01,Oman,3430,883,0,4310,month
2026-03-01,Other,64,2880,3050,5990,month
2026-03-01,Panama,0,0,417,417,month
2026-03-01,Poland,0,173,0,173,month
2026-03-01,Qatar,3560,1,0,3560,month
2026-03-01,Romania,0,339,0,339,month
2026-03-01,Saudi Arabia,0,6870,501,7370,month
2026-03-01,South Africa,3330,2210,0,5530,month
2026-03-01,Spain,102,1830,0,1930,month
2026-03-01,Sweden,0,1180,0,1180,month
2026-03-01,Switzerland,0,6760,0,6760,month
2026-03-01,Thailand,87,4600,516,5200,month
2026-03-01,Total,323000,166000,107000,596000,month
2026-03-01,Turkey,164,2000,323,2480,month
2026-03-01,United Arab Emirates,79400,30,1660,81000,month
2026-03-01,United Kingdom,1650,1960,1620,5230,month
2026-03-01,Vietnam,0,3240,0,3240,month
2026-04-01,Argentina,6560,8,0,6560,month
2026-04-01,Australia,9980,8,330,10300,month
2026-04-01,Austria,0,3670,0,3670,month
2026-04-01,Azerbaijan,0,1230,0,1230,month
2026-04-01,Bahrain,5230,772,0,6000,month
2026-04-01,Belgium,0,4440,0,4440,month
2026-04-01,Brazil,0,8500,161,8660,month
2026-04-01,Canada,151000,12000,66400,229000,month
2026-04-01,China,2,24300,21,24300,month
2026-04-01,Colombia,0,243,2440,2680,month
2026-04-01,Ecuador,0,1080,112,1190,month
2026-04-01,France,449,3440,3,3900,month
2026-04-01,Germany,22,10000,198,10300,month
2026-04-01,Greece,0,4270,2,4270,month
2026-04-01,Guatemala,0,0,270,270,month
2026-04-01,Honduras,0,943,185,1130,month
2026-04-01,India,13700,2480,63,16200,month
2026-04-01,Indonesia,0,1470,0,1470,month
2026-04-01,Italy,0,838,27,866,month
2026-04-01,Japan,1,1480,20,1510,month
2026-04-01,"Korea, Republic of",1130,37500,2550,41200,month
2026-04-01,Malaysia,4,698,18,720,month
2026-04-01,Mexico,120,2650,24000,26700,month
2026-04-01,New Zealand,712,0,25,738,month
2026-04-01,Norway,0,497,0,497,month
2026-04-01,Oman,3680,217,0,3890,month
2026-04-01,Other,298,3660,3750,7710,month
2026-04-01,Panama,0,0,364,364,month
2026-04-01,Poland,0,241,0,241,month
2026-04-01,Qatar,1340,1,0,1340,month
2026-04-01,Romania,0,88,0,88,month
2026-04-01,Saudi Arabia,0,3650,1020,4670,month
2026-04-01,South Africa,1750,4170,0,5930,month
2026-04-01,Spain,70,1730,22,1820,month
2026-04-01,Sweden,0,1670,0,1670,month
2026-04-01,Switzerland,0,5430,0,5430,month
2026-04-01,Thailand,129,5210,397,5740,month
2026-04-01,Total,230000,156000,106000,491000,month
2026-04-01,Turkey,0,2000,955,2960,month
2026-04-01,United Arab Emirates,33300,337,919,34500,month
2026-04-01,United Kingdom,592,1920,1740,4250,month
2026-04-01,Vietnam,0,2820,0,2820,month
2026-05-01,Argentina,25500,0,0,25500,month
2026-05-01,Australia,7150,0,328,7480,month
2026-05-01,Austria,0,4320,0,4320,month
2026-05-01,Azerbaijan,0,531,0,531,month
2026-05-01,Bahrain,1800,579,0,2380,month
2026-05-01,Belgium,0,3450,0,3450,month
2026-05-01,Brazil,25,8270,68,8370,month
2026-05-01,Canada,138000,12300,69800,220000,month
2026-05-01,China,26,40300,46,40300,month
2026-05-01,Colombia,0,216,1690,1900,month
2026-05-01,Ecuador,0,1040,45,1080,month
2026-05-01,France,369,1580,5,1950,month
2026-05-01,Germany,20,12500,217,12700,month
2026-05-01,Greece,0,2700,3,2700,month
2026-05-01,Guatemala,0,0,223,223,month
2026-05-01,Honduras,0,773,603,1380,month
2026-05-01,India,14700,2390,84,17100,month
2026-05-01,Indonesia,505,1560,0,2070,month
2026-05-01,Italy,0,1120,47,1170,month
2026-05-01,Japan,0,2100,64,2170,month
2026-05-01,"Korea, Republic of",1880,32800,4560,39300,month
2026-05-01,Malaysia,6,537,102,644,month
2026-05-01,Mexico,220,2490,24300,27000,month
2026-05-01,New Zealand,80,0,281,361,month
2026-05-01,Norway,0,580,0,580,month
2026-05-01,Oman,2890,3920,0,6810,month
2026-05-01,Other,192,4000,3080,7270,month
2026-05-01,Panama,0,0,291,291,month
2026-05-01,Poland,1,236,0,238,month
2026-05-01,Qatar,1260,19,0,1270,month
2026-05-01,Romania,0,204,0,204,month
2026-05-01,Saudi Arabia,0,1360,806,2170,month
2026-05-01,South Africa,1990,2270,0,4260,month
2026-05-01,Spain,80,1280,210,1570,month
2026-05-01,Sweden,0,1750,0,1750,month
2026-05-01,Switzerland,0,7380,0,7380,month
2026-05-01,Thailand,262,6050,763,7080,month
2026-05-01,Total,214000,169000,110000,493000,month
2026-05-01,Turkey,0,2540,598,3130,month
2026-05-01,United Arab Emirates,15800,306,159,16300,month
2026-05-01,United Kingdom,1720,2730,1510,5950,month
2026-05-01,Vietnam,0,2740,0,2740,month
2026-06-01,Argentina,13500,68,0,13600,month
2026-06-01,Australia,6660,11,1040,7710,month
2026-06-01,Austria,0,4610,0,4610,month
2026-06-01,Azerbaijan,0,1320,0,1320,month
2026-06-01,Bahrain,2270,1240,0,3510,month
2026-06-01,Belgium,19,2530,0,2550,month
2026-06-01,Brazil,0,5260,124,5380,month
2026-06-01,Canada,129000,12500,70900,212000,month
2026-06-01,China,67,25000,388,25400,month
2026-06-01,Colombia,0,197,1700,1900,month
2026-06-01,Ecuador,0,1170,148,1320,month
2026-06-01,France,707,2120,3,2830,month
2026-06-01,Germany,20,9860,175,10100,month
2026-06-01,Greece,0,3350,1,3350,month
2026-06-01,Guatemala,0,0,173,173,month
2026-06-01,Honduras,0,728,155,883,month
2026-06-01,India,13200,2560,95,15900,month
2026-06-01,Indonesia,1320,1730,0,3060,month
2026-06-01,Italy,1,1080,87,1170,month
2026-06-01,Japan,0,1330,145,1470,month
2026-06-01,"Korea, Republic of",2310,36600,1680,40600,month
2026-06-01,Malaysia,3,1120,188,1310,month
2026-06-01,Mexico,160,2550,29200,31900,month
2026-06-01,New Zealand,1190,0,391,1580,month
2026-06-01,Norway,0,1270,0,1270,month
2026-06-01,Oman,2970,3300,0,6270,month
2026-06-01,Other,196,3820,3320,7330,month
2026-06-01,Panama,0,0,156,156,month
2026-06-01,Poland,0,262,0,262,month
2026-06-01,Qatar,75,0,0,75,month
2026-06-01,Romania,0,219,0,219,month
2026-06-01,Saudi Arabia,0,3470,727,4200,month
2026-06-01,South Africa,3010,2630,0,5640,month
2026-06-01,Spain,160,937,0,1100,month
2026-06-01,Sweden,0,1260,0,1260,month
2026-06-01,Switzerland,633,2930,0,3560,month
2026-06-01,Thailand,436,6580,727,7750,month
2026-06-01,Total,203000,150000,113000,465000,month
2026-06-01,Turkey,0,1380,101,1480,month
2026-06-01,United Arab Emirates,22500,9,333,22800,month
2026-06-01,United Kingdom,2040,2100,1190,5330,month
2026-06-01,Vietnam,0,2570,0,2570,month
